profile;month;day_type;interval;value_kwh_per_1m_kwh
H25;1;SA;00:00-00:15;22.152
H25;1;SA;00:15-00:30;20.809
H25;1;SA;00:30-00:45;19.757
H25;1;SA;00:45-01:00;18.889
H25;1;SA;01:00-01:15;18.217
H25;1;SA;01:15-01:30;17.53
H25;1;SA;01:30-01:45;16.988
H25;1;SA;01:45-02:00;16.399
H25;1;SA;02:00-02:15;16.199
H25;1;SA;02:15-02:30;15.893
H25;1;SA;02:30-02:45;15.66
H25;1;SA;02:45-03:00;15.442
H25;1;SA;03:00-03:15;15.398
H25;1;SA;03:15-03:30;15.219
H25;1;SA;03:30-03:45;15.102
H25;1;SA;03:45-04:00;15.029
H25;1;SA;04:00-04:15;15.19
H25;1;SA;04:15-04:30;15.066
H25;1;SA;04:30-04:45;15.097
H25;1;SA;04:45-05:00;15.312
H25;1;SA;05:00-05:15;15.366
H25;1;SA;05:15-05:30;15.192
H25;1;SA;05:30-05:45;15.338
H25;1;SA;05:45-06:00;15.819
H25;1;SA;06:00-06:15;16.806
H25;1;SA;06:15-06:30;17.632
H25;1;SA;06:30-06:45;18.582
H25;1;SA;06:45-07:00;19.477
H25;1;SA;07:00-07:15;21.015
H25;1;SA;07:15-07:30;22.34
H25;1;SA;07:30-07:45;23.947
H25;1;SA;07:45-08:00;25.491
H25;1;SA;08:00-08:15;26.837
H25;1;SA;08:15-08:30;28.317
H25;1;SA;08:30-08:45;29.179
H25;1;SA;08:45-09:00;30.038
H25;1;SA;09:00-09:15;30.834
H25;1;SA;09:15-09:30;31.737
H25;1;SA;09:30-09:45;32.301
H25;1;SA;09:45-10:00;32.771
H25;1;SA;10:00-10:15;33.451
H25;1;SA;10:15-10:30;34.172
H25;1;SA;10:30-10:45;34.721
H25;1;SA;10:45-11:00;35.472
H25;1;SA;11:00-11:15;36.638
H25;1;SA;11:15-11:30;37.602
H25;1;SA;11:30-11:45;38.463
H25;1;SA;11:45-12:00;38.883
H25;1;SA;12:00-12:15;38.394
H25;1;SA;12:15-12:30;37.981
H25;1;SA;12:30-12:45;37.549
H25;1;SA;12:45-13:00;37.194
H25;1;SA;13:00-13:15;36.759
H25;1;SA;13:15-13:30;36.299
H25;1;SA;13:30-13:45;36.095
H25;1;SA;13:45-14:00;35.686
H25;1;SA;14:00-14:15;35.325
H25;1;SA;14:15-14:30;35.331
H25;1;SA;14:30-14:45;35.305
H25;1;SA;14:45-15:00;35.132
H25;1;SA;15:00-15:15;35.158
H25;1;SA;15:15-15:30;35.179
H25;1;SA;15:30-15:45;35.203
H25;1;SA;15:45-16:00;35.45
H25;1;SA;16:00-16:15;36.116
H25;1;SA;16:15-16:30;36.902
H25;1;SA;16:30-16:45;37.761
H25;1;SA;16:45-17:00;38.927
H25;1;SA;17:00-17:15;40.646
H25;1;SA;17:15-17:30;42.11
H25;1;SA;17:30-17:45;43.119
H25;1;SA;17:45-18:00;43.955
H25;1;SA;18:00-18:15;44.419
H25;1;SA;18:15-18:30;44.443
H25;1;SA;18:30-18:45;44.085
H25;1;SA;18:45-19:00;43.524
H25;1;SA;19:00-19:15;42.928
H25;1;SA;19:15-19:30;42.06
H25;1;SA;19:30-19:45;41.173
H25;1;SA;19:45-20:00;40.164
H25;1;SA;20:00-20:15;39.182
H25;1;SA;20:15-20:30;37.781
H25;1;SA;20:30-20:45;36.282
H25;1;SA;20:45-21:00;35.381
H25;1;SA;21:00-21:15;34.692
H25;1;SA;21:15-21:30;33.815
H25;1;SA;21:30-21:45;32.837
H25;1;SA;21:45-22:00;32.768
H25;1;SA;22:00-22:15;32.678
H25;1;SA;22:15-22:30;31.368
H25;1;SA;22:30-22:45;30.28
H25;1;SA;22:45-23:00;28.952
H25;1;SA;23:00-23:15;27.554
H25;1;SA;23:15-23:30;26.256
H25;1;SA;23:30-23:45;25.052
H25;1;SA;23:45-00:00;23.942
H25;1;FT;00:00-00:15;23.148
H25;1;FT;00:15-00:30;21.985
H25;1;FT;00:30-00:45;21.147
H25;1;FT;00:45-01:00;20.385
H25;1;FT;01:00-01:15;19.65
H25;1;FT;01:15-01:30;18.998
H25;1;FT;01:30-01:45;18.366
H25;1;FT;01:45-02:00;17.667
H25;1;FT;02:00-02:15;17.458
H25;1;FT;02:15-02:30;17.009
H25;1;FT;02:30-02:45;16.678
H25;1;FT;02:45-03:00;16.363
H25;1;FT;03:00-03:15;16.273
H25;1;FT;03:15-03:30;16.054
H25;1;FT;03:30-03:45;15.836
H25;1;FT;03:45-04:00;15.633
H25;1;FT;04:00-04:15;15.587
H25;1;FT;04:15-04:30;15.41
H25;1;FT;04:30-04:45;15.451
H25;1;FT;04:45-05:00;15.711
H25;1;FT;05:00-05:15;15.734
H25;1;FT;05:15-05:30;15.488
H25;1;FT;05:30-05:45;15.586
H25;1;FT;05:45-06:00;15.829
H25;1;FT;06:00-06:15;16.479
H25;1;FT;06:15-06:30;17.096
H25;1;FT;06:30-06:45;17.725
H25;1;FT;06:45-07:00;18.318
H25;1;FT;07:00-07:15;19.524
H25;1;FT;07:15-07:30;20.477
H25;1;FT;07:30-07:45;21.807
H25;1;FT;07:45-08:00;23.378
H25;1;FT;08:00-08:15;24.845
H25;1;FT;08:15-08:30;26.51
H25;1;FT;08:30-08:45;27.711
H25;1;FT;08:45-09:00;29.097
H25;1;FT;09:00-09:15;30.411
H25;1;FT;09:15-09:30;31.831
H25;1;FT;09:30-09:45;33.055
H25;1;FT;09:45-10:00;34.138
H25;1;FT;10:00-10:15;35.27
H25;1;FT;10:15-10:30;36.411
H25;1;FT;10:30-10:45;37.509
H25;1;FT;10:45-11:00;38.639
H25;1;FT;11:00-11:15;40.229
H25;1;FT;11:15-11:30;41.956
H25;1;FT;11:30-11:45;43.102
H25;1;FT;11:45-12:00;43.267
H25;1;FT;12:00-12:15;42.412
H25;1;FT;12:15-12:30;41.629
H25;1;FT;12:30-12:45;40.929
H25;1;FT;12:45-13:00;40.234
H25;1;FT;13:00-13:15;39.285
H25;1;FT;13:15-13:30;38.454
H25;1;FT;13:30-13:45;37.916
H25;1;FT;13:45-14:00;37.256
H25;1;FT;14:00-14:15;36.62
H25;1;FT;14:15-14:30;36.248
H25;1;FT;14:30-14:45;35.975
H25;1;FT;14:45-15:00;35.742
H25;1;FT;15:00-15:15;35.661
H25;1;FT;15:15-15:30;35.535
H25;1;FT;15:30-15:45;35.443
H25;1;FT;15:45-16:00;35.51
H25;1;FT;16:00-16:15;35.971
H25;1;FT;16:15-16:30;36.601
H25;1;FT;16:30-16:45;37.744
H25;1;FT;16:45-17:00;39.18
H25;1;FT;17:00-17:15;41.049
H25;1;FT;17:15-17:30;42.745
H25;1;FT;17:30-17:45;43.824
H25;1;FT;17:45-18:00;44.772
H25;1;FT;18:00-18:15;45.425
H25;1;FT;18:15-18:30;45.408
H25;1;FT;18:30-18:45;44.996
H25;1;FT;18:45-19:00;44.516
H25;1;FT;19:00-19:15;43.908
H25;1;FT;19:15-19:30;43.029
H25;1;FT;19:30-19:45;42.104
H25;1;FT;19:45-20:00;41.284
H25;1;FT;20:00-20:15;40.326
H25;1;FT;20:15-20:30;38.78
H25;1;FT;20:30-20:45;37.117
H25;1;FT;20:45-21:00;35.866
H25;1;FT;21:00-21:15;34.922
H25;1;FT;21:15-21:30;33.772
H25;1;FT;21:30-21:45;32.722
H25;1;FT;21:45-22:00;32.514
H25;1;FT;22:00-22:15;31.952
H25;1;FT;22:15-22:30;30.218
H25;1;FT;22:30-22:45;28.724
H25;1;FT;22:45-23:00;27.29
H25;1;FT;23:00-23:15;25.946
H25;1;FT;23:15-23:30;24.485
H25;1;FT;23:30-23:45;23.093
H25;1;FT;23:45-00:00;21.67
H25;1;WT;00:00-00:15;20.126
H25;1;WT;00:15-00:30;18.915
H25;1;WT;00:30-00:45;17.959
H25;1;WT;00:45-01:00;17.202
H25;1;WT;01:00-01:15;16.612
H25;1;WT;01:15-01:30;16.077
H25;1;WT;01:30-01:45;15.796
H25;1;WT;01:45-02:00;15.3
H25;1;WT;02:00-02:15;15.287
H25;1;WT;02:15-02:30;15.143
H25;1;WT;02:30-02:45;15.025
H25;1;WT;02:45-03:00;14.934
H25;1;WT;03:00-03:15;15.018
H25;1;WT;03:15-03:30;14.938
H25;1;WT;03:30-03:45;14.943
H25;1;WT;03:45-04:00;14.958
H25;1;WT;04:00-04:15;15.216
H25;1;WT;04:15-04:30;15.368
H25;1;WT;04:30-04:45;15.674
H25;1;WT;04:45-05:00;16.221
H25;1;WT;05:00-05:15;16.82
H25;1;WT;05:15-05:30;17.16
H25;1;WT;05:30-05:45;18.039
H25;1;WT;05:45-06:00;19.089
H25;1;WT;06:00-06:15;20.971
H25;1;WT;06:15-06:30;22.609
H25;1;WT;06:30-06:45;23.816
H25;1;WT;06:45-07:00;24.573
H25;1;WT;07:00-07:15;25.042
H25;1;WT;07:15-07:30;25.241
H25;1;WT;07:30-07:45;25.078
H25;1;WT;07:45-08:00;24.63
H25;1;WT;08:00-08:15;23.976
H25;1;WT;08:15-08:30;23.848
H25;1;WT;08:30-08:45;23.238
H25;1;WT;08:45-09:00;22.944
H25;1;WT;09:00-09:15;22.673
H25;1;WT;09:15-09:30;22.767
H25;1;WT;09:30-09:45;22.682
H25;1;WT;09:45-10:00;22.658
H25;1;WT;10:00-10:15;22.558
H25;1;WT;10:15-10:30;22.69
H25;1;WT;10:30-10:45;22.964
H25;1;WT;10:45-11:00;23.42
H25;1;WT;11:00-11:15;24.061
H25;1;WT;11:15-11:30;24.863
H25;1;WT;11:30-11:45;25.576
H25;1;WT;11:45-12:00;25.998
H25;1;WT;12:00-12:15;26.174
H25;1;WT;12:15-12:30;26.229
H25;1;WT;12:30-12:45;26.313
H25;1;WT;12:45-13:00;26.255
H25;1;WT;13:00-13:15;26.138
H25;1;WT;13:15-13:30;26.006
H25;1;WT;13:30-13:45;26.094
H25;1;WT;13:45-14:00;25.821
H25;1;WT;14:00-14:15;25.455
H25;1;WT;14:15-14:30;25.443
H25;1;WT;14:30-14:45;25.311
H25;1;WT;14:45-15:00;25.408
H25;1;WT;15:00-15:15;25.858
H25;1;WT;15:15-15:30;25.975
H25;1;WT;15:30-15:45;26.285
H25;1;WT;15:45-16:00;26.865
H25;1;WT;16:00-16:15;28.065
H25;1;WT;16:15-16:30;29.198
H25;1;WT;16:30-16:45;30.509
H25;1;WT;16:45-17:00;32.156
H25;1;WT;17:00-17:15;34.769
H25;1;WT;17:15-17:30;36.779
H25;1;WT;17:30-17:45;38.382
H25;1;WT;17:45-18:00;39.899
H25;1;WT;18:00-18:15;40.96
H25;1;WT;18:15-18:30;41.542
H25;1;WT;18:30-18:45;41.918
H25;1;WT;18:45-19:00;42.12
H25;1;WT;19:00-19:15;41.957
H25;1;WT;19:15-19:30;41.543
H25;1;WT;19:30-19:45;41.007
H25;1;WT;19:45-20:00;40.382
H25;1;WT;20:00-20:15;39.532
H25;1;WT;20:15-20:30;38.319
H25;1;WT;20:30-20:45;36.864
H25;1;WT;20:45-21:00;35.746
H25;1;WT;21:00-21:15;34.904
H25;1;WT;21:15-21:30;33.979
H25;1;WT;21:30-21:45;32.907
H25;1;WT;21:45-22:00;32.539
H25;1;WT;22:00-22:15;32.068
H25;1;WT;22:15-22:30;30.435
H25;1;WT;22:30-22:45;28.895
H25;1;WT;22:45-23:00;27.388
H25;1;WT;23:00-23:15;26.006
H25;1;WT;23:15-23:30;24.477
H25;1;WT;23:30-23:45;23.115
H25;1;WT;23:45-00:00;21.764
H25;2;SA;00:00-00:15;22.247
H25;2;SA;00:15-00:30;20.913
H25;2;SA;00:30-00:45;20.014
H25;2;SA;00:45-01:00;19.23
H25;2;SA;01:00-01:15;18.547
H25;2;SA;01:15-01:30;17.91
H25;2;SA;01:30-01:45;17.457
H25;2;SA;01:45-02:00;16.879
H25;2;SA;02:00-02:15;16.723
H25;2;SA;02:15-02:30;16.461
H25;2;SA;02:30-02:45;16.292
H25;2;SA;02:45-03:00;16.124
H25;2;SA;03:00-03:15;16.131
H25;2;SA;03:15-03:30;16.001
H25;2;SA;03:30-03:45;15.955
H25;2;SA;03:45-04:00;15.896
H25;2;SA;04:00-04:15;16.055
H25;2;SA;04:15-04:30;16
H25;2;SA;04:30-04:45;16.029
H25;2;SA;04:45-05:00;16.319
H25;2;SA;05:00-05:15;16.316
H25;2;SA;05:15-05:30;16.189
H25;2;SA;05:30-05:45;16.318
H25;2;SA;05:45-06:00;16.83
H25;2;SA;06:00-06:15;17.853
H25;2;SA;06:15-06:30;18.696
H25;2;SA;06:30-06:45;19.843
H25;2;SA;06:45-07:00;20.779
H25;2;SA;07:00-07:15;22.409
H25;2;SA;07:15-07:30;23.933
H25;2;SA;07:30-07:45;25.589
H25;2;SA;07:45-08:00;27.305
H25;2;SA;08:00-08:15;28.918
H25;2;SA;08:15-08:30;30.249
H25;2;SA;08:30-08:45;30.952
H25;2;SA;08:45-09:00;31.521
H25;2;SA;09:00-09:15;32.089
H25;2;SA;09:15-09:30;32.844
H25;2;SA;09:30-09:45;33.29
H25;2;SA;09:45-10:00;33.821
H25;2;SA;10:00-10:15;34.244
H25;2;SA;10:15-10:30;34.756
H25;2;SA;10:30-10:45;35.179
H25;2;SA;10:45-11:00;35.682
H25;2;SA;11:00-11:15;36.633
H25;2;SA;11:15-11:30;37.44
H25;2;SA;11:30-11:45;38.26
H25;2;SA;11:45-12:00;38.45
H25;2;SA;12:00-12:15;37.755
H25;2;SA;12:15-12:30;37.162
H25;2;SA;12:30-12:45;36.506
H25;2;SA;12:45-13:00;35.998
H25;2;SA;13:00-13:15;35.484
H25;2;SA;13:15-13:30;35.145
H25;2;SA;13:30-13:45;34.935
H25;2;SA;13:45-14:00;34.301
H25;2;SA;14:00-14:15;33.945
H25;2;SA;14:15-14:30;33.714
H25;2;SA;14:30-14:45;33.627
H25;2;SA;14:45-15:00;33.553
H25;2;SA;15:00-15:15;33.571
H25;2;SA;15:15-15:30;33.669
H25;2;SA;15:30-15:45;33.588
H25;2;SA;15:45-16:00;33.535
H25;2;SA;16:00-16:15;33.829
H25;2;SA;16:15-16:30;34.278
H25;2;SA;16:30-16:45;34.786
H25;2;SA;16:45-17:00;35.537
H25;2;SA;17:00-17:15;36.862
H25;2;SA;17:15-17:30;38.272
H25;2;SA;17:30-17:45;39.983
H25;2;SA;17:45-18:00;41.944
H25;2;SA;18:00-18:15;43.379
H25;2;SA;18:15-18:30;44.369
H25;2;SA;18:30-18:45;44.427
H25;2;SA;18:45-19:00;43.993
H25;2;SA;19:00-19:15;43.492
H25;2;SA;19:15-19:30;42.616
H25;2;SA;19:30-19:45;41.705
H25;2;SA;19:45-20:00;40.702
H25;2;SA;20:00-20:15;39.696
H25;2;SA;20:15-20:30;38.354
H25;2;SA;20:30-20:45;36.831
H25;2;SA;20:45-21:00;35.855
H25;2;SA;21:00-21:15;35.117
H25;2;SA;21:15-21:30;34.242
H25;2;SA;21:30-21:45;33.268
H25;2;SA;21:45-22:00;33.073
H25;2;SA;22:00-22:15;32.964
H25;2;SA;22:15-22:30;31.638
H25;2;SA;22:30-22:45;30.534
H25;2;SA;22:45-23:00;29.122
H25;2;SA;23:00-23:15;27.753
H25;2;SA;23:15-23:30;26.461
H25;2;SA;23:30-23:45;25.252
H25;2;SA;23:45-00:00;24.174
H25;2;FT;00:00-00:15;23.03
H25;2;FT;00:15-00:30;21.688
H25;2;FT;00:30-00:45;20.821
H25;2;FT;00:45-01:00;20.06
H25;2;FT;01:00-01:15;19.356
H25;2;FT;01:15-01:30;18.708
H25;2;FT;01:30-01:45;18.112
H25;2;FT;01:45-02:00;17.474
H25;2;FT;02:00-02:15;17.413
H25;2;FT;02:15-02:30;17.088
H25;2;FT;02:30-02:45;16.829
H25;2;FT;02:45-03:00;16.648
H25;2;FT;03:00-03:15;16.613
H25;2;FT;03:15-03:30;16.487
H25;2;FT;03:30-03:45;16.328
H25;2;FT;03:45-04:00;16.214
H25;2;FT;04:00-04:15;16.231
H25;2;FT;04:15-04:30;16.08
H25;2;FT;04:30-04:45;16.161
H25;2;FT;04:45-05:00;16.556
H25;2;FT;05:00-05:15;16.616
H25;2;FT;05:15-05:30;16.403
H25;2;FT;05:30-05:45;16.554
H25;2;FT;05:45-06:00;16.878
H25;2;FT;06:00-06:15;17.584
H25;2;FT;06:15-06:30;18.324
H25;2;FT;06:30-06:45;19.174
H25;2;FT;06:45-07:00;19.951
H25;2;FT;07:00-07:15;21.397
H25;2;FT;07:15-07:30;22.701
H25;2;FT;07:30-07:45;24.679
H25;2;FT;07:45-08:00;26.66
H25;2;FT;08:00-08:15;28.564
H25;2;FT;08:15-08:30;30.392
H25;2;FT;08:30-08:45;31.606
H25;2;FT;08:45-09:00;32.882
H25;2;FT;09:00-09:15;34.004
H25;2;FT;09:15-09:30;35.386
H25;2;FT;09:30-09:45;36.527
H25;2;FT;09:45-10:00;37.512
H25;2;FT;10:00-10:15;38.359
H25;2;FT;10:15-10:30;39.382
H25;2;FT;10:30-10:45;40.243
H25;2;FT;10:45-11:00;41.256
H25;2;FT;11:00-11:15;42.744
H25;2;FT;11:15-11:30;44.122
H25;2;FT;11:30-11:45;44.96
H25;2;FT;11:45-12:00;44.797
H25;2;FT;12:00-12:15;43.398
H25;2;FT;12:15-12:30;42.366
H25;2;FT;12:30-12:45;41.088
H25;2;FT;12:45-13:00;39.928
H25;2;FT;13:00-13:15;38.624
H25;2;FT;13:15-13:30;37.744
H25;2;FT;13:30-13:45;37.059
H25;2;FT;13:45-14:00;36.247
H25;2;FT;14:00-14:15;35.544
H25;2;FT;14:15-14:30;35.033
H25;2;FT;14:30-14:45;34.699
H25;2;FT;14:45-15:00;34.295
H25;2;FT;15:00-15:15;34.063
H25;2;FT;15:15-15:30;33.785
H25;2;FT;15:30-15:45;33.547
H25;2;FT;15:45-16:00;33.457
H25;2;FT;16:00-16:15;33.589
H25;2;FT;16:15-16:30;33.93
H25;2;FT;16:30-16:45;34.605
H25;2;FT;16:45-17:00;35.583
H25;2;FT;17:00-17:15;36.984
H25;2;FT;17:15-17:30;38.764
H25;2;FT;17:30-17:45;40.531
H25;2;FT;17:45-18:00;42.578
H25;2;FT;18:00-18:15;44.502
H25;2;FT;18:15-18:30;45.56
H25;2;FT;18:30-18:45;45.793
H25;2;FT;18:45-19:00;45.703
H25;2;FT;19:00-19:15;44.974
H25;2;FT;19:15-19:30;44.086
H25;2;FT;19:30-19:45;43.093
H25;2;FT;19:45-20:00;42.191
H25;2;FT;20:00-20:15;41.22
H25;2;FT;20:15-20:30;39.523
H25;2;FT;20:30-20:45;37.758
H25;2;FT;20:45-21:00;36.342
H25;2;FT;21:00-21:15;35.355
H25;2;FT;21:15-21:30;34.186
H25;2;FT;21:30-21:45;33.043
H25;2;FT;21:45-22:00;32.766
H25;2;FT;22:00-22:15;32.038
H25;2;FT;22:15-22:30;30.273
H25;2;FT;22:30-22:45;28.667
H25;2;FT;22:45-23:00;27.192
H25;2;FT;23:00-23:15;25.939
H25;2;FT;23:15-23:30;24.435
H25;2;FT;23:30-23:45;23.081
H25;2;FT;23:45-00:00;21.763
H25;2;WT;00:00-00:15;20.279
H25;2;WT;00:15-00:30;19.097
H25;2;WT;00:30-00:45;18.22
H25;2;WT;00:45-01:00;17.504
H25;2;WT;01:00-01:15;16.932
H25;2;WT;01:15-01:30;16.422
H25;2;WT;01:30-01:45;16.191
H25;2;WT;01:45-02:00;15.718
H25;2;WT;02:00-02:15;15.76
H25;2;WT;02:15-02:30;15.624
H25;2;WT;02:30-02:45;15.535
H25;2;WT;02:45-03:00;15.471
H25;2;WT;03:00-03:15;15.553
H25;2;WT;03:15-03:30;15.497
H25;2;WT;03:30-03:45;15.522
H25;2;WT;03:45-04:00;15.558
H25;2;WT;04:00-04:15;15.845
H25;2;WT;04:15-04:30;16.032
H25;2;WT;04:30-04:45;16.342
H25;2;WT;04:45-05:00;16.951
H25;2;WT;05:00-05:15;17.561
H25;2;WT;05:15-05:30;17.922
H25;2;WT;05:30-05:45;18.82
H25;2;WT;05:45-06:00;19.93
H25;2;WT;06:00-06:15;21.877
H25;2;WT;06:15-06:30;23.571
H25;2;WT;06:30-06:45;24.854
H25;2;WT;06:45-07:00;25.612
H25;2;WT;07:00-07:15;25.863
H25;2;WT;07:15-07:30;25.844
H25;2;WT;07:30-07:45;25.419
H25;2;WT;07:45-08:00;24.933
H25;2;WT;08:00-08:15;24.316
H25;2;WT;08:15-08:30;24.111
H25;2;WT;08:30-08:45;23.498
H25;2;WT;08:45-09:00;23.083
H25;2;WT;09:00-09:15;22.81
H25;2;WT;09:15-09:30;22.818
H25;2;WT;09:30-09:45;22.707
H25;2;WT;09:45-10:00;22.608
H25;2;WT;10:00-10:15;22.388
H25;2;WT;10:15-10:30;22.336
H25;2;WT;10:30-10:45;22.572
H25;2;WT;10:45-11:00;22.887
H25;2;WT;11:00-11:15;23.652
H25;2;WT;11:15-11:30;24.321
H25;2;WT;11:30-11:45;24.965
H25;2;WT;11:45-12:00;25.326
H25;2;WT;12:00-12:15;25.36
H25;2;WT;12:15-12:30;25.319
H25;2;WT;12:30-12:45;25.225
H25;2;WT;12:45-13:00;25.073
H25;2;WT;13:00-13:15;24.856
H25;2;WT;13:15-13:30;24.774
H25;2;WT;13:30-13:45;24.732
H25;2;WT;13:45-14:00;24.425
H25;2;WT;14:00-14:15;23.98
H25;2;WT;14:15-14:30;23.892
H25;2;WT;14:30-14:45;23.777
H25;2;WT;14:45-15:00;23.886
H25;2;WT;15:00-15:15;24.258
H25;2;WT;15:15-15:30;24.312
H25;2;WT;15:30-15:45;24.493
H25;2;WT;15:45-16:00;24.876
H25;2;WT;16:00-16:15;25.8
H25;2;WT;16:15-16:30;26.565
H25;2;WT;16:30-16:45;27.47
H25;2;WT;16:45-17:00;28.652
H25;2;WT;17:00-17:15;30.62
H25;2;WT;17:15-17:30;32.488
H25;2;WT;17:30-17:45;34.477
H25;2;WT;17:45-18:00;37.045
H25;2;WT;18:00-18:15;39.35
H25;2;WT;18:15-18:30;41.044
H25;2;WT;18:30-18:45;42.029
H25;2;WT;18:45-19:00;42.586
H25;2;WT;19:00-19:15;42.553
H25;2;WT;19:15-19:30;42.234
H25;2;WT;19:30-19:45;41.657
H25;2;WT;19:45-20:00;41.109
H25;2;WT;20:00-20:15;40.168
H25;2;WT;20:15-20:30;38.885
H25;2;WT;20:30-20:45;37.418
H25;2;WT;20:45-21:00;36.209
H25;2;WT;21:00-21:15;35.244
H25;2;WT;21:15-21:30;34.247
H25;2;WT;21:30-21:45;33.175
H25;2;WT;21:45-22:00;32.739
H25;2;WT;22:00-22:15;32.112
H25;2;WT;22:15-22:30;30.464
H25;2;WT;22:30-22:45;28.938
H25;2;WT;22:45-23:00;27.413
H25;2;WT;23:00-23:15;26.162
H25;2;WT;23:15-23:30;24.601
H25;2;WT;23:30-23:45;23.238
H25;2;WT;23:45-00:00;21.929
H25;3;SA;00:00-00:15;21.857
H25;3;SA;00:15-00:30;20.478
H25;3;SA;00:30-00:45;19.823
H25;3;SA;00:45-01:00;19.045
H25;3;SA;01:00-01:15;18.327
H25;3;SA;01:15-01:30;17.756
H25;3;SA;01:30-01:45;17.345
H25;3;SA;01:45-02:00;16.779
H25;3;SA;02:00-02:15;16.666
H25;3;SA;02:15-02:30;16.478
H25;3;SA;02:30-02:45;16.298
H25;3;SA;02:45-03:00;16.168
H25;3;SA;03:00-03:15;16.091
H25;3;SA;03:15-03:30;15.982
H25;3;SA;03:30-03:45;15.955
H25;3;SA;03:45-04:00;15.956
H25;3;SA;04:00-04:15;16.19
H25;3;SA;04:15-04:30;16.138
H25;3;SA;04:30-04:45;16.197
H25;3;SA;04:45-05:00;16.568
H25;3;SA;05:00-05:15;16.721
H25;3;SA;05:15-05:30;16.622
H25;3;SA;05:30-05:45;16.762
H25;3;SA;05:45-06:00;17.166
H25;3;SA;06:00-06:15;17.95
H25;3;SA;06:15-06:30;18.81
H25;3;SA;06:30-06:45;19.834
H25;3;SA;06:45-07:00;20.989
H25;3;SA;07:00-07:15;22.627
H25;3;SA;07:15-07:30;24.247
H25;3;SA;07:30-07:45;26.004
H25;3;SA;07:45-08:00;27.54
H25;3;SA;08:00-08:15;28.823
H25;3;SA;08:15-08:30;30.124
H25;3;SA;08:30-08:45;30.695
H25;3;SA;08:45-09:00;31.286
H25;3;SA;09:00-09:15;31.79
H25;3;SA;09:15-09:30;32.64
H25;3;SA;09:30-09:45;33.089
H25;3;SA;09:45-10:00;33.288
H25;3;SA;10:00-10:15;33.705
H25;3;SA;10:15-10:30;34.057
H25;3;SA;10:30-10:45;34.442
H25;3;SA;10:45-11:00;34.851
H25;3;SA;11:00-11:15;35.729
H25;3;SA;11:15-11:30;36.587
H25;3;SA;11:30-11:45;37.214
H25;3;SA;11:45-12:00;37.335
H25;3;SA;12:00-12:15;36.653
H25;3;SA;12:15-12:30;36.222
H25;3;SA;12:30-12:45;35.667
H25;3;SA;12:45-13:00;35.196
H25;3;SA;13:00-13:15;34.617
H25;3;SA;13:15-13:30;34.244
H25;3;SA;13:30-13:45;33.954
H25;3;SA;13:45-14:00;33.574
H25;3;SA;14:00-14:15;33.224
H25;3;SA;14:15-14:30;33.13
H25;3;SA;14:30-14:45;32.966
H25;3;SA;14:45-15:00;32.857
H25;3;SA;15:00-15:15;32.689
H25;3;SA;15:15-15:30;32.742
H25;3;SA;15:30-15:45;32.581
H25;3;SA;15:45-16:00;32.454
H25;3;SA;16:00-16:15;32.693
H25;3;SA;16:15-16:30;32.979
H25;3;SA;16:30-16:45;33.301
H25;3;SA;16:45-17:00;33.648
H25;3;SA;17:00-17:15;34.49
H25;3;SA;17:15-17:30;35.337
H25;3;SA;17:30-17:45;36.436
H25;3;SA;17:45-18:00;37.736
H25;3;SA;18:00-18:15;38.934
H25;3;SA;18:15-18:30;40.254
H25;3;SA;18:30-18:45;41.204
H25;3;SA;18:45-19:00;41.89
H25;3;SA;19:00-19:15;42.239
H25;3;SA;19:15-19:30;42.028
H25;3;SA;19:30-19:45;41.44
H25;3;SA;19:45-20:00;40.437
H25;3;SA;20:00-20:15;39.563
H25;3;SA;20:15-20:30;38.353
H25;3;SA;20:30-20:45;36.905
H25;3;SA;20:45-21:00;35.629
H25;3;SA;21:00-21:15;34.92
H25;3;SA;21:15-21:30;33.978
H25;3;SA;21:30-21:45;33.028
H25;3;SA;21:45-22:00;32.742
H25;3;SA;22:00-22:15;32.676
H25;3;SA;22:15-22:30;31.351
H25;3;SA;22:30-22:45;30.102
H25;3;SA;22:45-23:00;28.66
H25;3;SA;23:00-23:15;27.359
H25;3;SA;23:15-23:30;26.105
H25;3;SA;23:30-23:45;24.968
H25;3;SA;23:45-00:00;23.698
H25;3;FT;00:00-00:15;22.709
H25;3;FT;00:15-00:30;21.426
H25;3;FT;00:30-00:45;20.51
H25;3;FT;00:45-01:00;19.732
H25;3;FT;01:00-01:15;19.004
H25;3;FT;01:15-01:30;18.37
H25;3;FT;01:30-01:45;18.181
H25;3;FT;01:45-02:00;17.623
H25;3;FT;02:00-02:15;17.53
H25;3;FT;02:15-02:30;17.198
H25;3;FT;02:30-02:45;16.965
H25;3;FT;02:45-03:00;16.669
H25;3;FT;03:00-03:15;16.773
H25;3;FT;03:15-03:30;16.595
H25;3;FT;03:30-03:45;16.426
H25;3;FT;03:45-04:00;16.307
H25;3;FT;04:00-04:15;16.307
H25;3;FT;04:15-04:30;16.241
H25;3;FT;04:30-04:45;16.349
H25;3;FT;04:45-05:00;16.721
H25;3;FT;05:00-05:15;16.902
H25;3;FT;05:15-05:30;16.703
H25;3;FT;05:30-05:45;16.892
H25;3;FT;05:45-06:00;17.312
H25;3;FT;06:00-06:15;17.726
H25;3;FT;06:15-06:30;18.334
H25;3;FT;06:30-06:45;19.026
H25;3;FT;06:45-07:00;19.883
H25;3;FT;07:00-07:15;21.348
H25;3;FT;07:15-07:30;22.757
H25;3;FT;07:30-07:45;24.413
H25;3;FT;07:45-08:00;26.202
H25;3;FT;08:00-08:15;28.087
H25;3;FT;08:15-08:30;29.819
H25;3;FT;08:30-08:45;31.002
H25;3;FT;08:45-09:00;32.252
H25;3;FT;09:00-09:15;33.505
H25;3;FT;09:15-09:30;34.796
H25;3;FT;09:30-09:45;35.827
H25;3;FT;09:45-10:00;36.69
H25;3;FT;10:00-10:15;37.553
H25;3;FT;10:15-10:30;38.507
H25;3;FT;10:30-10:45;39.345
H25;3;FT;10:45-11:00;40.318
H25;3;FT;11:00-11:15;41.61
H25;3;FT;11:15-11:30;42.93
H25;3;FT;11:30-11:45;43.748
H25;3;FT;11:45-12:00;43.612
H25;3;FT;12:00-12:15;42.374
H25;3;FT;12:15-12:30;41.277
H25;3;FT;12:30-12:45;40.164
H25;3;FT;12:45-13:00;39.062
H25;3;FT;13:00-13:15;37.874
H25;3;FT;13:15-13:30;36.972
H25;3;FT;13:30-13:45;36.219
H25;3;FT;13:45-14:00;35.379
H25;3;FT;14:00-14:15;34.441
H25;3;FT;14:15-14:30;33.977
H25;3;FT;14:30-14:45;33.65
H25;3;FT;14:45-15:00;33.114
H25;3;FT;15:00-15:15;32.844
H25;3;FT;15:15-15:30;32.543
H25;3;FT;15:30-15:45;32.29
H25;3;FT;15:45-16:00;32.071
H25;3;FT;16:00-16:15;32.034
H25;3;FT;16:15-16:30;32.209
H25;3;FT;16:30-16:45;32.735
H25;3;FT;16:45-17:00;33.355
H25;3;FT;17:00-17:15;34.328
H25;3;FT;17:15-17:30;35.487
H25;3;FT;17:30-17:45;36.735
H25;3;FT;17:45-18:00;38.068
H25;3;FT;18:00-18:15;39.49
H25;3;FT;18:15-18:30;40.758
H25;3;FT;18:30-18:45;41.71
H25;3;FT;18:45-19:00;42.458
H25;3;FT;19:00-19:15;42.521
H25;3;FT;19:15-19:30;42.234
H25;3;FT;19:30-19:45;41.773
H25;3;FT;19:45-20:00;41.106
H25;3;FT;20:00-20:15;40.618
H25;3;FT;20:15-20:30;39.408
H25;3;FT;20:30-20:45;37.81
H25;3;FT;20:45-21:00;36.404
H25;3;FT;21:00-21:15;35.381
H25;3;FT;21:15-21:30;34.108
H25;3;FT;21:30-21:45;32.978
H25;3;FT;21:45-22:00;32.653
H25;3;FT;22:00-22:15;32.043
H25;3;FT;22:15-22:30;30.18
H25;3;FT;22:30-22:45;28.706
H25;3;FT;22:45-23:00;27.004
H25;3;FT;23:00-23:15;25.425
H25;3;FT;23:15-23:30;23.956
H25;3;FT;23:30-23:45;22.544
H25;3;FT;23:45-00:00;21.228
H25;3;WT;00:00-00:15;19.602
H25;3;WT;00:15-00:30;18.418
H25;3;WT;00:30-00:45;17.849
H25;3;WT;00:45-01:00;17.125
H25;3;WT;01:00-01:15;16.584
H25;3;WT;01:15-01:30;16.13
H25;3;WT;01:30-01:45;15.883
H25;3;WT;01:45-02:00;15.476
H25;3;WT;02:00-02:15;15.464
H25;3;WT;02:15-02:30;15.342
H25;3;WT;02:30-02:45;15.244
H25;3;WT;02:45-03:00;15.17
H25;3;WT;03:00-03:15;15.281
H25;3;WT;03:15-03:30;15.263
H25;3;WT;03:30-03:45;15.316
H25;3;WT;03:45-04:00;15.376
H25;3;WT;04:00-04:15;15.721
H25;3;WT;04:15-04:30;15.914
H25;3;WT;04:30-04:45;16.25
H25;3;WT;04:45-05:00;16.978
H25;3;WT;05:00-05:15;17.712
H25;3;WT;05:15-05:30;18.124
H25;3;WT;05:30-05:45;19.01
H25;3;WT;05:45-06:00;19.974
H25;3;WT;06:00-06:15;21.751
H25;3;WT;06:15-06:30;23.266
H25;3;WT;06:30-06:45;24.072
H25;3;WT;06:45-07:00;24.549
H25;3;WT;07:00-07:15;24.741
H25;3;WT;07:15-07:30;24.636
H25;3;WT;07:30-07:45;24.43
H25;3;WT;07:45-08:00;23.993
H25;3;WT;08:00-08:15;23.455
H25;3;WT;08:15-08:30;23.179
H25;3;WT;08:30-08:45;22.61
H25;3;WT;08:45-09:00;22.213
H25;3;WT;09:00-09:15;22.082
H25;3;WT;09:15-09:30;22.077
H25;3;WT;09:30-09:45;22.087
H25;3;WT;09:45-10:00;22.002
H25;3;WT;10:00-10:15;21.806
H25;3;WT;10:15-10:30;21.93
H25;3;WT;10:30-10:45;22.174
H25;3;WT;10:45-11:00;22.594
H25;3;WT;11:00-11:15;23.188
H25;3;WT;11:15-11:30;24.037
H25;3;WT;11:30-11:45;24.681
H25;3;WT;11:45-12:00;25.052
H25;3;WT;12:00-12:15;25.13
H25;3;WT;12:15-12:30;25.125
H25;3;WT;12:30-12:45;25.119
H25;3;WT;12:45-13:00;25.177
H25;3;WT;13:00-13:15;24.933
H25;3;WT;13:15-13:30;24.892
H25;3;WT;13:30-13:45;24.876
H25;3;WT;13:45-14:00;24.555
H25;3;WT;14:00-14:15;24.238
H25;3;WT;14:15-14:30;24.163
H25;3;WT;14:30-14:45;24.132
H25;3;WT;14:45-15:00;24.167
H25;3;WT;15:00-15:15;24.624
H25;3;WT;15:15-15:30;24.569
H25;3;WT;15:30-15:45;24.756
H25;3;WT;15:45-16:00;25.067
H25;3;WT;16:00-16:15;25.897
H25;3;WT;16:15-16:30;26.403
H25;3;WT;16:30-16:45;27.081
H25;3;WT;16:45-17:00;27.962
H25;3;WT;17:00-17:15;29.427
H25;3;WT;17:15-17:30;30.791
H25;3;WT;17:30-17:45;32.16
H25;3;WT;17:45-18:00;33.94
H25;3;WT;18:00-18:15;35.863
H25;3;WT;18:15-18:30;37.681
H25;3;WT;18:30-18:45;39.363
H25;3;WT;18:45-19:00;40.786
H25;3;WT;19:00-19:15;41.566
H25;3;WT;19:15-19:30;41.692
H25;3;WT;19:30-19:45;41.384
H25;3;WT;19:45-20:00;40.679
H25;3;WT;20:00-20:15;39.854
H25;3;WT;20:15-20:30;38.596
H25;3;WT;20:30-20:45;37.119
H25;3;WT;20:45-21:00;35.846
H25;3;WT;21:00-21:15;34.929
H25;3;WT;21:15-21:30;33.811
H25;3;WT;21:30-21:45;32.696
H25;3;WT;21:45-22:00;32.334
H25;3;WT;22:00-22:15;31.766
H25;3;WT;22:15-22:30;30.057
H25;3;WT;22:30-22:45;28.609
H25;3;WT;22:45-23:00;26.788
H25;3;WT;23:00-23:15;25.298
H25;3;WT;23:15-23:30;23.717
H25;3;WT;23:30-23:45;22.381
H25;3;WT;23:45-00:00;21.075
H25;4;SA;00:00-00:15;23.914
H25;4;SA;00:15-00:30;22.426
H25;4;SA;00:30-00:45;21.493
H25;4;SA;00:45-01:00;20.461
H25;4;SA;01:00-01:15;19.661
H25;4;SA;01:15-01:30;18.889
H25;4;SA;01:30-01:45;18.313
H25;4;SA;01:45-02:00;17.758
H25;4;SA;02:00-02:15;17.5
H25;4;SA;02:15-02:30;17.258
H25;4;SA;02:30-02:45;17.076
H25;4;SA;02:45-03:00;16.932
H25;4;SA;03:00-03:15;16.914
H25;4;SA;03:15-03:30;16.809
H25;4;SA;03:30-03:45;16.75
H25;4;SA;03:45-04:00;16.753
H25;4;SA;04:00-04:15;16.984
H25;4;SA;04:15-04:30;16.991
H25;4;SA;04:30-04:45;17.158
H25;4;SA;04:45-05:00;17.592
H25;4;SA;05:00-05:15;17.824
H25;4;SA;05:15-05:30;17.925
H25;4;SA;05:30-05:45;18.208
H25;4;SA;05:45-06:00;18.642
H25;4;SA;06:00-06:15;19.592
H25;4;SA;06:15-06:30;20.337
H25;4;SA;06:30-06:45;21.322
H25;4;SA;06:45-07:00;22.818
H25;4;SA;07:00-07:15;24.845
H25;4;SA;07:15-07:30;26.627
H25;4;SA;07:30-07:45;28.528
H25;4;SA;07:45-08:00;30.116
H25;4;SA;08:00-08:15;31.708
H25;4;SA;08:15-08:30;33.084
H25;4;SA;08:30-08:45;33.859
H25;4;SA;08:45-09:00;34.633
H25;4;SA;09:00-09:15;35.221
H25;4;SA;09:15-09:30;35.862
H25;4;SA;09:30-09:45;36.286
H25;4;SA;09:45-10:00;36.482
H25;4;SA;10:00-10:15;36.85
H25;4;SA;10:15-10:30;37.17
H25;4;SA;10:30-10:45;37.504
H25;4;SA;10:45-11:00;37.853
H25;4;SA;11:00-11:15;38.643
H25;4;SA;11:15-11:30;39.533
H25;4;SA;11:30-11:45;40.055
H25;4;SA;11:45-12:00;40.296
H25;4;SA;12:00-12:15;39.71
H25;4;SA;12:15-12:30;39.197
H25;4;SA;12:30-12:45;38.548
H25;4;SA;12:45-13:00;38.07
H25;4;SA;13:00-13:15;37.429
H25;4;SA;13:15-13:30;36.788
H25;4;SA;13:30-13:45;36.251
H25;4;SA;13:45-14:00;35.751
H25;4;SA;14:00-14:15;35.263
H25;4;SA;14:15-14:30;35.08
H25;4;SA;14:30-14:45;34.907
H25;4;SA;14:45-15:00;34.695
H25;4;SA;15:00-15:15;34.592
H25;4;SA;15:15-15:30;34.351
H25;4;SA;15:30-15:45;34.016
H25;4;SA;15:45-16:00;33.831
H25;4;SA;16:00-16:15;33.91
H25;4;SA;16:15-16:30;34.104
H25;4;SA;16:30-16:45;34.42
H25;4;SA;16:45-17:00;34.728
H25;4;SA;17:00-17:15;35.372
H25;4;SA;17:15-17:30;36.026
H25;4;SA;17:30-17:45;37.112
H25;4;SA;17:45-18:00;37.852
H25;4;SA;18:00-18:15;38.717
H25;4;SA;18:15-18:30;39.395
H25;4;SA;18:30-18:45;39.729
H25;4;SA;18:45-19:00;39.97
H25;4;SA;19:00-19:15;39.943
H25;4;SA;19:15-19:30;39.939
H25;4;SA;19:30-19:45;39.965
H25;4;SA;19:45-20:00;39.552
H25;4;SA;20:00-20:15;40.013
H25;4;SA;20:15-20:30;40.181
H25;4;SA;20:30-20:45;40.342
H25;4;SA;20:45-21:00;40.227
H25;4;SA;21:00-21:15;39.794
H25;4;SA;21:15-21:30;38.842
H25;4;SA;21:30-21:45;37.64
H25;4;SA;21:45-22:00;37.098
H25;4;SA;22:00-22:15;36.488
H25;4;SA;22:15-22:30;34.799
H25;4;SA;22:30-22:45;33.37
H25;4;SA;22:45-23:00;31.808
H25;4;SA;23:00-23:15;30.336
H25;4;SA;23:15-23:30;28.858
H25;4;SA;23:30-23:45;27.455
H25;4;SA;23:45-00:00;25.849
H25;4;FT;00:00-00:15;24.952
H25;4;FT;00:15-00:30;23.419
H25;4;FT;00:30-00:45;22.371
H25;4;FT;00:45-01:00;21.343
H25;4;FT;01:00-01:15;20.445
H25;4;FT;01:15-01:30;19.695
H25;4;FT;01:30-01:45;19.283
H25;4;FT;01:45-02:00;18.657
H25;4;FT;02:00-02:15;18.326
H25;4;FT;02:15-02:30;18.037
H25;4;FT;02:30-02:45;17.754
H25;4;FT;02:45-03:00;17.531
H25;4;FT;03:00-03:15;17.447
H25;4;FT;03:15-03:30;17.339
H25;4;FT;03:30-03:45;17.224
H25;4;FT;03:45-04:00;17.129
H25;4;FT;04:00-04:15;17.3
H25;4;FT;04:15-04:30;17.316
H25;4;FT;04:30-04:45;17.478
H25;4;FT;04:45-05:00;17.938
H25;4;FT;05:00-05:15;18.243
H25;4;FT;05:15-05:30;18.267
H25;4;FT;05:30-05:45;18.511
H25;4;FT;05:45-06:00;18.79
H25;4;FT;06:00-06:15;19.325
H25;4;FT;06:15-06:30;19.835
H25;4;FT;06:30-06:45;20.722
H25;4;FT;06:45-07:00;21.798
H25;4;FT;07:00-07:15;23.528
H25;4;FT;07:15-07:30;25.219
H25;4;FT;07:30-07:45;27.158
H25;4;FT;07:45-08:00;29.21
H25;4;FT;08:00-08:15;31.353
H25;4;FT;08:15-08:30;33.426
H25;4;FT;08:30-08:45;34.939
H25;4;FT;08:45-09:00;36.29
H25;4;FT;09:00-09:15;37.67
H25;4;FT;09:15-09:30;38.971
H25;4;FT;09:30-09:45;39.973
H25;4;FT;09:45-10:00;40.83
H25;4;FT;10:00-10:15;41.706
H25;4;FT;10:15-10:30;42.534
H25;4;FT;10:30-10:45;43.137
H25;4;FT;10:45-11:00;43.934
H25;4;FT;11:00-11:15;45.21
H25;4;FT;11:15-11:30;46.574
H25;4;FT;11:30-11:45;47.411
H25;4;FT;11:45-12:00;47.211
H25;4;FT;12:00-12:15;45.949
H25;4;FT;12:15-12:30;44.602
H25;4;FT;12:30-12:45;43.257
H25;4;FT;12:45-13:00;41.906
H25;4;FT;13:00-13:15;40.371
H25;4;FT;13:15-13:30;39.152
H25;4;FT;13:30-13:45;38.164
H25;4;FT;13:45-14:00;37.166
H25;4;FT;14:00-14:15;36.228
H25;4;FT;14:15-14:30;35.507
H25;4;FT;14:30-14:45;34.988
H25;4;FT;14:45-15:00;34.319
H25;4;FT;15:00-15:15;33.898
H25;4;FT;15:15-15:30;33.488
H25;4;FT;15:30-15:45;32.998
H25;4;FT;15:45-16:00;32.656
H25;4;FT;16:00-16:15;32.517
H25;4;FT;16:15-16:30;32.534
H25;4;FT;16:30-16:45;33.096
H25;4;FT;16:45-17:00;33.602
H25;4;FT;17:00-17:15;34.479
H25;4;FT;17:15-17:30;35.549
H25;4;FT;17:30-17:45;36.733
H25;4;FT;17:45-18:00;37.98
H25;4;FT;18:00-18:15;39.014
H25;4;FT;18:15-18:30;39.698
H25;4;FT;18:30-18:45;40.249
H25;4;FT;18:45-19:00;40.624
H25;4;FT;19:00-19:15;40.777
H25;4;FT;19:15-19:30;40.944
H25;4;FT;19:30-19:45;40.891
H25;4;FT;19:45-20:00;40.681
H25;4;FT;20:00-20:15;41.185
H25;4;FT;20:15-20:30;41.206
H25;4;FT;20:30-20:45;40.889
H25;4;FT;20:45-21:00;40.527
H25;4;FT;21:00-21:15;39.936
H25;4;FT;21:15-21:30;38.819
H25;4;FT;21:30-21:45;37.47
H25;4;FT;21:45-22:00;36.817
H25;4;FT;22:00-22:15;35.677
H25;4;FT;22:15-22:30;33.548
H25;4;FT;22:30-22:45;31.749
H25;4;FT;22:45-23:00;29.887
H25;4;FT;23:00-23:15;28.11
H25;4;FT;23:15-23:30;26.44
H25;4;FT;23:30-23:45;24.895
H25;4;FT;23:45-00:00;23.378
H25;4;WT;00:00-00:15;21.235
H25;4;WT;00:15-00:30;19.93
H25;4;WT;00:30-00:45;19.208
H25;4;WT;00:45-01:00;18.35
H25;4;WT;01:00-01:15;17.658
H25;4;WT;01:15-01:30;17.063
H25;4;WT;01:30-01:45;16.563
H25;4;WT;01:45-02:00;16.156
H25;4;WT;02:00-02:15;16.023
H25;4;WT;02:15-02:30;15.914
H25;4;WT;02:30-02:45;15.827
H25;4;WT;02:45-03:00;15.754
H25;4;WT;03:00-03:15;15.896
H25;4;WT;03:15-03:30;15.84
H25;4;WT;03:30-03:45;15.92
H25;4;WT;03:45-04:00;16.005
H25;4;WT;04:00-04:15;16.421
H25;4;WT;04:15-04:30;16.717
H25;4;WT;04:30-04:45;17.165
H25;4;WT;04:45-05:00;18.005
H25;4;WT;05:00-05:15;19.082
H25;4;WT;05:15-05:30;19.712
H25;4;WT;05:30-05:45;20.72
H25;4;WT;05:45-06:00;21.723
H25;4;WT;06:00-06:15;23.614
H25;4;WT;06:15-06:30;24.946
H25;4;WT;06:30-06:45;25.775
H25;4;WT;06:45-07:00;26.431
H25;4;WT;07:00-07:15;26.932
H25;4;WT;07:15-07:30;26.914
H25;4;WT;07:30-07:45;26.617
H25;4;WT;07:45-08:00;26.061
H25;4;WT;08:00-08:15;25.636
H25;4;WT;08:15-08:30;25.318
H25;4;WT;08:30-08:45;24.832
H25;4;WT;08:45-09:00;24.491
H25;4;WT;09:00-09:15;24.461
H25;4;WT;09:15-09:30;24.509
H25;4;WT;09:30-09:45;24.345
H25;4;WT;09:45-10:00;24.253
H25;4;WT;10:00-10:15;24.086
H25;4;WT;10:15-10:30;24.053
H25;4;WT;10:30-10:45;24.343
H25;4;WT;10:45-11:00;24.625
H25;4;WT;11:00-11:15;25.164
H25;4;WT;11:15-11:30;25.992
H25;4;WT;11:30-11:45;26.587
H25;4;WT;11:45-12:00;27.069
H25;4;WT;12:00-12:15;27.339
H25;4;WT;12:15-12:30;27.411
H25;4;WT;12:30-12:45;27.224
H25;4;WT;12:45-13:00;27.062
H25;4;WT;13:00-13:15;26.899
H25;4;WT;13:15-13:30;26.806
H25;4;WT;13:30-13:45;26.532
H25;4;WT;13:45-14:00;26.027
H25;4;WT;14:00-14:15;25.677
H25;4;WT;14:15-14:30;25.488
H25;4;WT;14:30-14:45;25.214
H25;4;WT;14:45-15:00;25.257
H25;4;WT;15:00-15:15;25.586
H25;4;WT;15:15-15:30;25.601
H25;4;WT;15:30-15:45;25.739
H25;4;WT;15:45-16:00;26.057
H25;4;WT;16:00-16:15;26.758
H25;4;WT;16:15-16:30;27.3
H25;4;WT;16:30-16:45;28.039
H25;4;WT;16:45-17:00;28.915
H25;4;WT;17:00-17:15;30.325
H25;4;WT;17:15-17:30;31.541
H25;4;WT;17:30-17:45;32.965
H25;4;WT;17:45-18:00;34.51
H25;4;WT;18:00-18:15;35.941
H25;4;WT;18:15-18:30;37.18
H25;4;WT;18:30-18:45;38.263
H25;4;WT;18:45-19:00;39.194
H25;4;WT;19:00-19:15;39.714
H25;4;WT;19:15-19:30;40.227
H25;4;WT;19:30-19:45;40.574
H25;4;WT;19:45-20:00;40.521
H25;4;WT;20:00-20:15;41.017
H25;4;WT;20:15-20:30;41.278
H25;4;WT;20:30-20:45;41.262
H25;4;WT;20:45-21:00;40.925
H25;4;WT;21:00-21:15;40.307
H25;4;WT;21:15-21:30;39.167
H25;4;WT;21:30-21:45;37.774
H25;4;WT;21:45-22:00;37.029
H25;4;WT;22:00-22:15;35.976
H25;4;WT;22:15-22:30;33.754
H25;4;WT;22:30-22:45;31.997
H25;4;WT;22:45-23:00;30.036
H25;4;WT;23:00-23:15;28.186
H25;4;WT;23:15-23:30;26.357
H25;4;WT;23:30-23:45;24.81
H25;4;WT;23:45-00:00;23.25
H25;5;SA;00:00-00:15;24.619
H25;5;SA;00:15-00:30;23.08
H25;5;SA;00:30-00:45;22.073
H25;5;SA;00:45-01:00;20.956
H25;5;SA;01:00-01:15;20.167
H25;5;SA;01:15-01:30;19.364
H25;5;SA;01:30-01:45;18.689
H25;5;SA;01:45-02:00;18.091
H25;5;SA;02:00-02:15;17.862
H25;5;SA;02:15-02:30;17.584
H25;5;SA;02:30-02:45;17.442
H25;5;SA;02:45-03:00;17.295
H25;5;SA;03:00-03:15;17.248
H25;5;SA;03:15-03:30;17.127
H25;5;SA;03:30-03:45;16.993
H25;5;SA;03:45-04:00;16.931
H25;5;SA;04:00-04:15;17.112
H25;5;SA;04:15-04:30;17.102
H25;5;SA;04:30-04:45;17.197
H25;5;SA;04:45-05:00;17.489
H25;5;SA;05:00-05:15;17.61
H25;5;SA;05:15-05:30;17.449
H25;5;SA;05:30-05:45;17.774
H25;5;SA;05:45-06:00;18.295
H25;5;SA;06:00-06:15;19.599
H25;5;SA;06:15-06:30;20.413
H25;5;SA;06:30-06:45;21.512
H25;5;SA;06:45-07:00;22.934
H25;5;SA;07:00-07:15;24.889
H25;5;SA;07:15-07:30;26.593
H25;5;SA;07:30-07:45;28.461
H25;5;SA;07:45-08:00;29.937
H25;5;SA;08:00-08:15;31.481
H25;5;SA;08:15-08:30;32.643
H25;5;SA;08:30-08:45;33.673
H25;5;SA;08:45-09:00;34.64
H25;5;SA;09:00-09:15;35.272
H25;5;SA;09:15-09:30;36.073
H25;5;SA;09:30-09:45;36.415
H25;5;SA;09:45-10:00;36.661
H25;5;SA;10:00-10:15;36.967
H25;5;SA;10:15-10:30;37.44
H25;5;SA;10:30-10:45;37.88
H25;5;SA;10:45-11:00;38.507
H25;5;SA;11:00-11:15;39.353
H25;5;SA;11:15-11:30;40.307
H25;5;SA;11:30-11:45;40.98
H25;5;SA;11:45-12:00;41.212
H25;5;SA;12:00-12:15;40.912
H25;5;SA;12:15-12:30;40.439
H25;5;SA;12:30-12:45;39.773
H25;5;SA;12:45-13:00;39.239
H25;5;SA;13:00-13:15;38.467
H25;5;SA;13:15-13:30;38.119
H25;5;SA;13:30-13:45;37.384
H25;5;SA;13:45-14:00;36.998
H25;5;SA;14:00-14:15;36.526
H25;5;SA;14:15-14:30;36.386
H25;5;SA;14:30-14:45;36.577
H25;5;SA;14:45-15:00;36.304
H25;5;SA;15:00-15:15;36.185
H25;5;SA;15:15-15:30;35.989
H25;5;SA;15:30-15:45;35.439
H25;5;SA;15:45-16:00;35.212
H25;5;SA;16:00-16:15;35.469
H25;5;SA;16:15-16:30;35.755
H25;5;SA;16:30-16:45;36.104
H25;5;SA;16:45-17:00;36.259
H25;5;SA;17:00-17:15;36.976
H25;5;SA;17:15-17:30;37.697
H25;5;SA;17:30-17:45;38.663
H25;5;SA;17:45-18:00;39.481
H25;5;SA;18:00-18:15;40.079
H25;5;SA;18:15-18:30;40.733
H25;5;SA;18:30-18:45;41.136
H25;5;SA;18:45-19:00;41.193
H25;5;SA;19:00-19:15;41.077
H25;5;SA;19:15-19:30;40.939
H25;5;SA;19:30-19:45;40.824
H25;5;SA;19:45-20:00;40.575
H25;5;SA;20:00-20:15;40.373
H25;5;SA;20:15-20:30;39.912
H25;5;SA;20:30-20:45;39.482
H25;5;SA;20:45-21:00;39.338
H25;5;SA;21:00-21:15;39.109
H25;5;SA;21:15-21:30;38.542
H25;5;SA;21:30-21:45;38.138
H25;5;SA;21:45-22:00;37.956
H25;5;SA;22:00-22:15;37.406
H25;5;SA;22:15-22:30;36.041
H25;5;SA;22:30-22:45;34.793
H25;5;SA;22:45-23:00;33.262
H25;5;SA;23:00-23:15;31.654
H25;5;SA;23:15-23:30;30.118
H25;5;SA;23:30-23:45;28.785
H25;5;SA;23:45-00:00;27.228
H25;5;FT;00:00-00:15;25.395
H25;5;FT;00:15-00:30;24.076
H25;5;FT;00:30-00:45;22.961
H25;5;FT;00:45-01:00;21.966
H25;5;FT;01:00-01:15;21.104
H25;5;FT;01:15-01:30;20.293
H25;5;FT;01:30-01:45;19.781
H25;5;FT;01:45-02:00;19.125
H25;5;FT;02:00-02:15;18.88
H25;5;FT;02:15-02:30;18.565
H25;5;FT;02:30-02:45;18.299
H25;5;FT;02:45-03:00;18.093
H25;5;FT;03:00-03:15;18.05
H25;5;FT;03:15-03:30;17.877
H25;5;FT;03:30-03:45;17.616
H25;5;FT;03:45-04:00;17.454
H25;5;FT;04:00-04:15;17.491
H25;5;FT;04:15-04:30;17.429
H25;5;FT;04:30-04:45;17.481
H25;5;FT;04:45-05:00;17.702
H25;5;FT;05:00-05:15;17.917
H25;5;FT;05:15-05:30;17.62
H25;5;FT;05:30-05:45;17.937
H25;5;FT;05:45-06:00;18.267
H25;5;FT;06:00-06:15;19.208
H25;5;FT;06:15-06:30;19.799
H25;5;FT;06:30-06:45;20.68
H25;5;FT;06:45-07:00;21.772
H25;5;FT;07:00-07:15;23.562
H25;5;FT;07:15-07:30;25.176
H25;5;FT;07:30-07:45;27.116
H25;5;FT;07:45-08:00;28.971
H25;5;FT;08:00-08:15;31.052
H25;5;FT;08:15-08:30;32.891
H25;5;FT;08:30-08:45;34.309
H25;5;FT;08:45-09:00;35.655
H25;5;FT;09:00-09:15;37.006
H25;5;FT;09:15-09:30;38.203
H25;5;FT;09:30-09:45;39.193
H25;5;FT;09:45-10:00;40.049
H25;5;FT;10:00-10:15;40.826
H25;5;FT;10:15-10:30;41.613
H25;5;FT;10:30-10:45;42.329
H25;5;FT;10:45-11:00;43.093
H25;5;FT;11:00-11:15;44.499
H25;5;FT;11:15-11:30;45.968
H25;5;FT;11:30-11:45;46.956
H25;5;FT;11:45-12:00;46.867
H25;5;FT;12:00-12:15;45.814
H25;5;FT;12:15-12:30;44.806
H25;5;FT;12:30-12:45;43.496
H25;5;FT;12:45-13:00;42.296
H25;5;FT;13:00-13:15;41.031
H25;5;FT;13:15-13:30;40.08
H25;5;FT;13:30-13:45;39.13
H25;5;FT;13:45-14:00;38.095
H25;5;FT;14:00-14:15;37.302
H25;5;FT;14:15-14:30;36.763
H25;5;FT;14:30-14:45;36.181
H25;5;FT;14:45-15:00;35.798
H25;5;FT;15:00-15:15;35.212
H25;5;FT;15:15-15:30;34.839
H25;5;FT;15:30-15:45;34.567
H25;5;FT;15:45-16:00;34.225
H25;5;FT;16:00-16:15;34.123
H25;5;FT;16:15-16:30;34.289
H25;5;FT;16:30-16:45;34.855
H25;5;FT;16:45-17:00;35.413
H25;5;FT;17:00-17:15;36.317
H25;5;FT;17:15-17:30;37.296
H25;5;FT;17:30-17:45;38.638
H25;5;FT;17:45-18:00;39.801
H25;5;FT;18:00-18:15;40.682
H25;5;FT;18:15-18:30;41.461
H25;5;FT;18:30-18:45;41.858
H25;5;FT;18:45-19:00;42.197
H25;5;FT;19:00-19:15;42.248
H25;5;FT;19:15-19:30;42.043
H25;5;FT;19:30-19:45;41.833
H25;5;FT;19:45-20:00;41.527
H25;5;FT;20:00-20:15;41.332
H25;5;FT;20:15-20:30;40.795
H25;5;FT;20:30-20:45;40.121
H25;5;FT;20:45-21:00;39.716
H25;5;FT;21:00-21:15;39.329
H25;5;FT;21:15-21:30;38.666
H25;5;FT;21:30-21:45;37.925
H25;5;FT;21:45-22:00;37.637
H25;5;FT;22:00-22:15;36.617
H25;5;FT;22:15-22:30;34.4
H25;5;FT;22:30-22:45;32.703
H25;5;FT;22:45-23:00;30.741
H25;5;FT;23:00-23:15;28.804
H25;5;FT;23:15-23:30;27.014
H25;5;FT;23:30-23:45;25.388
H25;5;FT;23:45-00:00;23.878
H25;5;WT;00:00-00:15;22.213
H25;5;WT;00:15-00:30;20.894
H25;5;WT;00:30-00:45;20.099
H25;5;WT;00:45-01:00;19.269
H25;5;WT;01:00-01:15;18.594
H25;5;WT;01:15-01:30;17.931
H25;5;WT;01:30-01:45;17.419
H25;5;WT;01:45-02:00;16.99
H25;5;WT;02:00-02:15;16.858
H25;5;WT;02:15-02:30;16.704
H25;5;WT;02:30-02:45;16.645
H25;5;WT;02:45-03:00;16.611
H25;5;WT;03:00-03:15;16.743
H25;5;WT;03:15-03:30;16.628
H25;5;WT;03:30-03:45;16.574
H25;5;WT;03:45-04:00;16.543
H25;5;WT;04:00-04:15;16.942
H25;5;WT;04:15-04:30;17.187
H25;5;WT;04:30-04:45;17.57
H25;5;WT;04:45-05:00;18.216
H25;5;WT;05:00-05:15;19.09
H25;5;WT;05:15-05:30;19.418
H25;5;WT;05:30-05:45;20.47
H25;5;WT;05:45-06:00;21.399
H25;5;WT;06:00-06:15;23.518
H25;5;WT;06:15-06:30;25.02
H25;5;WT;06:30-06:45;25.959
H25;5;WT;06:45-07:00;26.762
H25;5;WT;07:00-07:15;27.368
H25;5;WT;07:15-07:30;27.428
H25;5;WT;07:30-07:45;27.221
H25;5;WT;07:45-08:00;26.695
H25;5;WT;08:00-08:15;26.274
H25;5;WT;08:15-08:30;25.895
H25;5;WT;08:30-08:45;25.436
H25;5;WT;08:45-09:00;25.054
H25;5;WT;09:00-09:15;25.055
H25;5;WT;09:15-09:30;24.976
H25;5;WT;09:30-09:45;24.869
H25;5;WT;09:45-10:00;24.616
H25;5;WT;10:00-10:15;24.551
H25;5;WT;10:15-10:30;24.6
H25;5;WT;10:30-10:45;24.887
H25;5;WT;10:45-11:00;25.48
H25;5;WT;11:00-11:15;26.009
H25;5;WT;11:15-11:30;26.816
H25;5;WT;11:30-11:45;27.566
H25;5;WT;11:45-12:00;28.003
H25;5;WT;12:00-12:15;28.453
H25;5;WT;12:15-12:30;28.498
H25;5;WT;12:30-12:45;28.448
H25;5;WT;12:45-13:00;28.376
H25;5;WT;13:00-13:15;28.287
H25;5;WT;13:15-13:30;28.161
H25;5;WT;13:30-13:45;27.77
H25;5;WT;13:45-14:00;27.373
H25;5;WT;14:00-14:15;27.098
H25;5;WT;14:15-14:30;26.889
H25;5;WT;14:30-14:45;26.677
H25;5;WT;14:45-15:00;26.792
H25;5;WT;15:00-15:15;27.071
H25;5;WT;15:15-15:30;27.069
H25;5;WT;15:30-15:45;27.197
H25;5;WT;15:45-16:00;27.484
H25;5;WT;16:00-16:15;28.19
H25;5;WT;16:15-16:30;28.8
H25;5;WT;16:30-16:45;29.454
H25;5;WT;16:45-17:00;30.512
H25;5;WT;17:00-17:15;31.911
H25;5;WT;17:15-17:30;33.222
H25;5;WT;17:30-17:45;34.65
H25;5;WT;17:45-18:00;36.174
H25;5;WT;18:00-18:15;37.559
H25;5;WT;18:15-18:30;38.812
H25;5;WT;18:30-18:45;39.718
H25;5;WT;18:45-19:00;40.574
H25;5;WT;19:00-19:15;40.929
H25;5;WT;19:15-19:30;41.147
H25;5;WT;19:30-19:45;41.324
H25;5;WT;19:45-20:00;41.171
H25;5;WT;20:00-20:15;40.99
H25;5;WT;20:15-20:30;40.602
H25;5;WT;20:30-20:45;40.179
H25;5;WT;20:45-21:00;39.84
H25;5;WT;21:00-21:15;39.538
H25;5;WT;21:15-21:30;38.929
H25;5;WT;21:30-21:45;38.185
H25;5;WT;21:45-22:00;38.01
H25;5;WT;22:00-22:15;37.103
H25;5;WT;22:15-22:30;34.97
H25;5;WT;22:30-22:45;33.178
H25;5;WT;22:45-23:00;31.095
H25;5;WT;23:00-23:15;29.199
H25;5;WT;23:15-23:30;27.344
H25;5;WT;23:30-23:45;25.771
H25;5;WT;23:45-00:00;24.235
H25;6;SA;00:00-00:15;26.983
H25;6;SA;00:15-00:30;25.584
H25;6;SA;00:30-00:45;24.444
H25;6;SA;00:45-01:00;23.317
H25;6;SA;01:00-01:15;22.374
H25;6;SA;01:15-01:30;21.562
H25;6;SA;01:30-01:45;20.807
H25;6;SA;01:45-02:00;20.258
H25;6;SA;02:00-02:15;19.852
H25;6;SA;02:15-02:30;19.574
H25;6;SA;02:30-02:45;19.284
H25;6;SA;02:45-03:00;19.072
H25;6;SA;03:00-03:15;19.003
H25;6;SA;03:15-03:30;18.772
H25;6;SA;03:30-03:45;18.695
H25;6;SA;03:45-04:00;18.625
H25;6;SA;04:00-04:15;18.751
H25;6;SA;04:15-04:30;18.675
H25;6;SA;04:30-04:45;18.591
H25;6;SA;04:45-05:00;18.319
H25;6;SA;05:00-05:15;18.672
H25;6;SA;05:15-05:30;18.658
H25;6;SA;05:30-05:45;19.119
H25;6;SA;05:45-06:00;19.605
H25;6;SA;06:00-06:15;20.876
H25;6;SA;06:15-06:30;21.632
H25;6;SA;06:30-06:45;22.652
H25;6;SA;06:45-07:00;23.879
H25;6;SA;07:00-07:15;25.649
H25;6;SA;07:15-07:30;27.383
H25;6;SA;07:30-07:45;29.101
H25;6;SA;07:45-08:00;30.533
H25;6;SA;08:00-08:15;32.073
H25;6;SA;08:15-08:30;33.593
H25;6;SA;08:30-08:45;34.456
H25;6;SA;08:45-09:00;35.265
H25;6;SA;09:00-09:15;36.179
H25;6;SA;09:15-09:30;36.83
H25;6;SA;09:30-09:45;37.29
H25;6;SA;09:45-10:00;37.695
H25;6;SA;10:00-10:15;38.197
H25;6;SA;10:15-10:30;38.576
H25;6;SA;10:30-10:45;38.991
H25;6;SA;10:45-11:00;39.682
H25;6;SA;11:00-11:15;40.675
H25;6;SA;11:15-11:30;41.406
H25;6;SA;11:30-11:45;42.061
H25;6;SA;11:45-12:00;42.324
H25;6;SA;12:00-12:15;42.149
H25;6;SA;12:15-12:30;41.531
H25;6;SA;12:30-12:45;41.003
H25;6;SA;12:45-13:00;40.409
H25;6;SA;13:00-13:15;39.753
H25;6;SA;13:15-13:30;39.246
H25;6;SA;13:30-13:45;38.824
H25;6;SA;13:45-14:00;38.375
H25;6;SA;14:00-14:15;38.178
H25;6;SA;14:15-14:30;38.085
H25;6;SA;14:30-14:45;37.933
H25;6;SA;14:45-15:00;37.817
H25;6;SA;15:00-15:15;37.457
H25;6;SA;15:15-15:30;37.288
H25;6;SA;15:30-15:45;37.156
H25;6;SA;15:45-16:00;36.985
H25;6;SA;16:00-16:15;37.095
H25;6;SA;16:15-16:30;37.064
H25;6;SA;16:30-16:45;37.456
H25;6;SA;16:45-17:00;37.974
H25;6;SA;17:00-17:15;38.31
H25;6;SA;17:15-17:30;39.111
H25;6;SA;17:30-17:45;39.813
H25;6;SA;17:45-18:00;40.589
H25;6;SA;18:00-18:15;41.158
H25;6;SA;18:15-18:30;41.73
H25;6;SA;18:30-18:45;41.92
H25;6;SA;18:45-19:00;41.92
H25;6;SA;19:00-19:15;41.819
H25;6;SA;19:15-19:30;41.444
H25;6;SA;19:30-19:45;41.2
H25;6;SA;19:45-20:00;40.857
H25;6;SA;20:00-20:15;40.394
H25;6;SA;20:15-20:30;39.764
H25;6;SA;20:30-20:45;39.397
H25;6;SA;20:45-21:00;39.007
H25;6;SA;21:00-21:15;38.515
H25;6;SA;21:15-21:30;37.759
H25;6;SA;21:30-21:45;37.386
H25;6;SA;21:45-22:00;37.59
H25;6;SA;22:00-22:15;38.099
H25;6;SA;22:15-22:30;37.398
H25;6;SA;22:30-22:45;36.29
H25;6;SA;22:45-23:00;35.068
H25;6;SA;23:00-23:15;33.554
H25;6;SA;23:15-23:30;32.067
H25;6;SA;23:30-23:45;30.775
H25;6;SA;23:45-00:00;29.315
H25;6;FT;00:00-00:15;27.626
H25;6;FT;00:15-00:30;26.266
H25;6;FT;00:30-00:45;25.04
H25;6;FT;00:45-01:00;24.061
H25;6;FT;01:00-01:15;23.207
H25;6;FT;01:15-01:30;22.345
H25;6;FT;01:30-01:45;21.704
H25;6;FT;01:45-02:00;21.068
H25;6;FT;02:00-02:15;20.6
H25;6;FT;02:15-02:30;20.192
H25;6;FT;02:30-02:45;19.794
H25;6;FT;02:45-03:00;19.482
H25;6;FT;03:00-03:15;19.35
H25;6;FT;03:15-03:30;19.082
H25;6;FT;03:30-03:45;18.92
H25;6;FT;03:45-04:00;18.78
H25;6;FT;04:00-04:15;18.767
H25;6;FT;04:15-04:30;18.593
H25;6;FT;04:30-04:45;18.384
H25;6;FT;04:45-05:00;18.181
H25;6;FT;05:00-05:15;18.519
H25;6;FT;05:15-05:30;18.263
H25;6;FT;05:30-05:45;18.592
H25;6;FT;05:45-06:00;18.84
H25;6;FT;06:00-06:15;19.847
H25;6;FT;06:15-06:30;20.319
H25;6;FT;06:30-06:45;21.157
H25;6;FT;06:45-07:00;21.953
H25;6;FT;07:00-07:15;23.448
H25;6;FT;07:15-07:30;24.813
H25;6;FT;07:30-07:45;26.607
H25;6;FT;07:45-08:00;28.167
H25;6;FT;08:00-08:15;30.049
H25;6;FT;08:15-08:30;31.924
H25;6;FT;08:30-08:45;33.517
H25;6;FT;08:45-09:00;34.922
H25;6;FT;09:00-09:15;36.388
H25;6;FT;09:15-09:30;37.702
H25;6;FT;09:30-09:45;38.934
H25;6;FT;09:45-10:00;39.882
H25;6;FT;10:00-10:15;40.765
H25;6;FT;10:15-10:30;41.646
H25;6;FT;10:30-10:45;42.587
H25;6;FT;10:45-11:00;43.783
H25;6;FT;11:00-11:15;45.248
H25;6;FT;11:15-11:30;46.867
H25;6;FT;11:30-11:45;47.817
H25;6;FT;11:45-12:00;47.956
H25;6;FT;12:00-12:15;47.175
H25;6;FT;12:15-12:30;46.246
H25;6;FT;12:30-12:45;45.103
H25;6;FT;12:45-13:00;43.956
H25;6;FT;13:00-13:15;42.893
H25;6;FT;13:15-13:30;41.882
H25;6;FT;13:30-13:45;40.738
H25;6;FT;13:45-14:00;39.95
H25;6;FT;14:00-14:15;39.143
H25;6;FT;14:15-14:30;38.722
H25;6;FT;14:30-14:45;38.227
H25;6;FT;14:45-15:00;37.802
H25;6;FT;15:00-15:15;37.598
H25;6;FT;15:15-15:30;37.181
H25;6;FT;15:30-15:45;36.706
H25;6;FT;15:45-16:00;36.565
H25;6;FT;16:00-16:15;36.549
H25;6;FT;16:15-16:30;36.773
H25;6;FT;16:30-16:45;37.358
H25;6;FT;16:45-17:00;38.065
H25;6;FT;17:00-17:15;38.64
H25;6;FT;17:15-17:30;39.636
H25;6;FT;17:30-17:45;40.54
H25;6;FT;17:45-18:00;41.931
H25;6;FT;18:00-18:15;42.796
H25;6;FT;18:15-18:30;43.342
H25;6;FT;18:30-18:45;43.551
H25;6;FT;18:45-19:00;43.809
H25;6;FT;19:00-19:15;44.106
H25;6;FT;19:15-19:30;43.971
H25;6;FT;19:30-19:45;43.673
H25;6;FT;19:45-20:00;43.607
H25;6;FT;20:00-20:15;43.279
H25;6;FT;20:15-20:30;42.594
H25;6;FT;20:30-20:45;41.958
H25;6;FT;20:45-21:00;41.302
H25;6;FT;21:00-21:15;40.623
H25;6;FT;21:15-21:30;39.562
H25;6;FT;21:30-21:45;38.916
H25;6;FT;21:45-22:00;38.903
H25;6;FT;22:00-22:15;38.628
H25;6;FT;22:15-22:30;36.972
H25;6;FT;22:30-22:45;35.206
H25;6;FT;22:45-23:00;33.368
H25;6;FT;23:00-23:15;31.409
H25;6;FT;23:15-23:30;29.385
H25;6;FT;23:30-23:45;27.759
H25;6;FT;23:45-00:00;26.171
H25;6;WT;00:00-00:15;24.566
H25;6;WT;00:15-00:30;23.272
H25;6;WT;00:30-00:45;22.285
H25;6;WT;00:45-01:00;21.359
H25;6;WT;01:00-01:15;20.683
H25;6;WT;01:15-01:30;19.963
H25;6;WT;01:30-01:45;19.347
H25;6;WT;01:45-02:00;18.946
H25;6;WT;02:00-02:15;18.67
H25;6;WT;02:15-02:30;18.489
H25;6;WT;02:30-02:45;18.314
H25;6;WT;02:45-03:00;18.186
H25;6;WT;03:00-03:15;18.206
H25;6;WT;03:15-03:30;18.126
H25;6;WT;03:30-03:45;18.17
H25;6;WT;03:45-04:00;18.153
H25;6;WT;04:00-04:15;18.528
H25;6;WT;04:15-04:30;18.632
H25;6;WT;04:30-04:45;18.853
H25;6;WT;04:45-05:00;19.045
H25;6;WT;05:00-05:15;20.067
H25;6;WT;05:15-05:30;20.371
H25;6;WT;05:30-05:45;21.471
H25;6;WT;05:45-06:00;22.314
H25;6;WT;06:00-06:15;24.353
H25;6;WT;06:15-06:30;25.72
H25;6;WT;06:30-06:45;26.764
H25;6;WT;06:45-07:00;27.425
H25;6;WT;07:00-07:15;28.003
H25;6;WT;07:15-07:30;28.186
H25;6;WT;07:30-07:45;27.927
H25;6;WT;07:45-08:00;27.396
H25;6;WT;08:00-08:15;27.053
H25;6;WT;08:15-08:30;26.902
H25;6;WT;08:30-08:45;26.62
H25;6;WT;08:45-09:00;26.389
H25;6;WT;09:00-09:15;26.28
H25;6;WT;09:15-09:30;26.276
H25;6;WT;09:30-09:45;26.144
H25;6;WT;09:45-10:00;25.945
H25;6;WT;10:00-10:15;25.788
H25;6;WT;10:15-10:30;25.95
H25;6;WT;10:30-10:45;26.097
H25;6;WT;10:45-11:00;26.699
H25;6;WT;11:00-11:15;27.366
H25;6;WT;11:15-11:30;28.161
H25;6;WT;11:30-11:45;28.958
H25;6;WT;11:45-12:00;29.466
H25;6;WT;12:00-12:15;30.071
H25;6;WT;12:15-12:30;30.265
H25;6;WT;12:30-12:45;30.096
H25;6;WT;12:45-13:00;29.938
H25;6;WT;13:00-13:15;29.872
H25;6;WT;13:15-13:30;29.646
H25;6;WT;13:30-13:45;29.53
H25;6;WT;13:45-14:00;29.164
H25;6;WT;14:00-14:15;28.938
H25;6;WT;14:15-14:30;28.706
H25;6;WT;14:30-14:45;28.503
H25;6;WT;14:45-15:00;28.71
H25;6;WT;15:00-15:15;28.887
H25;6;WT;15:15-15:30;28.917
H25;6;WT;15:30-15:45;29.161
H25;6;WT;15:45-16:00;29.525
H25;6;WT;16:00-16:15;30.139
H25;6;WT;16:15-16:30;30.738
H25;6;WT;16:30-16:45;31.405
H25;6;WT;16:45-17:00;32.463
H25;6;WT;17:00-17:15;33.719
H25;6;WT;17:15-17:30;34.995
H25;6;WT;17:30-17:45;36.264
H25;6;WT;17:45-18:00;37.76
H25;6;WT;18:00-18:15;39.058
H25;6;WT;18:15-18:30;40.211
H25;6;WT;18:30-18:45;41.2
H25;6;WT;18:45-19:00;41.886
H25;6;WT;19:00-19:15;42.156
H25;6;WT;19:15-19:30;42.285
H25;6;WT;19:30-19:45;42.311
H25;6;WT;19:45-20:00;42.223
H25;6;WT;20:00-20:15;42.009
H25;6;WT;20:15-20:30;41.574
H25;6;WT;20:30-20:45;41.086
H25;6;WT;20:45-21:00;40.532
H25;6;WT;21:00-21:15;39.921
H25;6;WT;21:15-21:30;38.973
H25;6;WT;21:30-21:45;38.531
H25;6;WT;21:45-22:00;38.663
H25;6;WT;22:00-22:15;38.607
H25;6;WT;22:15-22:30;37.262
H25;6;WT;22:30-22:45;35.618
H25;6;WT;22:45-23:00;33.694
H25;6;WT;23:00-23:15;31.706
H25;6;WT;23:15-23:30;29.771
H25;6;WT;23:30-23:45;28.195
H25;6;WT;23:45-00:00;26.662
H25;7;SA;00:00-00:15;28.255
H25;7;SA;00:15-00:30;26.868
H25;7;SA;00:30-00:45;25.82
H25;7;SA;00:45-01:00;24.77
H25;7;SA;01:00-01:15;23.867
H25;7;SA;01:15-01:30;22.999
H25;7;SA;01:30-01:45;22.292
H25;7;SA;01:45-02:00;21.735
H25;7;SA;02:00-02:15;21.261
H25;7;SA;02:15-02:30;20.973
H25;7;SA;02:30-02:45;20.65
H25;7;SA;02:45-03:00;20.404
H25;7;SA;03:00-03:15;20.328
H25;7;SA;03:15-03:30;20.206
H25;7;SA;03:30-03:45;20.029
H25;7;SA;03:45-04:00;19.877
H25;7;SA;04:00-04:15;20.084
H25;7;SA;04:15-04:30;20.037
H25;7;SA;04:30-04:45;20.029
H25;7;SA;04:45-05:00;19.969
H25;7;SA;05:00-05:15;20.278
H25;7;SA;05:15-05:30;20.129
H25;7;SA;05:30-05:45;20.442
H25;7;SA;05:45-06:00;20.754
H25;7;SA;06:00-06:15;22.057
H25;7;SA;06:15-06:30;22.766
H25;7;SA;06:30-06:45;23.699
H25;7;SA;06:45-07:00;24.75
H25;7;SA;07:00-07:15;26.517
H25;7;SA;07:15-07:30;28.136
H25;7;SA;07:30-07:45;29.764
H25;7;SA;07:45-08:00;31.191
H25;7;SA;08:00-08:15;32.718
H25;7;SA;08:15-08:30;34.066
H25;7;SA;08:30-08:45;35.197
H25;7;SA;08:45-09:00;36.253
H25;7;SA;09:00-09:15;37.003
H25;7;SA;09:15-09:30;37.982
H25;7;SA;09:30-09:45;38.56
H25;7;SA;09:45-10:00;38.901
H25;7;SA;10:00-10:15;39.461
H25;7;SA;10:15-10:30;39.852
H25;7;SA;10:30-10:45;40.4
H25;7;SA;10:45-11:00;41.208
H25;7;SA;11:00-11:15;42.205
H25;7;SA;11:15-11:30;43.338
H25;7;SA;11:30-11:45;43.713
H25;7;SA;11:45-12:00;44.158
H25;7;SA;12:00-12:15;43.973
H25;7;SA;12:15-12:30;43.55
H25;7;SA;12:30-12:45;43.098
H25;7;SA;12:45-13:00;42.487
H25;7;SA;13:00-13:15;41.816
H25;7;SA;13:15-13:30;41.406
H25;7;SA;13:30-13:45;40.782
H25;7;SA;13:45-14:00;40.337
H25;7;SA;14:00-14:15;40.188
H25;7;SA;14:15-14:30;40.083
H25;7;SA;14:30-14:45;39.851
H25;7;SA;14:45-15:00;39.655
H25;7;SA;15:00-15:15;39.618
H25;7;SA;15:15-15:30;39.455
H25;7;SA;15:30-15:45;39.459
H25;7;SA;15:45-16:00;39.307
H25;7;SA;16:00-16:15;39.207
H25;7;SA;16:15-16:30;39.296
H25;7;SA;16:30-16:45;39.418
H25;7;SA;16:45-17:00;39.909
H25;7;SA;17:00-17:15;40.496
H25;7;SA;17:15-17:30;40.95
H25;7;SA;17:30-17:45;41.555
H25;7;SA;17:45-18:00;42.268
H25;7;SA;18:00-18:15;42.821
H25;7;SA;18:15-18:30;43.329
H25;7;SA;18:30-18:45;43.551
H25;7;SA;18:45-19:00;43.428
H25;7;SA;19:00-19:15;43.088
H25;7;SA;19:15-19:30;42.789
H25;7;SA;19:30-19:45;42.459
H25;7;SA;19:45-20:00;42.127
H25;7;SA;20:00-20:15;41.776
H25;7;SA;20:15-20:30;41.163
H25;7;SA;20:30-20:45;40.509
H25;7;SA;20:45-21:00;40.004
H25;7;SA;21:00-21:15;39.7
H25;7;SA;21:15-21:30;39.071
H25;7;SA;21:30-21:45;39.013
H25;7;SA;21:45-22:00;39.338
H25;7;SA;22:00-22:15;39.387
H25;7;SA;22:15-22:30;38.223
H25;7;SA;22:30-22:45;36.981
H25;7;SA;22:45-23:00;35.681
H25;7;SA;23:00-23:15;34.406
H25;7;SA;23:15-23:30;32.96
H25;7;SA;23:30-23:45;31.747
H25;7;SA;23:45-00:00;30.267
H25;7;FT;00:00-00:15;28.737
H25;7;FT;00:15-00:30;27.379
H25;7;FT;00:30-00:45;26.3
H25;7;FT;00:45-01:00;25.299
H25;7;FT;01:00-01:15;24.452
H25;7;FT;01:15-01:30;23.532
H25;7;FT;01:30-01:45;22.911
H25;7;FT;01:45-02:00;22.278
H25;7;FT;02:00-02:15;21.815
H25;7;FT;02:15-02:30;21.318
H25;7;FT;02:30-02:45;20.97
H25;7;FT;02:45-03:00;20.642
H25;7;FT;03:00-03:15;20.475
H25;7;FT;03:15-03:30;20.213
H25;7;FT;03:30-03:45;20.012
H25;7;FT;03:45-04:00;19.815
H25;7;FT;04:00-04:15;19.871
H25;7;FT;04:15-04:30;19.699
H25;7;FT;04:30-04:45;19.729
H25;7;FT;04:45-05:00;19.641
H25;7;FT;05:00-05:15;19.858
H25;7;FT;05:15-05:30;19.639
H25;7;FT;05:30-05:45;19.961
H25;7;FT;05:45-06:00;20.153
H25;7;FT;06:00-06:15;21.078
H25;7;FT;06:15-06:30;21.48
H25;7;FT;06:30-06:45;22.319
H25;7;FT;06:45-07:00;23.124
H25;7;FT;07:00-07:15;24.607
H25;7;FT;07:15-07:30;26.134
H25;7;FT;07:30-07:45;27.948
H25;7;FT;07:45-08:00;29.615
H25;7;FT;08:00-08:15;31.58
H25;7;FT;08:15-08:30;33.612
H25;7;FT;08:30-08:45;35.241
H25;7;FT;08:45-09:00;36.786
H25;7;FT;09:00-09:15;38.383
H25;7;FT;09:15-09:30;39.83
H25;7;FT;09:30-09:45;41.103
H25;7;FT;09:45-10:00;42.032
H25;7;FT;10:00-10:15;43.068
H25;7;FT;10:15-10:30;44.126
H25;7;FT;10:30-10:45;45.135
H25;7;FT;10:45-11:00;46.327
H25;7;FT;11:00-11:15;47.787
H25;7;FT;11:15-11:30;49.404
H25;7;FT;11:30-11:45;50.398
H25;7;FT;11:45-12:00;50.633
H25;7;FT;12:00-12:15;49.781
H25;7;FT;12:15-12:30;48.665
H25;7;FT;12:30-12:45;47.688
H25;7;FT;12:45-13:00;46.388
H25;7;FT;13:00-13:15;45.129
H25;7;FT;13:15-13:30;43.965
H25;7;FT;13:30-13:45;42.864
H25;7;FT;13:45-14:00;42.046
H25;7;FT;14:00-14:15;41.393
H25;7;FT;14:15-14:30;40.648
H25;7;FT;14:30-14:45;40.277
H25;7;FT;14:45-15:00;39.851
H25;7;FT;15:00-15:15;39.611
H25;7;FT;15:15-15:30;39.208
H25;7;FT;15:30-15:45;38.91
H25;7;FT;15:45-16:00;38.571
H25;7;FT;16:00-16:15;38.25
H25;7;FT;16:15-16:30;38.32
H25;7;FT;16:30-16:45;38.793
H25;7;FT;16:45-17:00;39.552
H25;7;FT;17:00-17:15;40.409
H25;7;FT;17:15-17:30;41.236
H25;7;FT;17:30-17:45;42.151
H25;7;FT;17:45-18:00;43.131
H25;7;FT;18:00-18:15;44.059
H25;7;FT;18:15-18:30;44.449
H25;7;FT;18:30-18:45;44.587
H25;7;FT;18:45-19:00;44.952
H25;7;FT;19:00-19:15;45.041
H25;7;FT;19:15-19:30;44.627
H25;7;FT;19:30-19:45;44.29
H25;7;FT;19:45-20:00;44.246
H25;7;FT;20:00-20:15;43.99
H25;7;FT;20:15-20:30;43.233
H25;7;FT;20:30-20:45;42.585
H25;7;FT;20:45-21:00;41.818
H25;7;FT;21:00-21:15;41.248
H25;7;FT;21:15-21:30;40.445
H25;7;FT;21:30-21:45;40.215
H25;7;FT;21:45-22:00;40.393
H25;7;FT;22:00-22:15;39.753
H25;7;FT;22:15-22:30;38.17
H25;7;FT;22:30-22:45;36.385
H25;7;FT;22:45-23:00;34.355
H25;7;FT;23:00-23:15;32.403
H25;7;FT;23:15-23:30;30.499
H25;7;FT;23:30-23:45;28.893
H25;7;FT;23:45-00:00;27.31
H25;7;WT;00:00-00:15;25.976
H25;7;WT;00:15-00:30;24.627
H25;7;WT;00:30-00:45;23.677
H25;7;WT;00:45-01:00;22.711
H25;7;WT;01:00-01:15;21.994
H25;7;WT;01:15-01:30;21.288
H25;7;WT;01:30-01:45;20.645
H25;7;WT;01:45-02:00;20.19
H25;7;WT;02:00-02:15;19.913
H25;7;WT;02:15-02:30;19.678
H25;7;WT;02:30-02:45;19.48
H25;7;WT;02:45-03:00;19.34
H25;7;WT;03:00-03:15;19.356
H25;7;WT;03:15-03:30;19.243
H25;7;WT;03:30-03:45;19.204
H25;7;WT;03:45-04:00;19.179
H25;7;WT;04:00-04:15;19.537
H25;7;WT;04:15-04:30;19.747
H25;7;WT;04:30-04:45;20.034
H25;7;WT;04:45-05:00;20.309
H25;7;WT;05:00-05:15;21.139
H25;7;WT;05:15-05:30;21.334
H25;7;WT;05:30-05:45;22.068
H25;7;WT;05:45-06:00;22.631
H25;7;WT;06:00-06:15;24.415
H25;7;WT;06:15-06:30;25.429
H25;7;WT;06:30-06:45;26.209
H25;7;WT;06:45-07:00;26.886
H25;7;WT;07:00-07:15;27.683
H25;7;WT;07:15-07:30;28.163
H25;7;WT;07:30-07:45;28.379
H25;7;WT;07:45-08:00;28.223
H25;7;WT;08:00-08:15;28.02
H25;7;WT;08:15-08:30;28.11
H25;7;WT;08:30-08:45;28.087
H25;7;WT;08:45-09:00;28.096
H25;7;WT;09:00-09:15;28.306
H25;7;WT;09:15-09:30;28.449
H25;7;WT;09:30-09:45;28.427
H25;7;WT;09:45-10:00;28.344
H25;7;WT;10:00-10:15;28.352
H25;7;WT;10:15-10:30;28.654
H25;7;WT;10:30-10:45;29.056
H25;7;WT;10:45-11:00;29.474
H25;7;WT;11:00-11:15;30.299
H25;7;WT;11:15-11:30;31.3
H25;7;WT;11:30-11:45;32.139
H25;7;WT;11:45-12:00;32.594
H25;7;WT;12:00-12:15;33.039
H25;7;WT;12:15-12:30;33.043
H25;7;WT;12:30-12:45;32.732
H25;7;WT;12:45-13:00;32.485
H25;7;WT;13:00-13:15;32.164
H25;7;WT;13:15-13:30;31.896
H25;7;WT;13:30-13:45;31.51
H25;7;WT;13:45-14:00;31.243
H25;7;WT;14:00-14:15;30.923
H25;7;WT;14:15-14:30;30.804
H25;7;WT;14:30-14:45;30.464
H25;7;WT;14:45-15:00;30.491
H25;7;WT;15:00-15:15;30.662
H25;7;WT;15:15-15:30;30.703
H25;7;WT;15:30-15:45;30.828
H25;7;WT;15:45-16:00;31.139
H25;7;WT;16:00-16:15;31.864
H25;7;WT;16:15-16:30;32.477
H25;7;WT;16:30-16:45;33.25
H25;7;WT;16:45-17:00;34.262
H25;7;WT;17:00-17:15;35.506
H25;7;WT;17:15-17:30;36.877
H25;7;WT;17:30-17:45;38.028
H25;7;WT;17:45-18:00;39.264
H25;7;WT;18:00-18:15;40.522
H25;7;WT;18:15-18:30;41.536
H25;7;WT;18:30-18:45;42.49
H25;7;WT;18:45-19:00;43.196
H25;7;WT;19:00-19:15;43.346
H25;7;WT;19:15-19:30;43.451
H25;7;WT;19:30-19:45;43.438
H25;7;WT;19:45-20:00;43.375
H25;7;WT;20:00-20:15;43.076
H25;7;WT;20:15-20:30;42.517
H25;7;WT;20:30-20:45;41.909
H25;7;WT;20:45-21:00;41.394
H25;7;WT;21:00-21:15;40.896
H25;7;WT;21:15-21:30;40.168
H25;7;WT;21:30-21:45;39.983
H25;7;WT;21:45-22:00;40.326
H25;7;WT;22:00-22:15;40.156
H25;7;WT;22:15-22:30;38.625
H25;7;WT;22:30-22:45;36.886
H25;7;WT;22:45-23:00;34.921
H25;7;WT;23:00-23:15;32.931
H25;7;WT;23:15-23:30;30.998
H25;7;WT;23:30-23:45;29.398
H25;7;WT;23:45-00:00;27.888
H25;8;SA;00:00-00:15;26.762
H25;8;SA;00:15-00:30;25.412
H25;8;SA;00:30-00:45;24.561
H25;8;SA;00:45-01:00;23.525
H25;8;SA;01:00-01:15;22.842
H25;8;SA;01:15-01:30;22.101
H25;8;SA;01:30-01:45;21.377
H25;8;SA;01:45-02:00;20.887
H25;8;SA;02:00-02:15;20.537
H25;8;SA;02:15-02:30;20.195
H25;8;SA;02:30-02:45;19.927
H25;8;SA;02:45-03:00;19.768
H25;8;SA;03:00-03:15;19.597
H25;8;SA;03:15-03:30;19.431
H25;8;SA;03:30-03:45;19.335
H25;8;SA;03:45-04:00;19.192
H25;8;SA;04:00-04:15;19.293
H25;8;SA;04:15-04:30;19.32
H25;8;SA;04:30-04:45;19.357
H25;8;SA;04:45-05:00;19.537
H25;8;SA;05:00-05:15;19.961
H25;8;SA;05:15-05:30;19.924
H25;8;SA;05:30-05:45;20.33
H25;8;SA;05:45-06:00;20.487
H25;8;SA;06:00-06:15;21.556
H25;8;SA;06:15-06:30;21.9
H25;8;SA;06:30-06:45;22.8
H25;8;SA;06:45-07:00;23.876
H25;8;SA;07:00-07:15;25.501
H25;8;SA;07:15-07:30;27.085
H25;8;SA;07:30-07:45;28.681
H25;8;SA;07:45-08:00;29.972
H25;8;SA;08:00-08:15;31.503
H25;8;SA;08:15-08:30;32.935
H25;8;SA;08:30-08:45;33.879
H25;8;SA;08:45-09:00;34.651
H25;8;SA;09:00-09:15;35.576
H25;8;SA;09:15-09:30;36.317
H25;8;SA;09:30-09:45;36.86
H25;8;SA;09:45-10:00;37.52
H25;8;SA;10:00-10:15;37.967
H25;8;SA;10:15-10:30;38.661
H25;8;SA;10:30-10:45;39.221
H25;8;SA;10:45-11:00;39.801
H25;8;SA;11:00-11:15;40.608
H25;8;SA;11:15-11:30;41.689
H25;8;SA;11:30-11:45;42.603
H25;8;SA;11:45-12:00;42.818
H25;8;SA;12:00-12:15;42.62
H25;8;SA;12:15-12:30;42.2
H25;8;SA;12:30-12:45;41.687
H25;8;SA;12:45-13:00;41.044
H25;8;SA;13:00-13:15;40.516
H25;8;SA;13:15-13:30;39.78
H25;8;SA;13:30-13:45;39.262
H25;8;SA;13:45-14:00;39.022
H25;8;SA;14:00-14:15;38.893
H25;8;SA;14:15-14:30;38.426
H25;8;SA;14:30-14:45;38.209
H25;8;SA;14:45-15:00;37.939
H25;8;SA;15:00-15:15;37.781
H25;8;SA;15:15-15:30;37.551
H25;8;SA;15:30-15:45;37.527
H25;8;SA;15:45-16:00;37.35
H25;8;SA;16:00-16:15;37.433
H25;8;SA;16:15-16:30;37.662
H25;8;SA;16:30-16:45;37.752
H25;8;SA;16:45-17:00;38.118
H25;8;SA;17:00-17:15;38.497
H25;8;SA;17:15-17:30;39.194
H25;8;SA;17:30-17:45;40.034
H25;8;SA;17:45-18:00;40.615
H25;8;SA;18:00-18:15;41.084
H25;8;SA;18:15-18:30;41.686
H25;8;SA;18:30-18:45;41.824
H25;8;SA;18:45-19:00;41.887
H25;8;SA;19:00-19:15;41.631
H25;8;SA;19:15-19:30;41.546
H25;8;SA;19:30-19:45;41.264
H25;8;SA;19:45-20:00;41.008
H25;8;SA;20:00-20:15;40.869
H25;8;SA;20:15-20:30;40.724
H25;8;SA;20:30-20:45;40.723
H25;8;SA;20:45-21:00;40.887
H25;8;SA;21:00-21:15;40.839
H25;8;SA;21:15-21:30;40.245
H25;8;SA;21:30-21:45;39.568
H25;8;SA;21:45-22:00;39.022
H25;8;SA;22:00-22:15;38.24
H25;8;SA;22:15-22:30;36.756
H25;8;SA;22:30-22:45;35.524
H25;8;SA;22:45-23:00;34.232
H25;8;SA;23:00-23:15;32.886
H25;8;SA;23:15-23:30;31.528
H25;8;SA;23:30-23:45;30.373
H25;8;SA;23:45-00:00;29.059
H25;8;FT;00:00-00:15;27.556
H25;8;FT;00:15-00:30;26.314
H25;8;FT;00:30-00:45;25.227
H25;8;FT;00:45-01:00;24.307
H25;8;FT;01:00-01:15;23.501
H25;8;FT;01:15-01:30;22.692
H25;8;FT;01:30-01:45;22.126
H25;8;FT;01:45-02:00;21.476
H25;8;FT;02:00-02:15;21.074
H25;8;FT;02:15-02:30;20.644
H25;8;FT;02:30-02:45;20.315
H25;8;FT;02:45-03:00;20.015
H25;8;FT;03:00-03:15;19.818
H25;8;FT;03:15-03:30;19.613
H25;8;FT;03:30-03:45;19.401
H25;8;FT;03:45-04:00;19.278
H25;8;FT;04:00-04:15;19.184
H25;8;FT;04:15-04:30;19.148
H25;8;FT;04:30-04:45;19.137
H25;8;FT;04:45-05:00;19.377
H25;8;FT;05:00-05:15;19.805
H25;8;FT;05:15-05:30;19.619
H25;8;FT;05:30-05:45;19.922
H25;8;FT;05:45-06:00;20.01
H25;8;FT;06:00-06:15;20.74
H25;8;FT;06:15-06:30;20.917
H25;8;FT;06:30-06:45;21.619
H25;8;FT;06:45-07:00;22.446
H25;8;FT;07:00-07:15;24.015
H25;8;FT;07:15-07:30;25.416
H25;8;FT;07:30-07:45;27.301
H25;8;FT;07:45-08:00;29.136
H25;8;FT;08:00-08:15;31.053
H25;8;FT;08:15-08:30;32.953
H25;8;FT;08:30-08:45;34.615
H25;8;FT;08:45-09:00;36.044
H25;8;FT;09:00-09:15;37.635
H25;8;FT;09:15-09:30;38.968
H25;8;FT;09:30-09:45;40.072
H25;8;FT;09:45-10:00;40.96
H25;8;FT;10:00-10:15;41.859
H25;8;FT;10:15-10:30;42.883
H25;8;FT;10:30-10:45;43.777
H25;8;FT;10:45-11:00;44.838
H25;8;FT;11:00-11:15;46.249
H25;8;FT;11:15-11:30;47.764
H25;8;FT;11:30-11:45;48.605
H25;8;FT;11:45-12:00;48.49
H25;8;FT;12:00-12:15;47.631
H25;8;FT;12:15-12:30;46.737
H25;8;FT;12:30-12:45;45.364
H25;8;FT;12:45-13:00;44.309
H25;8;FT;13:00-13:15;42.951
H25;8;FT;13:15-13:30;41.8
H25;8;FT;13:30-13:45;40.897
H25;8;FT;13:45-14:00;40.126
H25;8;FT;14:00-14:15;39.246
H25;8;FT;14:15-14:30;38.696
H25;8;FT;14:30-14:45;38.415
H25;8;FT;14:45-15:00;37.731
H25;8;FT;15:00-15:15;37.364
H25;8;FT;15:15-15:30;36.952
H25;8;FT;15:30-15:45;36.761
H25;8;FT;15:45-16:00;36.442
H25;8;FT;16:00-16:15;36.239
H25;8;FT;16:15-16:30;36.41
H25;8;FT;16:30-16:45;37.013
H25;8;FT;16:45-17:00;37.679
H25;8;FT;17:00-17:15;38.563
H25;8;FT;17:15-17:30;39.637
H25;8;FT;17:30-17:45;40.625
H25;8;FT;17:45-18:00;41.604
H25;8;FT;18:00-18:15;42.562
H25;8;FT;18:15-18:30;43.247
H25;8;FT;18:30-18:45;43.611
H25;8;FT;18:45-19:00;43.948
H25;8;FT;19:00-19:15;43.828
H25;8;FT;19:15-19:30;43.607
H25;8;FT;19:30-19:45;43.464
H25;8;FT;19:45-20:00;43.376
H25;8;FT;20:00-20:15;43.213
H25;8;FT;20:15-20:30;42.797
H25;8;FT;20:30-20:45;42.546
H25;8;FT;20:45-21:00;42.614
H25;8;FT;21:00-21:15;42.518
H25;8;FT;21:15-21:30;41.63
H25;8;FT;21:30-21:45;40.671
H25;8;FT;21:45-22:00;39.855
H25;8;FT;22:00-22:15;38.369
H25;8;FT;22:15-22:30;36.053
H25;8;FT;22:30-22:45;34.29
H25;8;FT;22:45-23:00;32.301
H25;8;FT;23:00-23:15;30.541
H25;8;FT;23:15-23:30;28.767
H25;8;FT;23:30-23:45;27.335
H25;8;FT;23:45-00:00;25.969
H25;8;WT;00:00-00:15;24.849
H25;8;WT;00:15-00:30;23.605
H25;8;WT;00:30-00:45;22.732
H25;8;WT;00:45-01:00;21.924
H25;8;WT;01:00-01:15;21.275
H25;8;WT;01:15-01:30;20.63
H25;8;WT;01:30-01:45;20.1
H25;8;WT;01:45-02:00;19.651
H25;8;WT;02:00-02:15;19.425
H25;8;WT;02:15-02:30;19.212
H25;8;WT;02:30-02:45;19.024
H25;8;WT;02:45-03:00;18.892
H25;8;WT;03:00-03:15;18.902
H25;8;WT;03:15-03:30;18.804
H25;8;WT;03:30-03:45;18.792
H25;8;WT;03:45-04:00;18.726
H25;8;WT;04:00-04:15;19.013
H25;8;WT;04:15-04:30;19.205
H25;8;WT;04:30-04:45;19.539
H25;8;WT;04:45-05:00;20.054
H25;8;WT;05:00-05:15;21.112
H25;8;WT;05:15-05:30;21.535
H25;8;WT;05:30-05:45;22.381
H25;8;WT;05:45-06:00;22.901
H25;8;WT;06:00-06:15;24.469
H25;8;WT;06:15-06:30;25.242
H25;8;WT;06:30-06:45;25.837
H25;8;WT;06:45-07:00;26.271
H25;8;WT;07:00-07:15;26.798
H25;8;WT;07:15-07:30;27.122
H25;8;WT;07:30-07:45;27.125
H25;8;WT;07:45-08:00;26.694
H25;8;WT;08:00-08:15;26.371
H25;8;WT;08:15-08:30;26.412
H25;8;WT;08:30-08:45;26.272
H25;8;WT;08:45-09:00;26.272
H25;8;WT;09:00-09:15;26.568
H25;8;WT;09:15-09:30;26.709
H25;8;WT;09:30-09:45;26.649
H25;8;WT;09:45-10:00;26.668
H25;8;WT;10:00-10:15;26.71
H25;8;WT;10:15-10:30;26.871
H25;8;WT;10:30-10:45;27.321
H25;8;WT;10:45-11:00;27.847
H25;8;WT;11:00-11:15;28.688
H25;8;WT;11:15-11:30;29.553
H25;8;WT;11:30-11:45;30.346
H25;8;WT;11:45-12:00;30.955
H25;8;WT;12:00-12:15;31.414
H25;8;WT;12:15-12:30;31.47
H25;8;WT;12:30-12:45;31.245
H25;8;WT;12:45-13:00;30.953
H25;8;WT;13:00-13:15;30.675
H25;8;WT;13:15-13:30;30.528
H25;8;WT;13:30-13:45;30.245
H25;8;WT;13:45-14:00;29.855
H25;8;WT;14:00-14:15;29.621
H25;8;WT;14:15-14:30;29.387
H25;8;WT;14:30-14:45;29.07
H25;8;WT;14:45-15:00;29.221
H25;8;WT;15:00-15:15;29.453
H25;8;WT;15:15-15:30;29.481
H25;8;WT;15:30-15:45;29.601
H25;8;WT;15:45-16:00;30.035
H25;8;WT;16:00-16:15;30.777
H25;8;WT;16:15-16:30;31.376
H25;8;WT;16:30-16:45;32.06
H25;8;WT;16:45-17:00;32.937
H25;8;WT;17:00-17:15;34.282
H25;8;WT;17:15-17:30;35.568
H25;8;WT;17:30-17:45;36.86
H25;8;WT;17:45-18:00;38.25
H25;8;WT;18:00-18:15;39.435
H25;8;WT;18:15-18:30;40.511
H25;8;WT;18:30-18:45;41.439
H25;8;WT;18:45-19:00;42.122
H25;8;WT;19:00-19:15;42.278
H25;8;WT;19:15-19:30;42.402
H25;8;WT;19:30-19:45;42.516
H25;8;WT;19:45-20:00;42.57
H25;8;WT;20:00-20:15;42.483
H25;8;WT;20:15-20:30;42.451
H25;8;WT;20:30-20:45;42.476
H25;8;WT;20:45-21:00;42.577
H25;8;WT;21:00-21:15;42.43
H25;8;WT;21:15-21:30;41.502
H25;8;WT;21:30-21:45;40.547
H25;8;WT;21:45-22:00;39.723
H25;8;WT;22:00-22:15;38.55
H25;8;WT;22:15-22:30;36.435
H25;8;WT;22:30-22:45;34.594
H25;8;WT;22:45-23:00;32.689
H25;8;WT;23:00-23:15;30.886
H25;8;WT;23:15-23:30;29.182
H25;8;WT;23:30-23:45;27.818
H25;8;WT;23:45-00:00;26.488
H25;9;SA;00:00-00:15;23.55
H25;9;SA;00:15-00:30;22.282
H25;9;SA;00:30-00:45;21.458
H25;9;SA;00:45-01:00;20.445
H25;9;SA;01:00-01:15;19.743
H25;9;SA;01:15-01:30;19.006
H25;9;SA;01:30-01:45;18.287
H25;9;SA;01:45-02:00;17.779
H25;9;SA;02:00-02:15;17.488
H25;9;SA;02:15-02:30;17.218
H25;9;SA;02:30-02:45;17.079
H25;9;SA;02:45-03:00;16.988
H25;9;SA;03:00-03:15;16.926
H25;9;SA;03:15-03:30;16.803
H25;9;SA;03:30-03:45;16.599
H25;9;SA;03:45-04:00;16.518
H25;9;SA;04:00-04:15;16.613
H25;9;SA;04:15-04:30;16.58
H25;9;SA;04:30-04:45;16.604
H25;9;SA;04:45-05:00;16.935
H25;9;SA;05:00-05:15;17.269
H25;9;SA;05:15-05:30;17.28
H25;9;SA;05:30-05:45;17.767
H25;9;SA;05:45-06:00;18.457
H25;9;SA;06:00-06:15;19.974
H25;9;SA;06:15-06:30;20.837
H25;9;SA;06:30-06:45;21.813
H25;9;SA;06:45-07:00;22.881
H25;9;SA;07:00-07:15;24.623
H25;9;SA;07:15-07:30;26.342
H25;9;SA;07:30-07:45;28.325
H25;9;SA;07:45-08:00;30.006
H25;9;SA;08:00-08:15;31.611
H25;9;SA;08:15-08:30;32.972
H25;9;SA;08:30-08:45;33.975
H25;9;SA;08:45-09:00;34.798
H25;9;SA;09:00-09:15;35.701
H25;9;SA;09:15-09:30;36.325
H25;9;SA;09:30-09:45;36.991
H25;9;SA;09:45-10:00;37.391
H25;9;SA;10:00-10:15;37.767
H25;9;SA;10:15-10:30;38.139
H25;9;SA;10:30-10:45;38.548
H25;9;SA;10:45-11:00;39.06
H25;9;SA;11:00-11:15;40.048
H25;9;SA;11:15-11:30;40.977
H25;9;SA;11:30-11:45;41.586
H25;9;SA;11:45-12:00;41.735
H25;9;SA;12:00-12:15;41.236
H25;9;SA;12:15-12:30;40.829
H25;9;SA;12:30-12:45;39.981
H25;9;SA;12:45-13:00;39.208
H25;9;SA;13:00-13:15;38.667
H25;9;SA;13:15-13:30;38.04
H25;9;SA;13:30-13:45;37.482
H25;9;SA;13:45-14:00;37.114
H25;9;SA;14:00-14:15;36.672
H25;9;SA;14:15-14:30;36.421
H25;9;SA;14:30-14:45;36.273
H25;9;SA;14:45-15:00;36.096
H25;9;SA;15:00-15:15;35.973
H25;9;SA;15:15-15:30;35.831
H25;9;SA;15:30-15:45;35.521
H25;9;SA;15:45-16:00;35.37
H25;9;SA;16:00-16:15;35.327
H25;9;SA;16:15-16:30;35.634
H25;9;SA;16:30-16:45;35.951
H25;9;SA;16:45-17:00;36.416
H25;9;SA;17:00-17:15;37.021
H25;9;SA;17:15-17:30;37.881
H25;9;SA;17:30-17:45;38.817
H25;9;SA;17:45-18:00;39.742
H25;9;SA;18:00-18:15;40.658
H25;9;SA;18:15-18:30;41.489
H25;9;SA;18:30-18:45;42.131
H25;9;SA;18:45-19:00;42.599
H25;9;SA;19:00-19:15;42.992
H25;9;SA;19:15-19:30;43.747
H25;9;SA;19:30-19:45;44.454
H25;9;SA;19:45-20:00;44.596
H25;9;SA;20:00-20:15;44.743
H25;9;SA;20:15-20:30;43.83
H25;9;SA;20:30-20:45;42.682
H25;9;SA;20:45-21:00;41.567
H25;9;SA;21:00-21:15;40.235
H25;9;SA;21:15-21:30;38.845
H25;9;SA;21:30-21:45;37.489
H25;9;SA;21:45-22:00;36.704
H25;9;SA;22:00-22:15;35.453
H25;9;SA;22:15-22:30;33.89
H25;9;SA;22:30-22:45;32.825
H25;9;SA;22:45-23:00;31.468
H25;9;SA;23:00-23:15;30.014
H25;9;SA;23:15-23:30;28.719
H25;9;SA;23:30-23:45;27.484
H25;9;SA;23:45-00:00;26.145
H25;9;FT;00:00-00:15;25.014
H25;9;FT;00:15-00:30;23.683
H25;9;FT;00:30-00:45;22.735
H25;9;FT;00:45-01:00;21.814
H25;9;FT;01:00-01:15;21.023
H25;9;FT;01:15-01:30;20.187
H25;9;FT;01:30-01:45;19.563
H25;9;FT;01:45-02:00;19.015
H25;9;FT;02:00-02:15;18.669
H25;9;FT;02:15-02:30;18.329
H25;9;FT;02:30-02:45;18.11
H25;9;FT;02:45-03:00;17.838
H25;9;FT;03:00-03:15;17.737
H25;9;FT;03:15-03:30;17.499
H25;9;FT;03:30-03:45;17.221
H25;9;FT;03:45-04:00;17.094
H25;9;FT;04:00-04:15;17.043
H25;9;FT;04:15-04:30;16.947
H25;9;FT;04:30-04:45;17.041
H25;9;FT;04:45-05:00;17.281
H25;9;FT;05:00-05:15;17.61
H25;9;FT;05:15-05:30;17.564
H25;9;FT;05:30-05:45;17.985
H25;9;FT;05:45-06:00;18.461
H25;9;FT;06:00-06:15;19.485
H25;9;FT;06:15-06:30;20.049
H25;9;FT;06:30-06:45;20.72
H25;9;FT;06:45-07:00;21.54
H25;9;FT;07:00-07:15;23.02
H25;9;FT;07:15-07:30;24.603
H25;9;FT;07:30-07:45;26.618
H25;9;FT;07:45-08:00;28.631
H25;9;FT;08:00-08:15;30.83
H25;9;FT;08:15-08:30;32.893
H25;9;FT;08:30-08:45;34.589
H25;9;FT;08:45-09:00;36.08
H25;9;FT;09:00-09:15;37.73
H25;9;FT;09:15-09:30;39.164
H25;9;FT;09:30-09:45;40.344
H25;9;FT;09:45-10:00;41.31
H25;9;FT;10:00-10:15;42.421
H25;9;FT;10:15-10:30;43.348
H25;9;FT;10:30-10:45;44.349
H25;9;FT;10:45-11:00;45.437
H25;9;FT;11:00-11:15;46.867
H25;9;FT;11:15-11:30;48.3
H25;9;FT;11:30-11:45;49.296
H25;9;FT;11:45-12:00;49.198
H25;9;FT;12:00-12:15;48.098
H25;9;FT;12:15-12:30;46.956
H25;9;FT;12:30-12:45;45.698
H25;9;FT;12:45-13:00;44.344
H25;9;FT;13:00-13:15;43.064
H25;9;FT;13:15-13:30;41.814
H25;9;FT;13:30-13:45;40.845
H25;9;FT;13:45-14:00;39.914
H25;9;FT;14:00-14:15;39.259
H25;9;FT;14:15-14:30;38.72
H25;9;FT;14:30-14:45;38.109
H25;9;FT;14:45-15:00;37.638
H25;9;FT;15:00-15:15;37.242
H25;9;FT;15:15-15:30;36.803
H25;9;FT;15:30-15:45;36.458
H25;9;FT;15:45-16:00;36.313
H25;9;FT;16:00-16:15;36.224
H25;9;FT;16:15-16:30;36.378
H25;9;FT;16:30-16:45;36.906
H25;9;FT;16:45-17:00;37.706
H25;9;FT;17:00-17:15;38.69
H25;9;FT;17:15-17:30;39.957
H25;9;FT;17:30-17:45;41.254
H25;9;FT;17:45-18:00;42.605
H25;9;FT;18:00-18:15;43.777
H25;9;FT;18:15-18:30;44.573
H25;9;FT;18:30-18:45;45.079
H25;9;FT;18:45-19:00;45.769
H25;9;FT;19:00-19:15;46.025
H25;9;FT;19:15-19:30;46.442
H25;9;FT;19:30-19:45;46.937
H25;9;FT;19:45-20:00;46.83
H25;9;FT;20:00-20:15;46.7
H25;9;FT;20:15-20:30;45.76
H25;9;FT;20:30-20:45;44.258
H25;9;FT;20:45-21:00;42.75
H25;9;FT;21:00-21:15;41.112
H25;9;FT;21:15-21:30;39.393
H25;9;FT;21:30-21:45;37.858
H25;9;FT;21:45-22:00;36.773
H25;9;FT;22:00-22:15;34.927
H25;9;FT;22:15-22:30;32.614
H25;9;FT;22:30-22:45;30.888
H25;9;FT;22:45-23:00;29.033
H25;9;FT;23:00-23:15;27.199
H25;9;FT;23:15-23:30;25.537
H25;9;FT;23:30-23:45;24.153
H25;9;FT;23:45-00:00;22.771
H25;9;WT;00:00-00:15;21.296
H25;9;WT;00:15-00:30;20.197
H25;9;WT;00:30-00:45;19.484
H25;9;WT;00:45-01:00;18.739
H25;9;WT;01:00-01:15;18.186
H25;9;WT;01:15-01:30;17.559
H25;9;WT;01:30-01:45;17.069
H25;9;WT;01:45-02:00;16.676
H25;9;WT;02:00-02:15;16.51
H25;9;WT;02:15-02:30;16.352
H25;9;WT;02:30-02:45;16.276
H25;9;WT;02:45-03:00;16.189
H25;9;WT;03:00-03:15;16.188
H25;9;WT;03:15-03:30;16.165
H25;9;WT;03:30-03:45;16.139
H25;9;WT;03:45-04:00;16.097
H25;9;WT;04:00-04:15;16.398
H25;9;WT;04:15-04:30;16.565
H25;9;WT;04:30-04:45;16.916
H25;9;WT;04:45-05:00;17.667
H25;9;WT;05:00-05:15;18.737
H25;9;WT;05:15-05:30;19.344
H25;9;WT;05:30-05:45;20.657
H25;9;WT;05:45-06:00;21.948
H25;9;WT;06:00-06:15;24.568
H25;9;WT;06:15-06:30;26.218
H25;9;WT;06:30-06:45;27.326
H25;9;WT;06:45-07:00;27.829
H25;9;WT;07:00-07:15;27.951
H25;9;WT;07:15-07:30;27.69
H25;9;WT;07:30-07:45;27.19
H25;9;WT;07:45-08:00;26.523
H25;9;WT;08:00-08:15;25.973
H25;9;WT;08:15-08:30;25.63
H25;9;WT;08:30-08:45;25.362
H25;9;WT;08:45-09:00;25.056
H25;9;WT;09:00-09:15;25.166
H25;9;WT;09:15-09:30;25.225
H25;9;WT;09:30-09:45;25.08
H25;9;WT;09:45-10:00;24.99
H25;9;WT;10:00-10:15;24.913
H25;9;WT;10:15-10:30;25.038
H25;9;WT;10:30-10:45;25.318
H25;9;WT;10:45-11:00;25.862
H25;9;WT;11:00-11:15;26.488
H25;9;WT;11:15-11:30;27.317
H25;9;WT;11:30-11:45;27.95
H25;9;WT;11:45-12:00;28.356
H25;9;WT;12:00-12:15;28.811
H25;9;WT;12:15-12:30;28.8
H25;9;WT;12:30-12:45;28.649
H25;9;WT;12:45-13:00;28.367
H25;9;WT;13:00-13:15;28.169
H25;9;WT;13:15-13:30;28.087
H25;9;WT;13:30-13:45;27.849
H25;9;WT;13:45-14:00;27.561
H25;9;WT;14:00-14:15;27.199
H25;9;WT;14:15-14:30;27.005
H25;9;WT;14:30-14:45;26.776
H25;9;WT;14:45-15:00;26.8
H25;9;WT;15:00-15:15;27.174
H25;9;WT;15:15-15:30;27.31
H25;9;WT;15:30-15:45;27.53
H25;9;WT;15:45-16:00;27.962
H25;9;WT;16:00-16:15;28.743
H25;9;WT;16:15-16:30;29.393
H25;9;WT;16:30-16:45;30.078
H25;9;WT;16:45-17:00;31.127
H25;9;WT;17:00-17:15;32.614
H25;9;WT;17:15-17:30;34.005
H25;9;WT;17:30-17:45;35.445
H25;9;WT;17:45-18:00;36.961
H25;9;WT;18:00-18:15;38.494
H25;9;WT;18:15-18:30;39.683
H25;9;WT;18:30-18:45;40.842
H25;9;WT;18:45-19:00;41.82
H25;9;WT;19:00-19:15;42.531
H25;9;WT;19:15-19:30;43.516
H25;9;WT;19:30-19:45;44.461
H25;9;WT;19:45-20:00;45.165
H25;9;WT;20:00-20:15;45.494
H25;9;WT;20:15-20:30;44.973
H25;9;WT;20:30-20:45;43.823
H25;9;WT;20:45-21:00;42.446
H25;9;WT;21:00-21:15;41.028
H25;9;WT;21:15-21:30;39.333
H25;9;WT;21:30-21:45;37.749
H25;9;WT;21:45-22:00;36.713
H25;9;WT;22:00-22:15;35.143
H25;9;WT;22:15-22:30;32.869
H25;9;WT;22:30-22:45;31.145
H25;9;WT;22:45-23:00;29.237
H25;9;WT;23:00-23:15;27.463
H25;9;WT;23:15-23:30;25.787
H25;9;WT;23:30-23:45;24.456
H25;9;WT;23:45-00:00;23.115
H25;10;SA;00:00-00:15;22.87
H25;10;SA;00:15-00:30;21.534
H25;10;SA;00:30-00:45;20.761
H25;10;SA;00:45-01:00;19.81
H25;10;SA;01:00-01:15;18.994
H25;10;SA;01:15-01:30;18.273
H25;10;SA;01:30-01:45;17.659
H25;10;SA;01:45-02:00;17.077
H25;10;SA;02:00-02:15;16.839
H25;10;SA;02:15-02:30;16.608
H25;10;SA;02:30-02:45;16.455
H25;10;SA;02:45-03:00;16.309
H25;10;SA;03:00-03:15;16.292
H25;10;SA;03:15-03:30;16.205
H25;10;SA;03:30-03:45;16.17
H25;10;SA;03:45-04:00;16.178
H25;10;SA;04:00-04:15;16.352
H25;10;SA;04:15-04:30;16.399
H25;10;SA;04:30-04:45;16.513
H25;10;SA;04:45-05:00;17.008
H25;10;SA;05:00-05:15;17.249
H25;10;SA;05:15-05:30;17.278
H25;10;SA;05:30-05:45;17.601
H25;10;SA;05:45-06:00;18.13
H25;10;SA;06:00-06:15;19.202
H25;10;SA;06:15-06:30;20.012
H25;10;SA;06:30-06:45;21.074
H25;10;SA;06:45-07:00;22.371
H25;10;SA;07:00-07:15;24.009
H25;10;SA;07:15-07:30;25.331
H25;10;SA;07:30-07:45;26.92
H25;10;SA;07:45-08:00;28.269
H25;10;SA;08:00-08:15;29.87
H25;10;SA;08:15-08:30;31.354
H25;10;SA;08:30-08:45;32.331
H25;10;SA;08:45-09:00;32.928
H25;10;SA;09:00-09:15;33.712
H25;10;SA;09:15-09:30;34.657
H25;10;SA;09:30-09:45;35.255
H25;10;SA;09:45-10:00;35.738
H25;10;SA;10:00-10:15;36.24
H25;10;SA;10:15-10:30;36.593
H25;10;SA;10:30-10:45;36.974
H25;10;SA;10:45-11:00;37.529
H25;10;SA;11:00-11:15;38.405
H25;10;SA;11:15-11:30;39.177
H25;10;SA;11:30-11:45;39.845
H25;10;SA;11:45-12:00;39.978
H25;10;SA;12:00-12:15;39.776
H25;10;SA;12:15-12:30;39.127
H25;10;SA;12:30-12:45;38.576
H25;10;SA;12:45-13:00;38.056
H25;10;SA;13:00-13:15;37.433
H25;10;SA;13:15-13:30;36.828
H25;10;SA;13:30-13:45;36.386
H25;10;SA;13:45-14:00;35.922
H25;10;SA;14:00-14:15;35.511
H25;10;SA;14:15-14:30;35.228
H25;10;SA;14:30-14:45;35.109
H25;10;SA;14:45-15:00;35.025
H25;10;SA;15:00-15:15;34.966
H25;10;SA;15:15-15:30;34.788
H25;10;SA;15:30-15:45;34.64
H25;10;SA;15:45-16:00;34.499
H25;10;SA;16:00-16:15;34.652
H25;10;SA;16:15-16:30;35.035
H25;10;SA;16:30-16:45;35.585
H25;10;SA;16:45-17:00;35.984
H25;10;SA;17:00-17:15;36.883
H25;10;SA;17:15-17:30;37.9
H25;10;SA;17:30-17:45;39.285
H25;10;SA;17:45-18:00;40.726
H25;10;SA;18:00-18:15;42.295
H25;10;SA;18:15-18:30;44.004
H25;10;SA;18:30-18:45;45.376
H25;10;SA;18:45-19:00;46.384
H25;10;SA;19:00-19:15;46.815
H25;10;SA;19:15-19:30;46.577
H25;10;SA;19:30-19:45;45.968
H25;10;SA;19:45-20:00;44.535
H25;10;SA;20:00-20:15;43.357
H25;10;SA;20:15-20:30;41.772
H25;10;SA;20:30-20:45;40.195
H25;10;SA;20:45-21:00;38.952
H25;10;SA;21:00-21:15;37.93
H25;10;SA;21:15-21:30;36.903
H25;10;SA;21:30-21:45;35.781
H25;10;SA;21:45-22:00;35.211
H25;10;SA;22:00-22:15;34.662
H25;10;SA;22:15-22:30;33.245
H25;10;SA;22:30-22:45;32.11
H25;10;SA;22:45-23:00;30.741
H25;10;SA;23:00-23:15;29.353
H25;10;SA;23:15-23:30;28.029
H25;10;SA;23:30-23:45;26.96
H25;10;SA;23:45-00:00;25.439
H25;10;FT;00:00-00:15;23.558
H25;10;FT;00:15-00:30;22.195
H25;10;FT;00:30-00:45;21.169
H25;10;FT;00:45-01:00;20.225
H25;10;FT;01:00-01:15;19.446
H25;10;FT;01:15-01:30;18.716
H25;10;FT;01:30-01:45;18.354
H25;10;FT;01:45-02:00;17.7
H25;10;FT;02:00-02:15;17.174
H25;10;FT;02:15-02:30;16.911
H25;10;FT;02:30-02:45;16.629
H25;10;FT;02:45-03:00;16.405
H25;10;FT;03:00-03:15;16.457
H25;10;FT;03:15-03:30;16.345
H25;10;FT;03:30-03:45;16.172
H25;10;FT;03:45-04:00;16.079
H25;10;FT;04:00-04:15;16.161
H25;10;FT;04:15-04:30;16.043
H25;10;FT;04:30-04:45;16.187
H25;10;FT;04:45-05:00;16.616
H25;10;FT;05:00-05:15;16.85
H25;10;FT;05:15-05:30;16.774
H25;10;FT;05:30-05:45;17.165
H25;10;FT;05:45-06:00;17.777
H25;10;FT;06:00-06:15;18.904
H25;10;FT;06:15-06:30;19.703
H25;10;FT;06:30-06:45;20.624
H25;10;FT;06:45-07:00;21.726
H25;10;FT;07:00-07:15;23.31
H25;10;FT;07:15-07:30;24.745
H25;10;FT;07:30-07:45;26.516
H25;10;FT;07:45-08:00;28.424
H25;10;FT;08:00-08:15;30.519
H25;10;FT;08:15-08:30;32.522
H25;10;FT;08:30-08:45;33.933
H25;10;FT;08:45-09:00;35.284
H25;10;FT;09:00-09:15;36.755
H25;10;FT;09:15-09:30;38.172
H25;10;FT;09:30-09:45;39.369
H25;10;FT;09:45-10:00;40.327
H25;10;FT;10:00-10:15;41.276
H25;10;FT;10:15-10:30;42.235
H25;10;FT;10:30-10:45;43.144
H25;10;FT;10:45-11:00;44.264
H25;10;FT;11:00-11:15;45.671
H25;10;FT;11:15-11:30;47.021
H25;10;FT;11:30-11:45;47.92
H25;10;FT;11:45-12:00;47.836
H25;10;FT;12:00-12:15;46.747
H25;10;FT;12:15-12:30;45.554
H25;10;FT;12:30-12:45;44.347
H25;10;FT;12:45-13:00;43.267
H25;10;FT;13:00-13:15;41.943
H25;10;FT;13:15-13:30;40.951
H25;10;FT;13:30-13:45;40.102
H25;10;FT;13:45-14:00;39.22
H25;10;FT;14:00-14:15;38.407
H25;10;FT;14:15-14:30;37.892
H25;10;FT;14:30-14:45;37.382
H25;10;FT;14:45-15:00;37.001
H25;10;FT;15:00-15:15;36.687
H25;10;FT;15:15-15:30;36.334
H25;10;FT;15:30-15:45;36.1
H25;10;FT;15:45-16:00;35.931
H25;10;FT;16:00-16:15;36.097
H25;10;FT;16:15-16:30;36.486
H25;10;FT;16:30-16:45;37.158
H25;10;FT;16:45-17:00;38.164
H25;10;FT;17:00-17:15;39.584
H25;10;FT;17:15-17:30;41.188
H25;10;FT;17:30-17:45;42.813
H25;10;FT;17:45-18:00;44.214
H25;10;FT;18:00-18:15;45.435
H25;10;FT;18:15-18:30;46.461
H25;10;FT;18:30-18:45;47.279
H25;10;FT;18:45-19:00;48.252
H25;10;FT;19:00-19:15;48.703
H25;10;FT;19:15-19:30;48.547
H25;10;FT;19:30-19:45;47.754
H25;10;FT;19:45-20:00;46.292
H25;10;FT;20:00-20:15;45.021
H25;10;FT;20:15-20:30;43.242
H25;10;FT;20:30-20:45;41.33
H25;10;FT;20:45-21:00;39.777
H25;10;FT;21:00-21:15;38.509
H25;10;FT;21:15-21:30;37.203
H25;10;FT;21:30-21:45;35.799
H25;10;FT;21:45-22:00;35.231
H25;10;FT;22:00-22:15;33.925
H25;10;FT;22:15-22:30;31.777
H25;10;FT;22:30-22:45;30.064
H25;10;FT;22:45-23:00;28.291
H25;10;FT;23:00-23:15;26.611
H25;10;FT;23:15-23:30;25.054
H25;10;FT;23:30-23:45;23.63
H25;10;FT;23:45-00:00;22.181
H25;10;WT;00:00-00:15;20.509
H25;10;WT;00:15-00:30;19.261
H25;10;WT;00:30-00:45;18.58
H25;10;WT;00:45-01:00;17.779
H25;10;WT;01:00-01:15;17.176
H25;10;WT;01:15-01:30;16.61
H25;10;WT;01:30-01:45;16.146
H25;10;WT;01:45-02:00;15.744
H25;10;WT;02:00-02:15;15.63
H25;10;WT;02:15-02:30;15.501
H25;10;WT;02:30-02:45;15.398
H25;10;WT;02:45-03:00;15.358
H25;10;WT;03:00-03:15;15.467
H25;10;WT;03:15-03:30;15.445
H25;10;WT;03:30-03:45;15.486
H25;10;WT;03:45-04:00;15.533
H25;10;WT;04:00-04:15;15.897
H25;10;WT;04:15-04:30;16.145
H25;10;WT;04:30-04:45;16.591
H25;10;WT;04:45-05:00;17.477
H25;10;WT;05:00-05:15;18.375
H25;10;WT;05:15-05:30;18.933
H25;10;WT;05:30-05:45;19.961
H25;10;WT;05:45-06:00;21.216
H25;10;WT;06:00-06:15;23.346
H25;10;WT;06:15-06:30;25.003
H25;10;WT;06:30-06:45;26.149
H25;10;WT;06:45-07:00;27.09
H25;10;WT;07:00-07:15;27.579
H25;10;WT;07:15-07:30;27.595
H25;10;WT;07:30-07:45;27.09
H25;10;WT;07:45-08:00;26.497
H25;10;WT;08:00-08:15;25.928
H25;10;WT;08:15-08:30;25.717
H25;10;WT;08:30-08:45;25.28
H25;10;WT;08:45-09:00;24.967
H25;10;WT;09:00-09:15;24.922
H25;10;WT;09:15-09:30;24.911
H25;10;WT;09:30-09:45;24.948
H25;10;WT;09:45-10:00;24.824
H25;10;WT;10:00-10:15;24.708
H25;10;WT;10:15-10:30;24.858
H25;10;WT;10:30-10:45;25.21
H25;10;WT;10:45-11:00;25.556
H25;10;WT;11:00-11:15;26.192
H25;10;WT;11:15-11:30;27.128
H25;10;WT;11:30-11:45;27.923
H25;10;WT;11:45-12:00;28.393
H25;10;WT;12:00-12:15;28.699
H25;10;WT;12:15-12:30;28.653
H25;10;WT;12:30-12:45;28.534
H25;10;WT;12:45-13:00;28.321
H25;10;WT;13:00-13:15;28.155
H25;10;WT;13:15-13:30;27.983
H25;10;WT;13:30-13:45;27.751
H25;10;WT;13:45-14:00;27.378
H25;10;WT;14:00-14:15;27.114
H25;10;WT;14:15-14:30;26.941
H25;10;WT;14:30-14:45;26.819
H25;10;WT;14:45-15:00;26.874
H25;10;WT;15:00-15:15;27.225
H25;10;WT;15:15-15:30;27.257
H25;10;WT;15:30-15:45;27.353
H25;10;WT;15:45-16:00;27.691
H25;10;WT;16:00-16:15;28.561
H25;10;WT;16:15-16:30;29.205
H25;10;WT;16:30-16:45;30.055
H25;10;WT;16:45-17:00;31.257
H25;10;WT;17:00-17:15;33.074
H25;10;WT;17:15-17:30;34.784
H25;10;WT;17:30-17:45;36.575
H25;10;WT;17:45-18:00;38.465
H25;10;WT;18:00-18:15;40.486
H25;10;WT;18:15-18:30;42.229
H25;10;WT;18:30-18:45;44.094
H25;10;WT;18:45-19:00;45.854
H25;10;WT;19:00-19:15;46.774
H25;10;WT;19:15-19:30;46.946
H25;10;WT;19:30-19:45;46.496
H25;10;WT;19:45-20:00;45.404
H25;10;WT;20:00-20:15;44.215
H25;10;WT;20:15-20:30;42.688
H25;10;WT;20:30-20:45;41.081
H25;10;WT;20:45-21:00;39.711
H25;10;WT;21:00-21:15;38.455
H25;10;WT;21:15-21:30;37.136
H25;10;WT;21:30-21:45;35.817
H25;10;WT;21:45-22:00;35.145
H25;10;WT;22:00-22:15;34.169
H25;10;WT;22:15-22:30;32.076
H25;10;WT;22:30-22:45;30.507
H25;10;WT;22:45-23:00;28.684
H25;10;WT;23:00-23:15;27.038
H25;10;WT;23:15-23:30;25.36
H25;10;WT;23:30-23:45;23.949
H25;10;WT;23:45-00:00;22.507
H25;11;SA;00:00-00:15;21.707
H25;11;SA;00:15-00:30;20.333
H25;11;SA;00:30-00:45;19.296
H25;11;SA;00:45-01:00;18.38
H25;11;SA;01:00-01:15;17.729
H25;11;SA;01:15-01:30;17.151
H25;11;SA;01:30-01:45;16.715
H25;11;SA;01:45-02:00;16.184
H25;11;SA;02:00-02:15;16.016
H25;11;SA;02:15-02:30;15.764
H25;11;SA;02:30-02:45;15.574
H25;11;SA;02:45-03:00;15.404
H25;11;SA;03:00-03:15;15.456
H25;11;SA;03:15-03:30;15.318
H25;11;SA;03:30-03:45;15.234
H25;11;SA;03:45-04:00;15.236
H25;11;SA;04:00-04:15;15.418
H25;11;SA;04:15-04:30;15.313
H25;11;SA;04:30-04:45;15.442
H25;11;SA;04:45-05:00;15.726
H25;11;SA;05:00-05:15;15.779
H25;11;SA;05:15-05:30;15.694
H25;11;SA;05:30-05:45;15.929
H25;11;SA;05:45-06:00;16.513
H25;11;SA;06:00-06:15;17.884
H25;11;SA;06:15-06:30;18.903
H25;11;SA;06:30-06:45;20.128
H25;11;SA;06:45-07:00;21.255
H25;11;SA;07:00-07:15;23.063
H25;11;SA;07:15-07:30;24.63
H25;11;SA;07:30-07:45;26.375
H25;11;SA;07:45-08:00;28.261
H25;11;SA;08:00-08:15;29.802
H25;11;SA;08:15-08:30;31.168
H25;11;SA;08:30-08:45;31.925
H25;11;SA;08:45-09:00;32.652
H25;11;SA;09:00-09:15;33.255
H25;11;SA;09:15-09:30;33.906
H25;11;SA;09:30-09:45;34.321
H25;11;SA;09:45-10:00;34.655
H25;11;SA;10:00-10:15;35.177
H25;11;SA;10:15-10:30;35.654
H25;11;SA;10:30-10:45;36.13
H25;11;SA;10:45-11:00;36.622
H25;11;SA;11:00-11:15;37.418
H25;11;SA;11:15-11:30;38.443
H25;11;SA;11:30-11:45;39.127
H25;11;SA;11:45-12:00;39.417
H25;11;SA;12:00-12:15;38.924
H25;11;SA;12:15-12:30;38.485
H25;11;SA;12:30-12:45;38.114
H25;11;SA;12:45-13:00;37.562
H25;11;SA;13:00-13:15;36.977
H25;11;SA;13:15-13:30;36.622
H25;11;SA;13:30-13:45;36.263
H25;11;SA;13:45-14:00;35.911
H25;11;SA;14:00-14:15;35.46
H25;11;SA;14:15-14:30;35.518
H25;11;SA;14:30-14:45;35.528
H25;11;SA;14:45-15:00;35.538
H25;11;SA;15:00-15:15;35.597
H25;11;SA;15:15-15:30;35.765
H25;11;SA;15:30-15:45;35.914
H25;11;SA;15:45-16:00;36.271
H25;11;SA;16:00-16:15;37.076
H25;11;SA;16:15-16:30;38.183
H25;11;SA;16:30-16:45;39.626
H25;11;SA;16:45-17:00;41.319
H25;11;SA;17:00-17:15;43.621
H25;11;SA;17:15-17:30;45.246
H25;11;SA;17:30-17:45;46.298
H25;11;SA;17:45-18:00;46.843
H25;11;SA;18:00-18:15;46.914
H25;11;SA;18:15-18:30;46.826
H25;11;SA;18:30-18:45;46.208
H25;11;SA;18:45-19:00;45.419
H25;11;SA;19:00-19:15;44.634
H25;11;SA;19:15-19:30;43.866
H25;11;SA;19:30-19:45;42.805
H25;11;SA;19:45-20:00;41.796
H25;11;SA;20:00-20:15;40.844
H25;11;SA;20:15-20:30;39.368
H25;11;SA;20:30-20:45;38.014
H25;11;SA;20:45-21:00;36.982
H25;11;SA;21:00-21:15;36.132
H25;11;SA;21:15-21:30;35.225
H25;11;SA;21:30-21:45;34.284
H25;11;SA;21:45-22:00;33.976
H25;11;SA;22:00-22:15;33.545
H25;11;SA;22:15-22:30;32.209
H25;11;SA;22:30-22:45;31.095
H25;11;SA;22:45-23:00;29.61
H25;11;SA;23:00-23:15;28.177
H25;11;SA;23:15-23:30;26.72
H25;11;SA;23:30-23:45;25.426
H25;11;SA;23:45-00:00;24.21
H25;11;FT;00:00-00:15;22.535
H25;11;FT;00:15-00:30;21.231
H25;11;FT;00:30-00:45;20.274
H25;11;FT;00:45-01:00;19.385
H25;11;FT;01:00-01:15;18.648
H25;11;FT;01:15-01:30;18.035
H25;11;FT;01:30-01:45;17.531
H25;11;FT;01:45-02:00;16.923
H25;11;FT;02:00-02:15;16.77
H25;11;FT;02:15-02:30;16.41
H25;11;FT;02:30-02:45;16.201
H25;11;FT;02:45-03:00;16.031
H25;11;FT;03:00-03:15;16.013
H25;11;FT;03:15-03:30;15.843
H25;11;FT;03:30-03:45;15.667
H25;11;FT;03:45-04:00;15.625
H25;11;FT;04:00-04:15;15.619
H25;11;FT;04:15-04:30;15.516
H25;11;FT;04:30-04:45;15.587
H25;11;FT;04:45-05:00;15.893
H25;11;FT;05:00-05:15;15.977
H25;11;FT;05:15-05:30;15.826
H25;11;FT;05:30-05:45;16.044
H25;11;FT;05:45-06:00;16.413
H25;11;FT;06:00-06:15;17.413
H25;11;FT;06:15-06:30;18.202
H25;11;FT;06:30-06:45;19.017
H25;11;FT;06:45-07:00;19.906
H25;11;FT;07:00-07:15;21.327
H25;11;FT;07:15-07:30;22.602
H25;11;FT;07:30-07:45;24.43
H25;11;FT;07:45-08:00;26.487
H25;11;FT;08:00-08:15;28.477
H25;11;FT;08:15-08:30;30.476
H25;11;FT;08:30-08:45;31.796
H25;11;FT;08:45-09:00;33.079
H25;11;FT;09:00-09:15;34.345
H25;11;FT;09:15-09:30;35.895
H25;11;FT;09:30-09:45;37.039
H25;11;FT;09:45-10:00;38.094
H25;11;FT;10:00-10:15;39.075
H25;11;FT;10:15-10:30;40.001
H25;11;FT;10:30-10:45;41.042
H25;11;FT;10:45-11:00;42.141
H25;11;FT;11:00-11:15;43.722
H25;11;FT;11:15-11:30;45.388
H25;11;FT;11:30-11:45;46.448
H25;11;FT;11:45-12:00;46.511
H25;11;FT;12:00-12:15;45.35
H25;11;FT;12:15-12:30;44.419
H25;11;FT;12:30-12:45;43.394
H25;11;FT;12:45-13:00;42.252
H25;11;FT;13:00-13:15;40.88
H25;11;FT;13:15-13:30;39.973
H25;11;FT;13:30-13:45;39.285
H25;11;FT;13:45-14:00;38.402
H25;11;FT;14:00-14:15;37.7
H25;11;FT;14:15-14:30;37.172
H25;11;FT;14:30-14:45;36.819
H25;11;FT;14:45-15:00;36.661
H25;11;FT;15:00-15:15;36.75
H25;11;FT;15:15-15:30;36.609
H25;11;FT;15:30-15:45;36.536
H25;11;FT;15:45-16:00;36.774
H25;11;FT;16:00-16:15;37.389
H25;11;FT;16:15-16:30;38.304
H25;11;FT;16:30-16:45;39.947
H25;11;FT;16:45-17:00;41.92
H25;11;FT;17:00-17:15;44.402
H25;11;FT;17:15-17:30;46.294
H25;11;FT;17:30-17:45;47.31
H25;11;FT;17:45-18:00;48.111
H25;11;FT;18:00-18:15;48.424
H25;11;FT;18:15-18:30;48.251
H25;11;FT;18:30-18:45;47.617
H25;11;FT;18:45-19:00;47.045
H25;11;FT;19:00-19:15;46.178
H25;11;FT;19:15-19:30;45.258
H25;11;FT;19:30-19:45;44.165
H25;11;FT;19:45-20:00;43.215
H25;11;FT;20:00-20:15;42.167
H25;11;FT;20:15-20:30;40.514
H25;11;FT;20:30-20:45;38.629
H25;11;FT;20:45-21:00;37.31
H25;11;FT;21:00-21:15;36.123
H25;11;FT;21:15-21:30;34.924
H25;11;FT;21:30-21:45;33.678
H25;11;FT;21:45-22:00;33.231
H25;11;FT;22:00-22:15;32.323
H25;11;FT;22:15-22:30;30.358
H25;11;FT;22:30-22:45;28.609
H25;11;FT;22:45-23:00;26.904
H25;11;FT;23:00-23:15;25.464
H25;11;FT;23:15-23:30;23.783
H25;11;FT;23:30-23:45;22.356
H25;11;FT;23:45-00:00;20.879
H25;11;WT;00:00-00:15;19.583
H25;11;WT;00:15-00:30;18.36
H25;11;WT;00:30-00:45;17.387
H25;11;WT;00:45-01:00;16.601
H25;11;WT;01:00-01:15;16.044
H25;11;WT;01:15-01:30;15.52
H25;11;WT;01:30-01:45;15.269
H25;11;WT;01:45-02:00;14.857
H25;11;WT;02:00-02:15;14.874
H25;11;WT;02:15-02:30;14.735
H25;11;WT;02:30-02:45;14.66
H25;11;WT;02:45-03:00;14.684
H25;11;WT;03:00-03:15;14.778
H25;11;WT;03:15-03:30;14.768
H25;11;WT;03:30-03:45;14.894
H25;11;WT;03:45-04:00;14.959
H25;11;WT;04:00-04:15;15.331
H25;11;WT;04:15-04:30;15.524
H25;11;WT;04:30-04:45;15.923
H25;11;WT;04:45-05:00;16.522
H25;11;WT;05:00-05:15;17.252
H25;11;WT;05:15-05:30;17.723
H25;11;WT;05:30-05:45;18.736
H25;11;WT;05:45-06:00;20.037
H25;11;WT;06:00-06:15;22.347
H25;11;WT;06:15-06:30;24.192
H25;11;WT;06:30-06:45;25.63
H25;11;WT;06:45-07:00;26.444
H25;11;WT;07:00-07:15;26.947
H25;11;WT;07:15-07:30;26.751
H25;11;WT;07:30-07:45;26.121
H25;11;WT;07:45-08:00;25.427
H25;11;WT;08:00-08:15;24.762
H25;11;WT;08:15-08:30;24.299
H25;11;WT;08:30-08:45;23.566
H25;11;WT;08:45-09:00;23.064
H25;11;WT;09:00-09:15;22.844
H25;11;WT;09:15-09:30;22.759
H25;11;WT;09:30-09:45;22.595
H25;11;WT;09:45-10:00;22.438
H25;11;WT;10:00-10:15;22.263
H25;11;WT;10:15-10:30;22.435
H25;11;WT;10:30-10:45;22.771
H25;11;WT;10:45-11:00;23.179
H25;11;WT;11:00-11:15;23.851
H25;11;WT;11:15-11:30;24.704
H25;11;WT;11:30-11:45;25.41
H25;11;WT;11:45-12:00;25.889
H25;11;WT;12:00-12:15;26.137
H25;11;WT;12:15-12:30;26.286
H25;11;WT;12:30-12:45;26.388
H25;11;WT;12:45-13:00;26.384
H25;11;WT;13:00-13:15;26.237
H25;11;WT;13:15-13:30;26.299
H25;11;WT;13:30-13:45;26.33
H25;11;WT;13:45-14:00;25.975
H25;11;WT;14:00-14:15;25.698
H25;11;WT;14:15-14:30;25.65
H25;11;WT;14:30-14:45;25.635
H25;11;WT;14:45-15:00;25.895
H25;11;WT;15:00-15:15;26.542
H25;11;WT;15:15-15:30;26.725
H25;11;WT;15:30-15:45;27.083
H25;11;WT;15:45-16:00;27.808
H25;11;WT;16:00-16:15;29.314
H25;11;WT;16:15-16:30;30.643
H25;11;WT;16:30-16:45;32.588
H25;11;WT;16:45-17:00;34.764
H25;11;WT;17:00-17:15;37.698
H25;11;WT;17:15-17:30;39.714
H25;11;WT;17:30-17:45;41.051
H25;11;WT;17:45-18:00;42.35
H25;11;WT;18:00-18:15;43.392
H25;11;WT;18:15-18:30;43.952
H25;11;WT;18:30-18:45;44.232
H25;11;WT;18:45-19:00;44.407
H25;11;WT;19:00-19:15;44.176
H25;11;WT;19:15-19:30;43.72
H25;11;WT;19:30-19:45;43.143
H25;11;WT;19:45-20:00;42.431
H25;11;WT;20:00-20:15;41.521
H25;11;WT;20:15-20:30;40.232
H25;11;WT;20:30-20:45;38.652
H25;11;WT;20:45-21:00;37.413
H25;11;WT;21:00-21:15;36.366
H25;11;WT;21:15-21:30;35.294
H25;11;WT;21:30-21:45;34.11
H25;11;WT;21:45-22:00;33.594
H25;11;WT;22:00-22:15;32.86
H25;11;WT;22:15-22:30;31.01
H25;11;WT;22:30-22:45;29.338
H25;11;WT;22:45-23:00;27.705
H25;11;WT;23:00-23:15;26.228
H25;11;WT;23:15-23:30;24.541
H25;11;WT;23:30-23:45;23.06
H25;11;WT;23:45-00:00;21.583
H25;12;SA;00:00-00:15;21.65
H25;12;SA;00:15-00:30;20.225
H25;12;SA;00:30-00:45;19.131
H25;12;SA;00:45-01:00;18.234
H25;12;SA;01:00-01:15;17.523
H25;12;SA;01:15-01:30;16.867
H25;12;SA;01:30-01:45;16.358
H25;12;SA;01:45-02:00;15.738
H25;12;SA;02:00-02:15;15.536
H25;12;SA;02:15-02:30;15.267
H25;12;SA;02:30-02:45;15.079
H25;12;SA;02:45-03:00;14.912
H25;12;SA;03:00-03:15;14.867
H25;12;SA;03:15-03:30;14.768
H25;12;SA;03:30-03:45;14.73
H25;12;SA;03:45-04:00;14.664
H25;12;SA;04:00-04:15;14.825
H25;12;SA;04:15-04:30;14.8
H25;12;SA;04:30-04:45;14.858
H25;12;SA;04:45-05:00;15.079
H25;12;SA;05:00-05:15;15.212
H25;12;SA;05:15-05:30;15.147
H25;12;SA;05:30-05:45;15.361
H25;12;SA;05:45-06:00;15.923
H25;12;SA;06:00-06:15;17.002
H25;12;SA;06:15-06:30;17.895
H25;12;SA;06:30-06:45;18.813
H25;12;SA;06:45-07:00;19.716
H25;12;SA;07:00-07:15;21.262
H25;12;SA;07:15-07:30;22.661
H25;12;SA;07:30-07:45;24.201
H25;12;SA;07:45-08:00;25.754
H25;12;SA;08:00-08:15;26.985
H25;12;SA;08:15-08:30;28.374
H25;12;SA;08:30-08:45;29.236
H25;12;SA;08:45-09:00;30.103
H25;12;SA;09:00-09:15;30.729
H25;12;SA;09:15-09:30;31.605
H25;12;SA;09:30-09:45;32.06
H25;12;SA;09:45-10:00;32.537
H25;12;SA;10:00-10:15;33.197
H25;12;SA;10:15-10:30;33.819
H25;12;SA;10:30-10:45;34.435
H25;12;SA;10:45-11:00;35.054
H25;12;SA;11:00-11:15;35.943
H25;12;SA;11:15-11:30;36.843
H25;12;SA;11:30-11:45;37.621
H25;12;SA;11:45-12:00;37.934
H25;12;SA;12:00-12:15;37.4
H25;12;SA;12:15-12:30;37.121
H25;12;SA;12:30-12:45;36.815
H25;12;SA;12:45-13:00;36.548
H25;12;SA;13:00-13:15;36.09
H25;12;SA;13:15-13:30;35.79
H25;12;SA;13:30-13:45;35.636
H25;12;SA;13:45-14:00;35.238
H25;12;SA;14:00-14:15;35.102
H25;12;SA;14:15-14:30;35.101
H25;12;SA;14:30-14:45;35.166
H25;12;SA;14:45-15:00;35.157
H25;12;SA;15:00-15:15;35.397
H25;12;SA;15:15-15:30;35.414
H25;12;SA;15:30-15:45;35.669
H25;12;SA;15:45-16:00;36.019
H25;12;SA;16:00-16:15;37.021
H25;12;SA;16:15-16:30;38.158
H25;12;SA;16:30-16:45;39.406
H25;12;SA;16:45-17:00;40.744
H25;12;SA;17:00-17:15;41.883
H25;12;SA;17:15-17:30;42.721
H25;12;SA;17:30-17:45;43.202
H25;12;SA;17:45-18:00;43.513
H25;12;SA;18:00-18:15;43.591
H25;12;SA;18:15-18:30;43.361
H25;12;SA;18:30-18:45;42.864
H25;12;SA;18:45-19:00;42.2
H25;12;SA;19:00-19:15;41.484
H25;12;SA;19:15-19:30;40.593
H25;12;SA;19:30-19:45;39.7
H25;12;SA;19:45-20:00;38.716
H25;12;SA;20:00-20:15;37.954
H25;12;SA;20:15-20:30;36.818
H25;12;SA;20:30-20:45;35.562
H25;12;SA;20:45-21:00;34.735
H25;12;SA;21:00-21:15;34.121
H25;12;SA;21:15-21:30;33.38
H25;12;SA;21:30-21:45;32.646
H25;12;SA;21:45-22:00;32.337
H25;12;SA;22:00-22:15;32.243
H25;12;SA;22:15-22:30;31.14
H25;12;SA;22:30-22:45;30.109
H25;12;SA;22:45-23:00;28.721
H25;12;SA;23:00-23:15;27.573
H25;12;SA;23:15-23:30;26.35
H25;12;SA;23:30-23:45;25.214
H25;12;SA;23:45-00:00;24.158
H25;12;FT;00:00-00:15;22.812
H25;12;FT;00:15-00:30;21.446
H25;12;FT;00:30-00:45;20.393
H25;12;FT;00:45-01:00;19.526
H25;12;FT;01:00-01:15;18.77
H25;12;FT;01:15-01:30;18.068
H25;12;FT;01:30-01:45;17.449
H25;12;FT;01:45-02:00;16.786
H25;12;FT;02:00-02:15;16.575
H25;12;FT;02:15-02:30;16.206
H25;12;FT;02:30-02:45;15.933
H25;12;FT;02:45-03:00;15.695
H25;12;FT;03:00-03:15;15.618
H25;12;FT;03:15-03:30;15.454
H25;12;FT;03:30-03:45;15.278
H25;12;FT;03:45-04:00;15.138
H25;12;FT;04:00-04:15;15.175
H25;12;FT;04:15-04:30;15.008
H25;12;FT;04:30-04:45;15.086
H25;12;FT;04:45-05:00;15.329
H25;12;FT;05:00-05:15;15.461
H25;12;FT;05:15-05:30;15.287
H25;12;FT;05:30-05:45;15.484
H25;12;FT;05:45-06:00;15.797
H25;12;FT;06:00-06:15;16.683
H25;12;FT;06:15-06:30;17.404
H25;12;FT;06:30-06:45;18.116
H25;12;FT;06:45-07:00;18.899
H25;12;FT;07:00-07:15;20.319
H25;12;FT;07:15-07:30;21.471
H25;12;FT;07:30-07:45;23.107
H25;12;FT;07:45-08:00;24.892
H25;12;FT;08:00-08:15;26.521
H25;12;FT;08:15-08:30;28.386
H25;12;FT;08:30-08:45;29.839
H25;12;FT;08:45-09:00;31.353
H25;12;FT;09:00-09:15;32.724
H25;12;FT;09:15-09:30;34.214
H25;12;FT;09:30-09:45;35.449
H25;12;FT;09:45-10:00;36.624
H25;12;FT;10:00-10:15;37.719
H25;12;FT;10:15-10:30;38.855
H25;12;FT;10:30-10:45;39.919
H25;12;FT;10:45-11:00;41.022
H25;12;FT;11:00-11:15;42.492
H25;12;FT;11:15-11:30;44.022
H25;12;FT;11:30-11:45;45.003
H25;12;FT;11:45-12:00;45.113
H25;12;FT;12:00-12:15;43.942
H25;12;FT;12:15-12:30;43.021
H25;12;FT;12:30-12:45;42.067
H25;12;FT;12:45-13:00;41.011
H25;12;FT;13:00-13:15;39.813
H25;12;FT;13:15-13:30;38.974
H25;12;FT;13:30-13:45;38.527
H25;12;FT;13:45-14:00;37.799
H25;12;FT;14:00-14:15;37.125
H25;12;FT;14:15-14:30;36.837
H25;12;FT;14:30-14:45;36.594
H25;12;FT;14:45-15:00;36.28
H25;12;FT;15:00-15:15;36.28
H25;12;FT;15:15-15:30;36.182
H25;12;FT;15:30-15:45;36.201
H25;12;FT;15:45-16:00;36.333
H25;12;FT;16:00-16:15;37.019
H25;12;FT;16:15-16:30;37.909
H25;12;FT;16:30-16:45;39.044
H25;12;FT;16:45-17:00;40.394
H25;12;FT;17:00-17:15;41.755
H25;12;FT;17:15-17:30;42.553
H25;12;FT;17:30-17:45;43.057
H25;12;FT;17:45-18:00;43.646
H25;12;FT;18:00-18:15;43.776
H25;12;FT;18:15-18:30;43.778
H25;12;FT;18:30-18:45;43.485
H25;12;FT;18:45-19:00;43.114
H25;12;FT;19:00-19:15;42.549
H25;12;FT;19:15-19:30;41.881
H25;12;FT;19:30-19:45;41.123
H25;12;FT;19:45-20:00;40.236
H25;12;FT;20:00-20:15;39.541
H25;12;FT;20:15-20:30;38.321
H25;12;FT;20:30-20:45;36.883
H25;12;FT;20:45-21:00;35.752
H25;12;FT;21:00-21:15;34.865
H25;12;FT;21:15-21:30;33.982
H25;12;FT;21:30-21:45;32.912
H25;12;FT;21:45-22:00;32.604
H25;12;FT;22:00-22:15;32.029
H25;12;FT;22:15-22:30;30.45
H25;12;FT;22:30-22:45;29.045
H25;12;FT;22:45-23:00;27.585
H25;12;FT;23:00-23:15;26.319
H25;12;FT;23:15-23:30;24.836
H25;12;FT;23:30-23:45;23.402
H25;12;FT;23:45-00:00;21.995
H25;12;WT;00:00-00:15;19.959
H25;12;WT;00:15-00:30;18.71
H25;12;WT;00:30-00:45;17.714
H25;12;WT;00:45-01:00;16.939
H25;12;WT;01:00-01:15;16.339
H25;12;WT;01:15-01:30;15.803
H25;12;WT;01:30-01:45;15.461
H25;12;WT;01:45-02:00;14.982
H25;12;WT;02:00-02:15;14.949
H25;12;WT;02:15-02:30;14.824
H25;12;WT;02:30-02:45;14.727
H25;12;WT;02:45-03:00;14.653
H25;12;WT;03:00-03:15;14.708
H25;12;WT;03:15-03:30;14.63
H25;12;WT;03:30-03:45;14.673
H25;12;WT;03:45-04:00;14.674
H25;12;WT;04:00-04:15;14.979
H25;12;WT;04:15-04:30;15.12
H25;12;WT;04:30-04:45;15.462
H25;12;WT;04:45-05:00;15.972
H25;12;WT;05:00-05:15;16.608
H25;12;WT;05:15-05:30;16.961
H25;12;WT;05:30-05:45;17.819
H25;12;WT;05:45-06:00;18.98
H25;12;WT;06:00-06:15;21.092
H25;12;WT;06:15-06:30;22.695
H25;12;WT;06:30-06:45;23.99
H25;12;WT;06:45-07:00;24.942
H25;12;WT;07:00-07:15;25.666
H25;12;WT;07:15-07:30;26.044
H25;12;WT;07:30-07:45;25.949
H25;12;WT;07:45-08:00;25.658
H25;12;WT;08:00-08:15;25.044
H25;12;WT;08:15-08:30;24.858
H25;12;WT;08:30-08:45;24.296
H25;12;WT;08:45-09:00;23.919
H25;12;WT;09:00-09:15;23.697
H25;12;WT;09:15-09:30;23.545
H25;12;WT;09:30-09:45;23.509
H25;12;WT;09:45-10:00;23.548
H25;12;WT;10:00-10:15;23.444
H25;12;WT;10:15-10:30;23.536
H25;12;WT;10:30-10:45;23.859
H25;12;WT;10:45-11:00;24.214
H25;12;WT;11:00-11:15;24.911
H25;12;WT;11:15-11:30;25.657
H25;12;WT;11:30-11:45;26.3
H25;12;WT;11:45-12:00;26.682
H25;12;WT;12:00-12:15;26.751
H25;12;WT;12:15-12:30;26.816
H25;12;WT;12:30-12:45;26.951
H25;12;WT;12:45-13:00;26.847
H25;12;WT;13:00-13:15;26.603
H25;12;WT;13:15-13:30;26.656
H25;12;WT;13:30-13:45;26.697
H25;12;WT;13:45-14:00;26.452
H25;12;WT;14:00-14:15;26.185
H25;12;WT;14:15-14:30;26.207
H25;12;WT;14:30-14:45;26.211
H25;12;WT;14:45-15:00;26.498
H25;12;WT;15:00-15:15;27.04
H25;12;WT;15:15-15:30;27.334
H25;12;WT;15:30-15:45;27.888
H25;12;WT;15:45-16:00;28.669
H25;12;WT;16:00-16:15;30.347
H25;12;WT;16:15-16:30;31.919
H25;12;WT;16:30-16:45;33.722
H25;12;WT;16:45-17:00;35.577
H25;12;WT;17:00-17:15;37.795
H25;12;WT;17:15-17:30;39.068
H25;12;WT;17:30-17:45;39.869
H25;12;WT;17:45-18:00;40.882
H25;12;WT;18:00-18:15;41.695
H25;12;WT;18:15-18:30;42.181
H25;12;WT;18:30-18:45;42.432
H25;12;WT;18:45-19:00;42.663
H25;12;WT;19:00-19:15;42.523
H25;12;WT;19:15-19:30;42.133
H25;12;WT;19:30-19:45;41.645
H25;12;WT;19:45-20:00;41.106
H25;12;WT;20:00-20:15;40.299
H25;12;WT;20:15-20:30;39.178
H25;12;WT;20:30-20:45;37.807
H25;12;WT;20:45-21:00;36.678
H25;12;WT;21:00-21:15;35.726
H25;12;WT;21:15-21:30;34.839
H25;12;WT;21:30-21:45;33.74
H25;12;WT;21:45-22:00;33.268
H25;12;WT;22:00-22:15;32.613
H25;12;WT;22:15-22:30;30.897
H25;12;WT;22:30-22:45;29.319
H25;12;WT;22:45-23:00;27.745
H25;12;WT;23:00-23:15;26.372
H25;12;WT;23:15-23:30;24.753
H25;12;WT;23:30-23:45;23.311
H25;12;WT;23:45-00:00;21.911
G25;1;SA;00:00-00:15;15.045
G25;1;SA;00:15-00:30;14.908
G25;1;SA;00:30-00:45;14.785
G25;1;SA;00:45-01:00;14.739
G25;1;SA;01:00-01:15;14.674
G25;1;SA;01:15-01:30;14.591
G25;1;SA;01:30-01:45;14.549
G25;1;SA;01:45-02:00;14.421
G25;1;SA;02:00-02:15;14.328
G25;1;SA;02:15-02:30;14.227
G25;1;SA;02:30-02:45;14.077
G25;1;SA;02:45-03:00;14.269
G25;1;SA;03:00-03:15;14.308
G25;1;SA;03:15-03:30;14.346
G25;1;SA;03:30-03:45;14.413
G25;1;SA;03:45-04:00;14.433
G25;1;SA;04:00-04:15;14.443
G25;1;SA;04:15-04:30;14.806
G25;1;SA;04:30-04:45;15.082
G25;1;SA;04:45-05:00;15.566
G25;1;SA;05:00-05:15;16.137
G25;1;SA;05:15-05:30;16.577
G25;1;SA;05:30-05:45;17.451
G25;1;SA;05:45-06:00;18.179
G25;1;SA;06:00-06:15;18.881
G25;1;SA;06:15-06:30;19.115
G25;1;SA;06:30-06:45;19.467
G25;1;SA;06:45-07:00;20.072
G25;1;SA;07:00-07:15;20.6
G25;1;SA;07:15-07:30;21.219
G25;1;SA;07:30-07:45;21.908
G25;1;SA;07:45-08:00;23.183
G25;1;SA;08:00-08:15;24.553
G25;1;SA;08:15-08:30;25.289
G25;1;SA;08:30-08:45;26.229
G25;1;SA;08:45-09:00;27.973
G25;1;SA;09:00-09:15;29.561
G25;1;SA;09:15-09:30;30.544
G25;1;SA;09:30-09:45;32.123
G25;1;SA;09:45-10:00;33.654
G25;1;SA;10:00-10:15;34.535
G25;1;SA;10:15-10:30;34.712
G25;1;SA;10:30-10:45;35.127
G25;1;SA;10:45-11:00;34.966
G25;1;SA;11:00-11:15;34.689
G25;1;SA;11:15-11:30;35.257
G25;1;SA;11:30-11:45;35.145
G25;1;SA;11:45-12:00;34.392
G25;1;SA;12:00-12:15;33.241
G25;1;SA;12:15-12:30;32.689
G25;1;SA;12:30-12:45;32.189
G25;1;SA;12:45-13:00;31.454
G25;1;SA;13:00-13:15;29.806
G25;1;SA;13:15-13:30;29.05
G25;1;SA;13:30-13:45;28.526
G25;1;SA;13:45-14:00;27.997
G25;1;SA;14:00-14:15;27.202
G25;1;SA;14:15-14:30;26.128
G25;1;SA;14:30-14:45;25.603
G25;1;SA;14:45-15:00;25.569
G25;1;SA;15:00-15:15;25.494
G25;1;SA;15:15-15:30;25.346
G25;1;SA;15:30-15:45;25.049
G25;1;SA;15:45-16:00;25.106
G25;1;SA;16:00-16:15;24.571
G25;1;SA;16:15-16:30;24.222
G25;1;SA;16:30-16:45;24.582
G25;1;SA;16:45-17:00;24.8
G25;1;SA;17:00-17:15;24.934
G25;1;SA;17:15-17:30;25.22
G25;1;SA;17:30-17:45;25.446
G25;1;SA;17:45-18:00;25.099
G25;1;SA;18:00-18:15;24.327
G25;1;SA;18:15-18:30;23.456
G25;1;SA;18:30-18:45;22.986
G25;1;SA;18:45-19:00;22.624
G25;1;SA;19:00-19:15;22.25
G25;1;SA;19:15-19:30;21.811
G25;1;SA;19:30-19:45;21.343
G25;1;SA;19:45-20:00;20.987
G25;1;SA;20:00-20:15;20.515
G25;1;SA;20:15-20:30;19.95
G25;1;SA;20:30-20:45;19.505
G25;1;SA;20:45-21:00;18.956
G25;1;SA;21:00-21:15;18.269
G25;1;SA;21:15-21:30;18.03
G25;1;SA;21:30-21:45;17.774
G25;1;SA;21:45-22:00;17.198
G25;1;SA;22:00-22:15;16.558
G25;1;SA;22:15-22:30;16.312
G25;1;SA;22:30-22:45;16.133
G25;1;SA;22:45-23:00;15.735
G25;1;SA;23:00-23:15;15.531
G25;1;SA;23:15-23:30;15.508
G25;1;SA;23:30-23:45;15.33
G25;1;SA;23:45-00:00;14.994
G25;1;FT;00:00-00:15;14.658
G25;1;FT;00:15-00:30;14.602
G25;1;FT;00:30-00:45;14.43
G25;1;FT;00:45-01:00;14.244
G25;1;FT;01:00-01:15;14.226
G25;1;FT;01:15-01:30;14.113
G25;1;FT;01:30-01:45;14.129
G25;1;FT;01:45-02:00;14.139
G25;1;FT;02:00-02:15;14.069
G25;1;FT;02:15-02:30;13.996
G25;1;FT;02:30-02:45;13.868
G25;1;FT;02:45-03:00;13.958
G25;1;FT;03:00-03:15;13.836
G25;1;FT;03:15-03:30;13.804
G25;1;FT;03:30-03:45;13.891
G25;1;FT;03:45-04:00;13.913
G25;1;FT;04:00-04:15;13.971
G25;1;FT;04:15-04:30;13.942
G25;1;FT;04:30-04:45;13.89
G25;1;FT;04:45-05:00;14.012
G25;1;FT;05:00-05:15;14.409
G25;1;FT;05:15-05:30;14.68
G25;1;FT;05:30-05:45;14.845
G25;1;FT;05:45-06:00;15.006
G25;1;FT;06:00-06:15;15.329
G25;1;FT;06:15-06:30;15.321
G25;1;FT;06:30-06:45;15.683
G25;1;FT;06:45-07:00;15.88
G25;1;FT;07:00-07:15;16.197
G25;1;FT;07:15-07:30;16.279
G25;1;FT;07:30-07:45;16.363
G25;1;FT;07:45-08:00;16.324
G25;1;FT;08:00-08:15;16.483
G25;1;FT;08:15-08:30;16.394
G25;1;FT;08:30-08:45;16.402
G25;1;FT;08:45-09:00;16.331
G25;1;FT;09:00-09:15;16.263
G25;1;FT;09:15-09:30;16.458
G25;1;FT;09:30-09:45;16.93
G25;1;FT;09:45-10:00;17.236
G25;1;FT;10:00-10:15;17.551
G25;1;FT;10:15-10:30;17.742
G25;1;FT;10:30-10:45;18.097
G25;1;FT;10:45-11:00;18.423
G25;1;FT;11:00-11:15;18.408
G25;1;FT;11:15-11:30;18.212
G25;1;FT;11:30-11:45;18.247
G25;1;FT;11:45-12:00;18.263
G25;1;FT;12:00-12:15;18.313
G25;1;FT;12:15-12:30;18.652
G25;1;FT;12:30-12:45;18.298
G25;1;FT;12:45-13:00;17.95
G25;1;FT;13:00-13:15;17.719
G25;1;FT;13:15-13:30;17.953
G25;1;FT;13:30-13:45;17.898
G25;1;FT;13:45-14:00;17.715
G25;1;FT;14:00-14:15;17.609
G25;1;FT;14:15-14:30;17.518
G25;1;FT;14:30-14:45;17.426
G25;1;FT;14:45-15:00;17.185
G25;1;FT;15:00-15:15;17.561
G25;1;FT;15:15-15:30;17.572
G25;1;FT;15:30-15:45;17.736
G25;1;FT;15:45-16:00;18.02
G25;1;FT;16:00-16:15;18.238
G25;1;FT;16:15-16:30;19.001
G25;1;FT;16:30-16:45;19.555
G25;1;FT;16:45-17:00;19.945
G25;1;FT;17:00-17:15;20.419
G25;1;FT;17:15-17:30;20.576
G25;1;FT;17:30-17:45;20.728
G25;1;FT;17:45-18:00;20.827
G25;1;FT;18:00-18:15;20.635
G25;1;FT;18:15-18:30;20.463
G25;1;FT;18:30-18:45;20.342
G25;1;FT;18:45-19:00;20.006
G25;1;FT;19:00-19:15;19.869
G25;1;FT;19:15-19:30;19.616
G25;1;FT;19:30-19:45;19.3
G25;1;FT;19:45-20:00;18.877
G25;1;FT;20:00-20:15;18.502
G25;1;FT;20:15-20:30;18.226
G25;1;FT;20:30-20:45;17.94
G25;1;FT;20:45-21:00;17.564
G25;1;FT;21:00-21:15;17.15
G25;1;FT;21:15-21:30;17.011
G25;1;FT;21:30-21:45;16.697
G25;1;FT;21:45-22:00;16.318
G25;1;FT;22:00-22:15;15.755
G25;1;FT;22:15-22:30;15.362
G25;1;FT;22:30-22:45;15.085
G25;1;FT;22:45-23:00;14.81
G25;1;FT;23:00-23:15;14.569
G25;1;FT;23:15-23:30;14.42
G25;1;FT;23:30-23:45;14.218
G25;1;FT;23:45-00:00;14.117
G25;1;WT;00:00-00:15;14.832
G25;1;WT;00:15-00:30;14.721
G25;1;WT;00:30-00:45;14.618
G25;1;WT;00:45-01:00;14.501
G25;1;WT;01:00-01:15;14.448
G25;1;WT;01:15-01:30;14.371
G25;1;WT;01:30-01:45;14.294
G25;1;WT;01:45-02:00;14.328
G25;1;WT;02:00-02:15;14.306
G25;1;WT;02:15-02:30;14.256
G25;1;WT;02:30-02:45;14.181
G25;1;WT;02:45-03:00;14.27
G25;1;WT;03:00-03:15;14.294
G25;1;WT;03:15-03:30;14.375
G25;1;WT;03:30-03:45;14.528
G25;1;WT;03:45-04:00;14.661
G25;1;WT;04:00-04:15;15.042
G25;1;WT;04:15-04:30;15.276
G25;1;WT;04:30-04:45;15.786
G25;1;WT;04:45-05:00;16.345
G25;1;WT;05:00-05:15;17.412
G25;1;WT;05:15-05:30;18.154
G25;1;WT;05:30-05:45;19.515
G25;1;WT;05:45-06:00;21.54
G25;1;WT;06:00-06:15;24.015
G25;1;WT;06:15-06:30;25.834
G25;1;WT;06:30-06:45;28.642
G25;1;WT;06:45-07:00;32.409
G25;1;WT;07:00-07:15;38.015
G25;1;WT;07:15-07:30;42.134
G25;1;WT;07:30-07:45;46.767
G25;1;WT;07:45-08:00;52.068
G25;1;WT;08:00-08:15;56.861
G25;1;WT;08:15-08:30;58.801
G25;1;WT;08:30-08:45;60.632
G25;1;WT;08:45-09:00;62.409
G25;1;WT;09:00-09:15;64.096
G25;1;WT;09:15-09:30;64.283
G25;1;WT;09:30-09:45;65.286
G25;1;WT;09:45-10:00;66.215
G25;1;WT;10:00-10:15;67.977
G25;1;WT;10:15-10:30;68.225
G25;1;WT;10:30-10:45;68.078
G25;1;WT;10:45-11:00;67.838
G25;1;WT;11:00-11:15;68.055
G25;1;WT;11:15-11:30;67.816
G25;1;WT;11:30-11:45;67.425
G25;1;WT;11:45-12:00;66.634
G25;1;WT;12:00-12:15;64.255
G25;1;WT;12:15-12:30;62.781
G25;1;WT;12:30-12:45;61.038
G25;1;WT;12:45-13:00;59.881
G25;1;WT;13:00-13:15;58.655
G25;1;WT;13:15-13:30;57.875
G25;1;WT;13:30-13:45;56.936
G25;1;WT;13:45-14:00;56.637
G25;1;WT;14:00-14:15;57.182
G25;1;WT;14:15-14:30;56.841
G25;1;WT;14:30-14:45;57.27
G25;1;WT;14:45-15:00;56.711
G25;1;WT;15:00-15:15;56.157
G25;1;WT;15:15-15:30;55.36
G25;1;WT;15:30-15:45;54.359
G25;1;WT;15:45-16:00;53.203
G25;1;WT;16:00-16:15;51.992
G25;1;WT;16:15-16:30;50.83
G25;1;WT;16:30-16:45;50.111
G25;1;WT;16:45-17:00;49.371
G25;1;WT;17:00-17:15;47.478
G25;1;WT;17:15-17:30;46.143
G25;1;WT;17:30-17:45;44.41
G25;1;WT;17:45-18:00;42.8
G25;1;WT;18:00-18:15;39.406
G25;1;WT;18:15-18:30;36.687
G25;1;WT;18:30-18:45;33.488
G25;1;WT;18:45-19:00;31.331
G25;1;WT;19:00-19:15;29.218
G25;1;WT;19:15-19:30;27.316
G25;1;WT;19:30-19:45;26.135
G25;1;WT;19:45-20:00;25.184
G25;1;WT;20:00-20:15;23.855
G25;1;WT;20:15-20:30;22.742
G25;1;WT;20:30-20:45;21.83
G25;1;WT;20:45-21:00;20.971
G25;1;WT;21:00-21:15;20.177
G25;1;WT;21:15-21:30;19.557
G25;1;WT;21:30-21:45;19.017
G25;1;WT;21:45-22:00;18.455
G25;1;WT;22:00-22:15;17.633
G25;1;WT;22:15-22:30;17.093
G25;1;WT;22:30-22:45;16.628
G25;1;WT;22:45-23:00;16.326
G25;1;WT;23:00-23:15;15.997
G25;1;WT;23:15-23:30;15.658
G25;1;WT;23:30-23:45;15.556
G25;1;WT;23:45-00:00;15.371
G25;2;SA;00:00-00:15;14.762
G25;2;SA;00:15-00:30;14.586
G25;2;SA;00:30-00:45;14.464
G25;2;SA;00:45-01:00;14.48
G25;2;SA;01:00-01:15;14.412
G25;2;SA;01:15-01:30;14.261
G25;2;SA;01:30-01:45;14.259
G25;2;SA;01:45-02:00;14.27
G25;2;SA;02:00-02:15;14.291
G25;2;SA;02:15-02:30;14.189
G25;2;SA;02:30-02:45;14.054
G25;2;SA;02:45-03:00;14.16
G25;2;SA;03:00-03:15;14.164
G25;2;SA;03:15-03:30;14.25
G25;2;SA;03:30-03:45;14.192
G25;2;SA;03:45-04:00;14.329
G25;2;SA;04:00-04:15;14.335
G25;2;SA;04:15-04:30;14.49
G25;2;SA;04:30-04:45;14.788
G25;2;SA;04:45-05:00;15.137
G25;2;SA;05:00-05:15;15.99
G25;2;SA;05:15-05:30;16.401
G25;2;SA;05:30-05:45;17.487
G25;2;SA;05:45-06:00;18.192
G25;2;SA;06:00-06:15;18.615
G25;2;SA;06:15-06:30;18.89
G25;2;SA;06:30-06:45;19.155
G25;2;SA;06:45-07:00;19.98
G25;2;SA;07:00-07:15;20.508
G25;2;SA;07:15-07:30;20.949
G25;2;SA;07:30-07:45;21.823
G25;2;SA;07:45-08:00;22.745
G25;2;SA;08:00-08:15;23.681
G25;2;SA;08:15-08:30;24.772
G25;2;SA;08:30-08:45;25.955
G25;2;SA;08:45-09:00;28.117
G25;2;SA;09:00-09:15;30.084
G25;2;SA;09:15-09:30;31.194
G25;2;SA;09:30-09:45;32.596
G25;2;SA;09:45-10:00;33.451
G25;2;SA;10:00-10:15;34.757
G25;2;SA;10:15-10:30;34.637
G25;2;SA;10:30-10:45;34.811
G25;2;SA;10:45-11:00;34.985
G25;2;SA;11:00-11:15;35.056
G25;2;SA;11:15-11:30;35.391
G25;2;SA;11:30-11:45;34.855
G25;2;SA;11:45-12:00;34.044
G25;2;SA;12:00-12:15;32.909
G25;2;SA;12:15-12:30;32.356
G25;2;SA;12:30-12:45;32.041
G25;2;SA;12:45-13:00;31.37
G25;2;SA;13:00-13:15;29.586
G25;2;SA;13:15-13:30;28.667
G25;2;SA;13:30-13:45;27.789
G25;2;SA;13:45-14:00;27.432
G25;2;SA;14:00-14:15;26.285
G25;2;SA;14:15-14:30;25.83
G25;2;SA;14:30-14:45;25.353
G25;2;SA;14:45-15:00;24.834
G25;2;SA;15:00-15:15;24.613
G25;2;SA;15:15-15:30;24.248
G25;2;SA;15:30-15:45;24.064
G25;2;SA;15:45-16:00;24.054
G25;2;SA;16:00-16:15;23.366
G25;2;SA;16:15-16:30;23.1
G25;2;SA;16:30-16:45;23.148
G25;2;SA;16:45-17:00;23.259
G25;2;SA;17:00-17:15;23.334
G25;2;SA;17:15-17:30;23.614
G25;2;SA;17:30-17:45;24.111
G25;2;SA;17:45-18:00;24.133
G25;2;SA;18:00-18:15;23.99
G25;2;SA;18:15-18:30;23.366
G25;2;SA;18:30-18:45;23.173
G25;2;SA;18:45-19:00;22.836
G25;2;SA;19:00-19:15;22.229
G25;2;SA;19:15-19:30;21.858
G25;2;SA;19:30-19:45;21.4
G25;2;SA;19:45-20:00;20.877
G25;2;SA;20:00-20:15;20.266
G25;2;SA;20:15-20:30;19.679
G25;2;SA;20:30-20:45;19.276
G25;2;SA;20:45-21:00;18.826
G25;2;SA;21:00-21:15;18.199
G25;2;SA;21:15-21:30;17.902
G25;2;SA;21:30-21:45;17.513
G25;2;SA;21:45-22:00;17.176
G25;2;SA;22:00-22:15;16.351
G25;2;SA;22:15-22:30;16.144
G25;2;SA;22:30-22:45;15.769
G25;2;SA;22:45-23:00;15.655
G25;2;SA;23:00-23:15;15.489
G25;2;SA;23:15-23:30;15.352
G25;2;SA;23:30-23:45;15.096
G25;2;SA;23:45-00:00;14.913
G25;2;FT;00:00-00:15;14.795
G25;2;FT;00:15-00:30;14.794
G25;2;FT;00:30-00:45;14.687
G25;2;FT;00:45-01:00;14.418
G25;2;FT;01:00-01:15;14.379
G25;2;FT;01:15-01:30;14.241
G25;2;FT;01:30-01:45;14.125
G25;2;FT;01:45-02:00;14.264
G25;2;FT;02:00-02:15;14.078
G25;2;FT;02:15-02:30;14.129
G25;2;FT;02:30-02:45;14.012
G25;2;FT;02:45-03:00;13.985
G25;2;FT;03:00-03:15;14.124
G25;2;FT;03:15-03:30;13.938
G25;2;FT;03:30-03:45;13.953
G25;2;FT;03:45-04:00;14.047
G25;2;FT;04:00-04:15;14.095
G25;2;FT;04:15-04:30;14.166
G25;2;FT;04:30-04:45;14.131
G25;2;FT;04:45-05:00;14.126
G25;2;FT;05:00-05:15;14.479
G25;2;FT;05:15-05:30;14.856
G25;2;FT;05:30-05:45;15.12
G25;2;FT;05:45-06:00;15.334
G25;2;FT;06:00-06:15;15.608
G25;2;FT;06:15-06:30;15.805
G25;2;FT;06:30-06:45;16
G25;2;FT;06:45-07:00;16.314
G25;2;FT;07:00-07:15;16.426
G25;2;FT;07:15-07:30;16.615
G25;2;FT;07:30-07:45;16.432
G25;2;FT;07:45-08:00;16.367
G25;2;FT;08:00-08:15;16.556
G25;2;FT;08:15-08:30;16.627
G25;2;FT;08:30-08:45;16.699
G25;2;FT;08:45-09:00;16.813
G25;2;FT;09:00-09:15;17.335
G25;2;FT;09:15-09:30;17.443
G25;2;FT;09:30-09:45;17.58
G25;2;FT;09:45-10:00;17.863
G25;2;FT;10:00-10:15;18.425
G25;2;FT;10:15-10:30;18.264
G25;2;FT;10:30-10:45;18.468
G25;2;FT;10:45-11:00;18.52
G25;2;FT;11:00-11:15;18.569
G25;2;FT;11:15-11:30;19.007
G25;2;FT;11:30-11:45;19.063
G25;2;FT;11:45-12:00;19.046
G25;2;FT;12:00-12:15;18.939
G25;2;FT;12:15-12:30;18.784
G25;2;FT;12:30-12:45;18.644
G25;2;FT;12:45-13:00;18.731
G25;2;FT;13:00-13:15;18.571
G25;2;FT;13:15-13:30;18.414
G25;2;FT;13:30-13:45;18.187
G25;2;FT;13:45-14:00;18
G25;2;FT;14:00-14:15;17.799
G25;2;FT;14:15-14:30;17.767
G25;2;FT;14:30-14:45;17.558
G25;2;FT;14:45-15:00;17.479
G25;2;FT;15:00-15:15;17.809
G25;2;FT;15:15-15:30;17.76
G25;2;FT;15:30-15:45;17.907
G25;2;FT;15:45-16:00;17.999
G25;2;FT;16:00-16:15;18.128
G25;2;FT;16:15-16:30;18.292
G25;2;FT;16:30-16:45;18.461
G25;2;FT;16:45-17:00;18.587
G25;2;FT;17:00-17:15;19.17
G25;2;FT;17:15-17:30;19.499
G25;2;FT;17:30-17:45;20.279
G25;2;FT;17:45-18:00;20.698
G25;2;FT;18:00-18:15;20.876
G25;2;FT;18:15-18:30;20.993
G25;2;FT;18:30-18:45;20.707
G25;2;FT;18:45-19:00;20.323
G25;2;FT;19:00-19:15;20.24
G25;2;FT;19:15-19:30;19.73
G25;2;FT;19:30-19:45;19.772
G25;2;FT;19:45-20:00;19.264
G25;2;FT;20:00-20:15;18.909
G25;2;FT;20:15-20:30;18.635
G25;2;FT;20:30-20:45;18.244
G25;2;FT;20:45-21:00;17.873
G25;2;FT;21:00-21:15;17.633
G25;2;FT;21:15-21:30;17.122
G25;2;FT;21:30-21:45;16.779
G25;2;FT;21:45-22:00;16.545
G25;2;FT;22:00-22:15;16.013
G25;2;FT;22:15-22:30;15.559
G25;2;FT;22:30-22:45;15.293
G25;2;FT;22:45-23:00;15.112
G25;2;FT;23:00-23:15;14.771
G25;2;FT;23:15-23:30;14.57
G25;2;FT;23:30-23:45;14.489
G25;2;FT;23:45-00:00;14.303
G25;2;WT;00:00-00:15;14.967
G25;2;WT;00:15-00:30;14.81
G25;2;WT;00:30-00:45;14.709
G25;2;WT;00:45-01:00;14.603
G25;2;WT;01:00-01:15;14.608
G25;2;WT;01:15-01:30;14.546
G25;2;WT;01:30-01:45;14.381
G25;2;WT;01:45-02:00;14.481
G25;2;WT;02:00-02:15;14.538
G25;2;WT;02:15-02:30;14.434
G25;2;WT;02:30-02:45;14.393
G25;2;WT;02:45-03:00;14.428
G25;2;WT;03:00-03:15;14.508
G25;2;WT;03:15-03:30;14.602
G25;2;WT;03:30-03:45;14.678
G25;2;WT;03:45-04:00;14.844
G25;2;WT;04:00-04:15;15.175
G25;2;WT;04:15-04:30;15.342
G25;2;WT;04:30-04:45;15.865
G25;2;WT;04:45-05:00;16.405
G25;2;WT;05:00-05:15;17.475
G25;2;WT;05:15-05:30;18.398
G25;2;WT;05:30-05:45;19.857
G25;2;WT;05:45-06:00;21.996
G25;2;WT;06:00-06:15;24.511
G25;2;WT;06:15-06:30;26.44
G25;2;WT;06:30-06:45;29.548
G25;2;WT;06:45-07:00;33.445
G25;2;WT;07:00-07:15;39.402
G25;2;WT;07:15-07:30;43.426
G25;2;WT;07:30-07:45;47.384
G25;2;WT;07:45-08:00;52.028
G25;2;WT;08:00-08:15;56.677
G25;2;WT;08:15-08:30;58.398
G25;2;WT;08:30-08:45;59.941
G25;2;WT;08:45-09:00;61.741
G25;2;WT;09:00-09:15;63.081
G25;2;WT;09:15-09:30;63.402
G25;2;WT;09:30-09:45;64.37
G25;2;WT;09:45-10:00;65.34
G25;2;WT;10:00-10:15;67.169
G25;2;WT;10:15-10:30;67.567
G25;2;WT;10:30-10:45;67.179
G25;2;WT;10:45-11:00;67.091
G25;2;WT;11:00-11:15;66.829
G25;2;WT;11:15-11:30;66.725
G25;2;WT;11:30-11:45;66.412
G25;2;WT;11:45-12:00;65.555
G25;2;WT;12:00-12:15;63.278
G25;2;WT;12:15-12:30;61.584
G25;2;WT;12:30-12:45;59.965
G25;2;WT;12:45-13:00;58.788
G25;2;WT;13:00-13:15;57.588
G25;2;WT;13:15-13:30;56.514
G25;2;WT;13:30-13:45;55.781
G25;2;WT;13:45-14:00;55.483
G25;2;WT;14:00-14:15;55.768
G25;2;WT;14:15-14:30;55.505
G25;2;WT;14:30-14:45;55.572
G25;2;WT;14:45-15:00;54.861
G25;2;WT;15:00-15:15;54.1
G25;2;WT;15:15-15:30;53.357
G25;2;WT;15:30-15:45;52.359
G25;2;WT;15:45-16:00;51.156
G25;2;WT;16:00-16:15;49.701
G25;2;WT;16:15-16:30;48.333
G25;2;WT;16:30-16:45;47.17
G25;2;WT;16:45-17:00;46.129
G25;2;WT;17:00-17:15;44.45
G25;2;WT;17:15-17:30;43.531
G25;2;WT;17:30-17:45;42.776
G25;2;WT;17:45-18:00;41.937
G25;2;WT;18:00-18:15;39.285
G25;2;WT;18:15-18:30;36.748
G25;2;WT;18:30-18:45;33.758
G25;2;WT;18:45-19:00;31.582
G25;2;WT;19:00-19:15;29.492
G25;2;WT;19:15-19:30;27.434
G25;2;WT;19:30-19:45;26.41
G25;2;WT;19:45-20:00;25.194
G25;2;WT;20:00-20:15;23.848
G25;2;WT;20:15-20:30;22.903
G25;2;WT;20:30-20:45;21.893
G25;2;WT;20:45-21:00;21.098
G25;2;WT;21:00-21:15;20.301
G25;2;WT;21:15-21:30;19.617
G25;2;WT;21:30-21:45;18.961
G25;2;WT;21:45-22:00;18.356
G25;2;WT;22:00-22:15;17.549
G25;2;WT;22:15-22:30;17.069
G25;2;WT;22:30-22:45;16.632
G25;2;WT;22:45-23:00;16.376
G25;2;WT;23:00-23:15;15.992
G25;2;WT;23:15-23:30;15.683
G25;2;WT;23:30-23:45;15.519
G25;2;WT;23:45-00:00;15.341
G25;3;SA;00:00-00:15;14.746
G25;3;SA;00:15-00:30;14.561
G25;3;SA;00:30-00:45;14.562
G25;3;SA;00:45-01:00;14.371
G25;3;SA;01:00-01:15;14.423
G25;3;SA;01:15-01:30;14.326
G25;3;SA;01:30-01:45;14.178
G25;3;SA;01:45-02:00;14.203
G25;3;SA;02:00-02:15;14.135
G25;3;SA;02:15-02:30;13.965
G25;3;SA;02:30-02:45;13.825
G25;3;SA;02:45-03:00;13.945
G25;3;SA;03:00-03:15;14.054
G25;3;SA;03:15-03:30;14.159
G25;3;SA;03:30-03:45;14.178
G25;3;SA;03:45-04:00;14.118
G25;3;SA;04:00-04:15;14.116
G25;3;SA;04:15-04:30;14.382
G25;3;SA;04:30-04:45;14.627
G25;3;SA;04:45-05:00;15.125
G25;3;SA;05:00-05:15;15.724
G25;3;SA;05:15-05:30;16.161
G25;3;SA;05:30-05:45;17.077
G25;3;SA;05:45-06:00;17.67
G25;3;SA;06:00-06:15;18.271
G25;3;SA;06:15-06:30;18.581
G25;3;SA;06:30-06:45;18.594
G25;3;SA;06:45-07:00;19.016
G25;3;SA;07:00-07:15;19.691
G25;3;SA;07:15-07:30;19.935
G25;3;SA;07:30-07:45;20.656
G25;3;SA;07:45-08:00;21.736
G25;3;SA;08:00-08:15;23.232
G25;3;SA;08:15-08:30;23.887
G25;3;SA;08:30-08:45;25.268
G25;3;SA;08:45-09:00;27.172
G25;3;SA;09:00-09:15;29.309
G25;3;SA;09:15-09:30;29.625
G25;3;SA;09:30-09:45;31.057
G25;3;SA;09:45-10:00;32.293
G25;3;SA;10:00-10:15;33.195
G25;3;SA;10:15-10:30;33.431
G25;3;SA;10:30-10:45;33.494
G25;3;SA;10:45-11:00;33.774
G25;3;SA;11:00-11:15;33.83
G25;3;SA;11:15-11:30;33.903
G25;3;SA;11:30-11:45;33.693
G25;3;SA;11:45-12:00;33.46
G25;3;SA;12:00-12:15;32.826
G25;3;SA;12:15-12:30;31.721
G25;3;SA;12:30-12:45;31.125
G25;3;SA;12:45-13:00;30.645
G25;3;SA;13:00-13:15;29.072
G25;3;SA;13:15-13:30;28.101
G25;3;SA;13:30-13:45;27.652
G25;3;SA;13:45-14:00;27.113
G25;3;SA;14:00-14:15;26.051
G25;3;SA;14:15-14:30;25.472
G25;3;SA;14:30-14:45;25.295
G25;3;SA;14:45-15:00;24.854
G25;3;SA;15:00-15:15;24.627
G25;3;SA;15:15-15:30;24.19
G25;3;SA;15:30-15:45;23.969
G25;3;SA;15:45-16:00;23.874
G25;3;SA;16:00-16:15;23.141
G25;3;SA;16:15-16:30;22.726
G25;3;SA;16:30-16:45;22.639
G25;3;SA;16:45-17:00;22.815
G25;3;SA;17:00-17:15;22.663
G25;3;SA;17:15-17:30;22.738
G25;3;SA;17:30-17:45;22.624
G25;3;SA;17:45-18:00;22.546
G25;3;SA;18:00-18:15;22.614
G25;3;SA;18:15-18:30;22.185
G25;3;SA;18:30-18:45;22.181
G25;3;SA;18:45-19:00;22.2
G25;3;SA;19:00-19:15;22.064
G25;3;SA;19:15-19:30;21.511
G25;3;SA;19:30-19:45;21.004
G25;3;SA;19:45-20:00;20.644
G25;3;SA;20:00-20:15;20.247
G25;3;SA;20:15-20:30;19.426
G25;3;SA;20:30-20:45;19.003
G25;3;SA;20:45-21:00;18.801
G25;3;SA;21:00-21:15;18.158
G25;3;SA;21:15-21:30;17.743
G25;3;SA;21:30-21:45;17.428
G25;3;SA;21:45-22:00;17.006
G25;3;SA;22:00-22:15;16.213
G25;3;SA;22:15-22:30;15.855
G25;3;SA;22:30-22:45;15.625
G25;3;SA;22:45-23:00;15.434
G25;3;SA;23:00-23:15;15.104
G25;3;SA;23:15-23:30;14.767
G25;3;SA;23:30-23:45;14.662
G25;3;SA;23:45-00:00;14.392
G25;3;FT;00:00-00:15;14.351
G25;3;FT;00:15-00:30;14.235
G25;3;FT;00:30-00:45;14.108
G25;3;FT;00:45-01:00;13.994
G25;3;FT;01:00-01:15;13.922
G25;3;FT;01:15-01:30;13.945
G25;3;FT;01:30-01:45;13.769
G25;3;FT;01:45-02:00;13.724
G25;3;FT;02:00-02:15;13.798
G25;3;FT;02:15-02:30;13.697
G25;3;FT;02:30-02:45;13.774
G25;3;FT;02:45-03:00;13.863
G25;3;FT;03:00-03:15;13.518
G25;3;FT;03:15-03:30;13.582
G25;3;FT;03:30-03:45;13.649
G25;3;FT;03:45-04:00;13.743
G25;3;FT;04:00-04:15;13.933
G25;3;FT;04:15-04:30;13.865
G25;3;FT;04:30-04:45;13.823
G25;3;FT;04:45-05:00;13.949
G25;3;FT;05:00-05:15;14.089
G25;3;FT;05:15-05:30;14.457
G25;3;FT;05:30-05:45;14.672
G25;3;FT;05:45-06:00;14.813
G25;3;FT;06:00-06:15;15.117
G25;3;FT;06:15-06:30;15.159
G25;3;FT;06:30-06:45;15.407
G25;3;FT;06:45-07:00;15.31
G25;3;FT;07:00-07:15;15.354
G25;3;FT;07:15-07:30;15.408
G25;3;FT;07:30-07:45;15.37
G25;3;FT;07:45-08:00;15.693
G25;3;FT;08:00-08:15;16.025
G25;3;FT;08:15-08:30;16.005
G25;3;FT;08:30-08:45;16.074
G25;3;FT;08:45-09:00;16.284
G25;3;FT;09:00-09:15;16.493
G25;3;FT;09:15-09:30;16.81
G25;3;FT;09:30-09:45;17.204
G25;3;FT;09:45-10:00;17.53
G25;3;FT;10:00-10:15;17.989
G25;3;FT;10:15-10:30;17.843
G25;3;FT;10:30-10:45;17.767
G25;3;FT;10:45-11:00;17.914
G25;3;FT;11:00-11:15;17.987
G25;3;FT;11:15-11:30;18.425
G25;3;FT;11:30-11:45;18.557
G25;3;FT;11:45-12:00;18.805
G25;3;FT;12:00-12:15;18.851
G25;3;FT;12:15-12:30;18.731
G25;3;FT;12:30-12:45;18.725
G25;3;FT;12:45-13:00;18.789
G25;3;FT;13:00-13:15;18.633
G25;3;FT;13:15-13:30;18.556
G25;3;FT;13:30-13:45;18.446
G25;3;FT;13:45-14:00;18.265
G25;3;FT;14:00-14:15;18.37
G25;3;FT;14:15-14:30;17.9
G25;3;FT;14:30-14:45;17.898
G25;3;FT;14:45-15:00;18.007
G25;3;FT;15:00-15:15;17.922
G25;3;FT;15:15-15:30;17.829
G25;3;FT;15:30-15:45;17.854
G25;3;FT;15:45-16:00;18.014
G25;3;FT;16:00-16:15;18.25
G25;3;FT;16:15-16:30;18.313
G25;3;FT;16:30-16:45;18.259
G25;3;FT;16:45-17:00;18.473
G25;3;FT;17:00-17:15;18.896
G25;3;FT;17:15-17:30;19.007
G25;3;FT;17:30-17:45;19.082
G25;3;FT;17:45-18:00;19.409
G25;3;FT;18:00-18:15;19.644
G25;3;FT;18:15-18:30;19.423
G25;3;FT;18:30-18:45;19.513
G25;3;FT;18:45-19:00;19.567
G25;3;FT;19:00-19:15;19.596
G25;3;FT;19:15-19:30;19.43
G25;3;FT;19:30-19:45;19.121
G25;3;FT;19:45-20:00;19.045
G25;3;FT;20:00-20:15;18.784
G25;3;FT;20:15-20:30;18.275
G25;3;FT;20:30-20:45;17.772
G25;3;FT;20:45-21:00;17.316
G25;3;FT;21:00-21:15;16.982
G25;3;FT;21:15-21:30;16.711
G25;3;FT;21:30-21:45;16.412
G25;3;FT;21:45-22:00;15.994
G25;3;FT;22:00-22:15;15.475
G25;3;FT;22:15-22:30;15.074
G25;3;FT;22:30-22:45;14.973
G25;3;FT;22:45-23:00;14.566
G25;3;FT;23:00-23:15;14.36
G25;3;FT;23:15-23:30;14.098
G25;3;FT;23:30-23:45;14.077
G25;3;FT;23:45-00:00;13.794
G25;3;WT;00:00-00:15;14.645
G25;3;WT;00:15-00:30;14.524
G25;3;WT;00:30-00:45;14.431
G25;3;WT;00:45-01:00;14.364
G25;3;WT;01:00-01:15;14.257
G25;3;WT;01:15-01:30;14.174
G25;3;WT;01:30-01:45;14.068
G25;3;WT;01:45-02:00;14.079
G25;3;WT;02:00-02:15;14.09
G25;3;WT;02:15-02:30;14.017
G25;3;WT;02:30-02:45;13.966
G25;3;WT;02:45-03:00;14.06
G25;3;WT;03:00-03:15;14.145
G25;3;WT;03:15-03:30;14.282
G25;3;WT;03:30-03:45;14.391
G25;3;WT;03:45-04:00;14.674
G25;3;WT;04:00-04:15;14.876
G25;3;WT;04:15-04:30;15.06
G25;3;WT;04:30-04:45;15.664
G25;3;WT;04:45-05:00;16.259
G25;3;WT;05:00-05:15;17.223
G25;3;WT;05:15-05:30;18.117
G25;3;WT;05:30-05:45;19.553
G25;3;WT;05:45-06:00;21.721
G25;3;WT;06:00-06:15;24.169
G25;3;WT;06:15-06:30;25.876
G25;3;WT;06:30-06:45;28.516
G25;3;WT;06:45-07:00;32.126
G25;3;WT;07:00-07:15;37.012
G25;3;WT;07:15-07:30;40.776
G25;3;WT;07:30-07:45;44.456
G25;3;WT;07:45-08:00;48.842
G25;3;WT;08:00-08:15;53.372
G25;3;WT;08:15-08:30;55.694
G25;3;WT;08:30-08:45;57.517
G25;3;WT;08:45-09:00;59.694
G25;3;WT;09:00-09:15;60.959
G25;3;WT;09:15-09:30;61.556
G25;3;WT;09:30-09:45;62.419
G25;3;WT;09:45-10:00;63.58
G25;3;WT;10:00-10:15;65.572
G25;3;WT;10:15-10:30;65.658
G25;3;WT;10:30-10:45;65.566
G25;3;WT;10:45-11:00;65.452
G25;3;WT;11:00-11:15;65.557
G25;3;WT;11:15-11:30;65.341
G25;3;WT;11:30-11:45;65.073
G25;3;WT;11:45-12:00;64.307
G25;3;WT;12:00-12:15;62.155
G25;3;WT;12:15-12:30;60.45
G25;3;WT;12:30-12:45;58.871
G25;3;WT;12:45-13:00;57.413
G25;3;WT;13:00-13:15;56.607
G25;3;WT;13:15-13:30;55.639
G25;3;WT;13:30-13:45;54.682
G25;3;WT;13:45-14:00;54.424
G25;3;WT;14:00-14:15;54.818
G25;3;WT;14:15-14:30;54.308
G25;3;WT;14:30-14:45;54.316
G25;3;WT;14:45-15:00;53.649
G25;3;WT;15:00-15:15;52.856
G25;3;WT;15:15-15:30;51.999
G25;3;WT;15:30-15:45;50.752
G25;3;WT;15:45-16:00;49.417
G25;3;WT;16:00-16:15;47.975
G25;3;WT;16:15-16:30;46.97
G25;3;WT;16:30-16:45;45.622
G25;3;WT;16:45-17:00;44.303
G25;3;WT;17:00-17:15;42.647
G25;3;WT;17:15-17:30;41.209
G25;3;WT;17:30-17:45;39.979
G25;3;WT;17:45-18:00;38.812
G25;3;WT;18:00-18:15;36.172
G25;3;WT;18:15-18:30;34.11
G25;3;WT;18:30-18:45;31.677
G25;3;WT;18:45-19:00;30.251
G25;3;WT;19:00-19:15;28.49
G25;3;WT;19:15-19:30;26.712
G25;3;WT;19:30-19:45;25.668
G25;3;WT;19:45-20:00;24.947
G25;3;WT;20:00-20:15;23.67
G25;3;WT;20:15-20:30;22.72
G25;3;WT;20:30-20:45;21.705
G25;3;WT;20:45-21:00;20.864
G25;3;WT;21:00-21:15;20.048
G25;3;WT;21:15-21:30;19.464
G25;3;WT;21:30-21:45;18.823
G25;3;WT;21:45-22:00;18.122
G25;3;WT;22:00-22:15;17.315
G25;3;WT;22:15-22:30;16.81
G25;3;WT;22:30-22:45;16.352
G25;3;WT;22:45-23:00;16.118
G25;3;WT;23:00-23:15;15.687
G25;3;WT;23:15-23:30;15.348
G25;3;WT;23:30-23:45;15.137
G25;3;WT;23:45-00:00;14.938
G25;4;SA;00:00-00:15;13.754
G25;4;SA;00:15-00:30;13.604
G25;4;SA;00:30-00:45;13.581
G25;4;SA;00:45-01:00;13.547
G25;4;SA;01:00-01:15;13.438
G25;4;SA;01:15-01:30;13.378
G25;4;SA;01:30-01:45;13.241
G25;4;SA;01:45-02:00;13.164
G25;4;SA;02:00-02:15;13.152
G25;4;SA;02:15-02:30;13.088
G25;4;SA;02:30-02:45;13.046
G25;4;SA;02:45-03:00;13.085
G25;4;SA;03:00-03:15;13.216
G25;4;SA;03:15-03:30;13.289
G25;4;SA;03:30-03:45;13.298
G25;4;SA;03:45-04:00;13.443
G25;4;SA;04:00-04:15;13.441
G25;4;SA;04:15-04:30;13.607
G25;4;SA;04:30-04:45;14.02
G25;4;SA;04:45-05:00;14.458
G25;4;SA;05:00-05:15;15.284
G25;4;SA;05:15-05:30;15.487
G25;4;SA;05:30-05:45;16.104
G25;4;SA;05:45-06:00;16.621
G25;4;SA;06:00-06:15;17.01
G25;4;SA;06:15-06:30;17.125
G25;4;SA;06:30-06:45;17.467
G25;4;SA;06:45-07:00;17.715
G25;4;SA;07:00-07:15;18.351
G25;4;SA;07:15-07:30;18.673
G25;4;SA;07:30-07:45;19.408
G25;4;SA;07:45-08:00;20.631
G25;4;SA;08:00-08:15;21.901
G25;4;SA;08:15-08:30;22.631
G25;4;SA;08:30-08:45;24.07
G25;4;SA;08:45-09:00;25.839
G25;4;SA;09:00-09:15;28.113
G25;4;SA;09:15-09:30;29.053
G25;4;SA;09:30-09:45;30.165
G25;4;SA;09:45-10:00;31.323
G25;4;SA;10:00-10:15;32.47
G25;4;SA;10:15-10:30;32.509
G25;4;SA;10:30-10:45;32.355
G25;4;SA;10:45-11:00;32.633
G25;4;SA;11:00-11:15;32.467
G25;4;SA;11:15-11:30;32.479
G25;4;SA;11:30-11:45;32.756
G25;4;SA;11:45-12:00;32.154
G25;4;SA;12:00-12:15;31.418
G25;4;SA;12:15-12:30;30.717
G25;4;SA;12:30-12:45;30.027
G25;4;SA;12:45-13:00;29.299
G25;4;SA;13:00-13:15;28.028
G25;4;SA;13:15-13:30;27.333
G25;4;SA;13:30-13:45;26.846
G25;4;SA;13:45-14:00;26.273
G25;4;SA;14:00-14:15;25.363
G25;4;SA;14:15-14:30;24.616
G25;4;SA;14:30-14:45;24.354
G25;4;SA;14:45-15:00;23.976
G25;4;SA;15:00-15:15;23.548
G25;4;SA;15:15-15:30;23.328
G25;4;SA;15:30-15:45;23.308
G25;4;SA;15:45-16:00;23.034
G25;4;SA;16:00-16:15;22.455
G25;4;SA;16:15-16:30;22.003
G25;4;SA;16:30-16:45;21.591
G25;4;SA;16:45-17:00;21.625
G25;4;SA;17:00-17:15;21.53
G25;4;SA;17:15-17:30;21.515
G25;4;SA;17:30-17:45;21.237
G25;4;SA;17:45-18:00;21.224
G25;4;SA;18:00-18:15;20.385
G25;4;SA;18:15-18:30;19.751
G25;4;SA;18:30-18:45;19.555
G25;4;SA;18:45-19:00;19.226
G25;4;SA;19:00-19:15;19.205
G25;4;SA;19:15-19:30;19.084
G25;4;SA;19:30-19:45;18.934
G25;4;SA;19:45-20:00;19.02
G25;4;SA;20:00-20:15;18.7
G25;4;SA;20:15-20:30;18.345
G25;4;SA;20:30-20:45;17.989
G25;4;SA;20:45-21:00;17.722
G25;4;SA;21:00-21:15;17.256
G25;4;SA;21:15-21:30;17.026
G25;4;SA;21:30-21:45;16.574
G25;4;SA;21:45-22:00;16.008
G25;4;SA;22:00-22:15;15.49
G25;4;SA;22:15-22:30;15.078
G25;4;SA;22:30-22:45;14.878
G25;4;SA;22:45-23:00;14.564
G25;4;SA;23:00-23:15;14.383
G25;4;SA;23:15-23:30;14.154
G25;4;SA;23:30-23:45;13.98
G25;4;SA;23:45-00:00;13.81
G25;4;FT;00:00-00:15;13.616
G25;4;FT;00:15-00:30;13.558
G25;4;FT;00:30-00:45;13.322
G25;4;FT;00:45-01:00;13.282
G25;4;FT;01:00-01:15;13.283
G25;4;FT;01:15-01:30;13.205
G25;4;FT;01:30-01:45;13.144
G25;4;FT;01:45-02:00;13.116
G25;4;FT;02:00-02:15;13.099
G25;4;FT;02:15-02:30;13.073
G25;4;FT;02:30-02:45;12.968
G25;4;FT;02:45-03:00;12.957
G25;4;FT;03:00-03:15;13.019
G25;4;FT;03:15-03:30;12.905
G25;4;FT;03:30-03:45;12.9
G25;4;FT;03:45-04:00;13.089
G25;4;FT;04:00-04:15;13.137
G25;4;FT;04:15-04:30;13.124
G25;4;FT;04:30-04:45;13.164
G25;4;FT;04:45-05:00;13.195
G25;4;FT;05:00-05:15;13.496
G25;4;FT;05:15-05:30;13.469
G25;4;FT;05:30-05:45;13.581
G25;4;FT;05:45-06:00;13.782
G25;4;FT;06:00-06:15;14.12
G25;4;FT;06:15-06:30;14.071
G25;4;FT;06:30-06:45;14.14
G25;4;FT;06:45-07:00;14.317
G25;4;FT;07:00-07:15;14.571
G25;4;FT;07:15-07:30;14.493
G25;4;FT;07:30-07:45;14.914
G25;4;FT;07:45-08:00;15.188
G25;4;FT;08:00-08:15;15.474
G25;4;FT;08:15-08:30;15.437
G25;4;FT;08:30-08:45;15.658
G25;4;FT;08:45-09:00;16.011
G25;4;FT;09:00-09:15;16.492
G25;4;FT;09:15-09:30;16.753
G25;4;FT;09:30-09:45;16.949
G25;4;FT;09:45-10:00;17.114
G25;4;FT;10:00-10:15;17.323
G25;4;FT;10:15-10:30;17.343
G25;4;FT;10:30-10:45;17.778
G25;4;FT;10:45-11:00;18.062
G25;4;FT;11:00-11:15;18.291
G25;4;FT;11:15-11:30;18.486
G25;4;FT;11:30-11:45;18.541
G25;4;FT;11:45-12:00;18.604
G25;4;FT;12:00-12:15;18.517
G25;4;FT;12:15-12:30;18.358
G25;4;FT;12:30-12:45;18.094
G25;4;FT;12:45-13:00;18.068
G25;4;FT;13:00-13:15;17.955
G25;4;FT;13:15-13:30;17.861
G25;4;FT;13:30-13:45;17.682
G25;4;FT;13:45-14:00;17.583
G25;4;FT;14:00-14:15;17.459
G25;4;FT;14:15-14:30;17.379
G25;4;FT;14:30-14:45;17.188
G25;4;FT;14:45-15:00;17.349
G25;4;FT;15:00-15:15;17.359
G25;4;FT;15:15-15:30;17.102
G25;4;FT;15:30-15:45;17.192
G25;4;FT;15:45-16:00;17.304
G25;4;FT;16:00-16:15;17.297
G25;4;FT;16:15-16:30;17.539
G25;4;FT;16:30-16:45;17.297
G25;4;FT;16:45-17:00;17.467
G25;4;FT;17:00-17:15;17.52
G25;4;FT;17:15-17:30;17.695
G25;4;FT;17:30-17:45;17.983
G25;4;FT;17:45-18:00;17.83
G25;4;FT;18:00-18:15;17.688
G25;4;FT;18:15-18:30;17.732
G25;4;FT;18:30-18:45;17.484
G25;4;FT;18:45-19:00;17.421
G25;4;FT;19:00-19:15;17.377
G25;4;FT;19:15-19:30;17.006
G25;4;FT;19:30-19:45;17.181
G25;4;FT;19:45-20:00;17.127
G25;4;FT;20:00-20:15;17.167
G25;4;FT;20:15-20:30;16.963
G25;4;FT;20:30-20:45;16.786
G25;4;FT;20:45-21:00;16.629
G25;4;FT;21:00-21:15;16.301
G25;4;FT;21:15-21:30;15.97
G25;4;FT;21:30-21:45;15.688
G25;4;FT;21:45-22:00;15.489
G25;4;FT;22:00-22:15;15.138
G25;4;FT;22:15-22:30;14.663
G25;4;FT;22:30-22:45;14.482
G25;4;FT;22:45-23:00;14.187
G25;4;FT;23:00-23:15;13.956
G25;4;FT;23:15-23:30;13.581
G25;4;FT;23:30-23:45;13.434
G25;4;FT;23:45-00:00;13.243
G25;4;WT;00:00-00:15;13.948
G25;4;WT;00:15-00:30;13.793
G25;4;WT;00:30-00:45;13.684
G25;4;WT;00:45-01:00;13.57
G25;4;WT;01:00-01:15;13.505
G25;4;WT;01:15-01:30;13.421
G25;4;WT;01:30-01:45;13.407
G25;4;WT;01:45-02:00;13.343
G25;4;WT;02:00-02:15;13.333
G25;4;WT;02:15-02:30;13.263
G25;4;WT;02:30-02:45;13.272
G25;4;WT;02:45-03:00;13.359
G25;4;WT;03:00-03:15;13.416
G25;4;WT;03:15-03:30;13.622
G25;4;WT;03:30-03:45;13.674
G25;4;WT;03:45-04:00;13.927
G25;4;WT;04:00-04:15;14.278
G25;4;WT;04:15-04:30;14.34
G25;4;WT;04:30-04:45;15.103
G25;4;WT;04:45-05:00;15.712
G25;4;WT;05:00-05:15;16.563
G25;4;WT;05:15-05:30;17.221
G25;4;WT;05:30-05:45;18.563
G25;4;WT;05:45-06:00;20.504
G25;4;WT;06:00-06:15;22.54
G25;4;WT;06:15-06:30;24.127
G25;4;WT;06:30-06:45;26.625
G25;4;WT;06:45-07:00;29.685
G25;4;WT;07:00-07:15;33.588
G25;4;WT;07:15-07:30;37.147
G25;4;WT;07:30-07:45;40.976
G25;4;WT;07:45-08:00;45.036
G25;4;WT;08:00-08:15;49.124
G25;4;WT;08:15-08:30;51.341
G25;4;WT;08:30-08:45;53.151
G25;4;WT;08:45-09:00;54.992
G25;4;WT;09:00-09:15;56.424
G25;4;WT;09:15-09:30;56.743
G25;4;WT;09:30-09:45;57.852
G25;4;WT;09:45-10:00;58.801
G25;4;WT;10:00-10:15;60.593
G25;4;WT;10:15-10:30;60.87
G25;4;WT;10:30-10:45;60.435
G25;4;WT;10:45-11:00;60.589
G25;4;WT;11:00-11:15;60.891
G25;4;WT;11:15-11:30;60.944
G25;4;WT;11:30-11:45;60.837
G25;4;WT;11:45-12:00;60.144
G25;4;WT;12:00-12:15;58.204
G25;4;WT;12:15-12:30;56.258
G25;4;WT;12:30-12:45;55.157
G25;4;WT;12:45-13:00;54.134
G25;4;WT;13:00-13:15;53.306
G25;4;WT;13:15-13:30;52.127
G25;4;WT;13:30-13:45;51.4
G25;4;WT;13:45-14:00;51.244
G25;4;WT;14:00-14:15;51.505
G25;4;WT;14:15-14:30;51.215
G25;4;WT;14:30-14:45;51.421
G25;4;WT;14:45-15:00;50.786
G25;4;WT;15:00-15:15;50.072
G25;4;WT;15:15-15:30;49.115
G25;4;WT;15:30-15:45;47.942
G25;4;WT;15:45-16:00;46.69
G25;4;WT;16:00-16:15;45.385
G25;4;WT;16:15-16:30;44.185
G25;4;WT;16:30-16:45;42.81
G25;4;WT;16:45-17:00;41.586
G25;4;WT;17:00-17:15;39.847
G25;4;WT;17:15-17:30;38.601
G25;4;WT;17:30-17:45;37.434
G25;4;WT;17:45-18:00;35.904
G25;4;WT;18:00-18:15;33.026
G25;4;WT;18:15-18:30;30.655
G25;4;WT;18:30-18:45;28.184
G25;4;WT;18:45-19:00;26.513
G25;4;WT;19:00-19:15;24.975
G25;4;WT;19:15-19:30;23.403
G25;4;WT;19:30-19:45;22.736
G25;4;WT;19:45-20:00;22.202
G25;4;WT;20:00-20:15;21.462
G25;4;WT;20:15-20:30;20.952
G25;4;WT;20:30-20:45;20.397
G25;4;WT;20:45-21:00;19.844
G25;4;WT;21:00-21:15;19.191
G25;4;WT;21:15-21:30;18.615
G25;4;WT;21:30-21:45;18.066
G25;4;WT;21:45-22:00;17.414
G25;4;WT;22:00-22:15;16.646
G25;4;WT;22:15-22:30;16.214
G25;4;WT;22:30-22:45;15.767
G25;4;WT;22:45-23:00;15.422
G25;4;WT;23:00-23:15;15.009
G25;4;WT;23:15-23:30;14.679
G25;4;WT;23:30-23:45;14.425
G25;4;WT;23:45-00:00;14.301
G25;5;SA;00:00-00:15;13.226
G25;5;SA;00:15-00:30;13.178
G25;5;SA;00:30-00:45;13.189
G25;5;SA;00:45-01:00;13.114
G25;5;SA;01:00-01:15;12.971
G25;5;SA;01:15-01:30;12.895
G25;5;SA;01:30-01:45;12.81
G25;5;SA;01:45-02:00;12.812
G25;5;SA;02:00-02:15;12.644
G25;5;SA;02:15-02:30;12.585
G25;5;SA;02:30-02:45;12.505
G25;5;SA;02:45-03:00;12.399
G25;5;SA;03:00-03:15;12.599
G25;5;SA;03:15-03:30;12.585
G25;5;SA;03:30-03:45;12.571
G25;5;SA;03:45-04:00;12.606
G25;5;SA;04:00-04:15;12.764
G25;5;SA;04:15-04:30;12.902
G25;5;SA;04:30-04:45;13.253
G25;5;SA;04:45-05:00;13.629
G25;5;SA;05:00-05:15;14.156
G25;5;SA;05:15-05:30;14.283
G25;5;SA;05:30-05:45;14.718
G25;5;SA;05:45-06:00;15.135
G25;5;SA;06:00-06:15;15.473
G25;5;SA;06:15-06:30;15.8
G25;5;SA;06:30-06:45;16.197
G25;5;SA;06:45-07:00;16.541
G25;5;SA;07:00-07:15;17.053
G25;5;SA;07:15-07:30;17.507
G25;5;SA;07:30-07:45;18.203
G25;5;SA;07:45-08:00;19.525
G25;5;SA;08:00-08:15;21.027
G25;5;SA;08:15-08:30;22.225
G25;5;SA;08:30-08:45;23.144
G25;5;SA;08:45-09:00;24.539
G25;5;SA;09:00-09:15;26.772
G25;5;SA;09:15-09:30;27.353
G25;5;SA;09:30-09:45;28.943
G25;5;SA;09:45-10:00;30.133
G25;5;SA;10:00-10:15;31.496
G25;5;SA;10:15-10:30;31.497
G25;5;SA;10:30-10:45;31.471
G25;5;SA;10:45-11:00;31.249
G25;5;SA;11:00-11:15;31.209
G25;5;SA;11:15-11:30;31.351
G25;5;SA;11:30-11:45;31.474
G25;5;SA;11:45-12:00;30.994
G25;5;SA;12:00-12:15;30.157
G25;5;SA;12:15-12:30;29.067
G25;5;SA;12:30-12:45;28.489
G25;5;SA;12:45-13:00;27.644
G25;5;SA;13:00-13:15;26.64
G25;5;SA;13:15-13:30;25.68
G25;5;SA;13:30-13:45;25.744
G25;5;SA;13:45-14:00;24.806
G25;5;SA;14:00-14:15;24.118
G25;5;SA;14:15-14:30;23.444
G25;5;SA;14:30-14:45;22.617
G25;5;SA;14:45-15:00;22.645
G25;5;SA;15:00-15:15;22.308
G25;5;SA;15:15-15:30;22.147
G25;5;SA;15:30-15:45;22.301
G25;5;SA;15:45-16:00;22.143
G25;5;SA;16:00-16:15;21.536
G25;5;SA;16:15-16:30;20.867
G25;5;SA;16:30-16:45;20.848
G25;5;SA;16:45-17:00;20.699
G25;5;SA;17:00-17:15;20.49
G25;5;SA;17:15-17:30;20.361
G25;5;SA;17:30-17:45;20.372
G25;5;SA;17:45-18:00;20.405
G25;5;SA;18:00-18:15;19.823
G25;5;SA;18:15-18:30;19.033
G25;5;SA;18:30-18:45;18.687
G25;5;SA;18:45-19:00;18.673
G25;5;SA;19:00-19:15;18.356
G25;5;SA;19:15-19:30;18.211
G25;5;SA;19:30-19:45;17.914
G25;5;SA;19:45-20:00;17.277
G25;5;SA;20:00-20:15;17.021
G25;5;SA;20:15-20:30;16.733
G25;5;SA;20:30-20:45;16.405
G25;5;SA;20:45-21:00;16.122
G25;5;SA;21:00-21:15;16.22
G25;5;SA;21:15-21:30;16.272
G25;5;SA;21:30-21:45;15.928
G25;5;SA;21:45-22:00;15.817
G25;5;SA;22:00-22:15;15.395
G25;5;SA;22:15-22:30;14.689
G25;5;SA;22:30-22:45;14.359
G25;5;SA;22:45-23:00;14.199
G25;5;SA;23:00-23:15;14.006
G25;5;SA;23:15-23:30;13.838
G25;5;SA;23:30-23:45;13.719
G25;5;SA;23:45-00:00;13.56
G25;5;FT;00:00-00:15;13.122
G25;5;FT;00:15-00:30;12.968
G25;5;FT;00:30-00:45;12.782
G25;5;FT;00:45-01:00;12.695
G25;5;FT;01:00-01:15;12.712
G25;5;FT;01:15-01:30;12.587
G25;5;FT;01:30-01:45;12.497
G25;5;FT;01:45-02:00;12.462
G25;5;FT;02:00-02:15;12.376
G25;5;FT;02:15-02:30;12.311
G25;5;FT;02:30-02:45;12.285
G25;5;FT;02:45-03:00;12.286
G25;5;FT;03:00-03:15;12.266
G25;5;FT;03:15-03:30;12.144
G25;5;FT;03:30-03:45;12.258
G25;5;FT;03:45-04:00;12.293
G25;5;FT;04:00-04:15;12.597
G25;5;FT;04:15-04:30;12.515
G25;5;FT;04:30-04:45;12.491
G25;5;FT;04:45-05:00;12.465
G25;5;FT;05:00-05:15;12.451
G25;5;FT;05:15-05:30;12.455
G25;5;FT;05:30-05:45;12.415
G25;5;FT;05:45-06:00;12.415
G25;5;FT;06:00-06:15;12.629
G25;5;FT;06:15-06:30;12.626
G25;5;FT;06:30-06:45;12.987
G25;5;FT;06:45-07:00;13.231
G25;5;FT;07:00-07:15;13.527
G25;5;FT;07:15-07:30;13.766
G25;5;FT;07:30-07:45;13.884
G25;5;FT;07:45-08:00;14.103
G25;5;FT;08:00-08:15;14.429
G25;5;FT;08:15-08:30;14.84
G25;5;FT;08:30-08:45;15.134
G25;5;FT;08:45-09:00;15.38
G25;5;FT;09:00-09:15;15.651
G25;5;FT;09:15-09:30;15.804
G25;5;FT;09:30-09:45;16.096
G25;5;FT;09:45-10:00;16.316
G25;5;FT;10:00-10:15;16.847
G25;5;FT;10:15-10:30;16.938
G25;5;FT;10:30-10:45;17.256
G25;5;FT;10:45-11:00;17.555
G25;5;FT;11:00-11:15;17.816
G25;5;FT;11:15-11:30;17.765
G25;5;FT;11:30-11:45;17.886
G25;5;FT;11:45-12:00;18.127
G25;5;FT;12:00-12:15;18.012
G25;5;FT;12:15-12:30;17.829
G25;5;FT;12:30-12:45;17.853
G25;5;FT;12:45-13:00;17.672
G25;5;FT;13:00-13:15;17.617
G25;5;FT;13:15-13:30;17.266
G25;5;FT;13:30-13:45;17.12
G25;5;FT;13:45-14:00;17.007
G25;5;FT;14:00-14:15;16.996
G25;5;FT;14:15-14:30;16.724
G25;5;FT;14:30-14:45;16.686
G25;5;FT;14:45-15:00;16.644
G25;5;FT;15:00-15:15;16.869
G25;5;FT;15:15-15:30;16.783
G25;5;FT;15:30-15:45;16.691
G25;5;FT;15:45-16:00;16.808
G25;5;FT;16:00-16:15;16.92
G25;5;FT;16:15-16:30;16.788
G25;5;FT;16:30-16:45;16.776
G25;5;FT;16:45-17:00;16.741
G25;5;FT;17:00-17:15;16.742
G25;5;FT;17:15-17:30;16.932
G25;5;FT;17:30-17:45;17.06
G25;5;FT;17:45-18:00;17.066
G25;5;FT;18:00-18:15;16.908
G25;5;FT;18:15-18:30;16.628
G25;5;FT;18:30-18:45;16.589
G25;5;FT;18:45-19:00;16.459
G25;5;FT;19:00-19:15;16.224
G25;5;FT;19:15-19:30;16.166
G25;5;FT;19:30-19:45;16.025
G25;5;FT;19:45-20:00;15.838
G25;5;FT;20:00-20:15;15.618
G25;5;FT;20:15-20:30;15.524
G25;5;FT;20:30-20:45;15.299
G25;5;FT;20:45-21:00;15.295
G25;5;FT;21:00-21:15;15.215
G25;5;FT;21:15-21:30;15.074
G25;5;FT;21:30-21:45;14.913
G25;5;FT;21:45-22:00;14.668
G25;5;FT;22:00-22:15;14.318
G25;5;FT;22:15-22:30;14.002
G25;5;FT;22:30-22:45;13.658
G25;5;FT;22:45-23:00;13.459
G25;5;FT;23:00-23:15;13.175
G25;5;FT;23:15-23:30;12.978
G25;5;FT;23:30-23:45;12.924
G25;5;FT;23:45-00:00;12.74
G25;5;WT;00:00-00:15;13.16
G25;5;WT;00:15-00:30;13.015
G25;5;WT;00:30-00:45;12.892
G25;5;WT;00:45-01:00;12.749
G25;5;WT;01:00-01:15;12.673
G25;5;WT;01:15-01:30;12.639
G25;5;WT;01:30-01:45;12.564
G25;5;WT;01:45-02:00;12.53
G25;5;WT;02:00-02:15;12.5
G25;5;WT;02:15-02:30;12.523
G25;5;WT;02:30-02:45;12.463
G25;5;WT;02:45-03:00;12.451
G25;5;WT;03:00-03:15;12.556
G25;5;WT;03:15-03:30;12.696
G25;5;WT;03:30-03:45;12.809
G25;5;WT;03:45-04:00;13.086
G25;5;WT;04:00-04:15;13.342
G25;5;WT;04:15-04:30;13.45
G25;5;WT;04:30-04:45;14.104
G25;5;WT;04:45-05:00;14.57
G25;5;WT;05:00-05:15;15.464
G25;5;WT;05:15-05:30;15.984
G25;5;WT;05:30-05:45;16.993
G25;5;WT;05:45-06:00;18.654
G25;5;WT;06:00-06:15;20.295
G25;5;WT;06:15-06:30;21.59
G25;5;WT;06:30-06:45;23.928
G25;5;WT;06:45-07:00;26.615
G25;5;WT;07:00-07:15;30.3
G25;5;WT;07:15-07:30;33.728
G25;5;WT;07:30-07:45;37.273
G25;5;WT;07:45-08:00;41.262
G25;5;WT;08:00-08:15;45.388
G25;5;WT;08:15-08:30;47.784
G25;5;WT;08:30-08:45;49.409
G25;5;WT;08:45-09:00;51.443
G25;5;WT;09:00-09:15;52.82
G25;5;WT;09:15-09:30;53.435
G25;5;WT;09:30-09:45;54.568
G25;5;WT;09:45-10:00;55.784
G25;5;WT;10:00-10:15;57.341
G25;5;WT;10:15-10:30;57.658
G25;5;WT;10:30-10:45;57.514
G25;5;WT;10:45-11:00;57.22
G25;5;WT;11:00-11:15;57.684
G25;5;WT;11:15-11:30;57.847
G25;5;WT;11:30-11:45;57.622
G25;5;WT;11:45-12:00;57.143
G25;5;WT;12:00-12:15;55.18
G25;5;WT;12:15-12:30;53.568
G25;5;WT;12:30-12:45;52.347
G25;5;WT;12:45-13:00;51.293
G25;5;WT;13:00-13:15;50.491
G25;5;WT;13:15-13:30;49.666
G25;5;WT;13:30-13:45;49.134
G25;5;WT;13:45-14:00;48.798
G25;5;WT;14:00-14:15;48.969
G25;5;WT;14:15-14:30;48.695
G25;5;WT;14:30-14:45;48.876
G25;5;WT;14:45-15:00;48.294
G25;5;WT;15:00-15:15;47.802
G25;5;WT;15:15-15:30;47.057
G25;5;WT;15:30-15:45;45.968
G25;5;WT;15:45-16:00;44.907
G25;5;WT;16:00-16:15;43.765
G25;5;WT;16:15-16:30;42.579
G25;5;WT;16:30-16:45;41.603
G25;5;WT;16:45-17:00;40.122
G25;5;WT;17:00-17:15;38.49
G25;5;WT;17:15-17:30;37.232
G25;5;WT;17:30-17:45;36.059
G25;5;WT;17:45-18:00;34.618
G25;5;WT;18:00-18:15;31.884
G25;5;WT;18:15-18:30;29.542
G25;5;WT;18:30-18:45;27.253
G25;5;WT;18:45-19:00;25.428
G25;5;WT;19:00-19:15;23.896
G25;5;WT;19:15-19:30;22.568
G25;5;WT;19:30-19:45;21.565
G25;5;WT;19:45-20:00;20.895
G25;5;WT;20:00-20:15;20.018
G25;5;WT;20:15-20:30;19.437
G25;5;WT;20:30-20:45;18.832
G25;5;WT;20:45-21:00;18.429
G25;5;WT;21:00-21:15;18.012
G25;5;WT;21:15-21:30;17.746
G25;5;WT;21:30-21:45;17.35
G25;5;WT;21:45-22:00;16.816
G25;5;WT;22:00-22:15;16.165
G25;5;WT;22:15-22:30;15.659
G25;5;WT;22:30-22:45;15.191
G25;5;WT;22:45-23:00;14.901
G25;5;WT;23:00-23:15;14.46
G25;5;WT;23:15-23:30;14.138
G25;5;WT;23:30-23:45;13.943
G25;5;WT;23:45-00:00;13.664
G25;6;SA;00:00-00:15;13.708
G25;6;SA;00:15-00:30;13.5
G25;6;SA;00:30-00:45;13.29
G25;6;SA;00:45-01:00;13.244
G25;6;SA;01:00-01:15;13.262
G25;6;SA;01:15-01:30;13.104
G25;6;SA;01:30-01:45;13.098
G25;6;SA;01:45-02:00;12.961
G25;6;SA;02:00-02:15;12.971
G25;6;SA;02:15-02:30;12.855
G25;6;SA;02:30-02:45;12.704
G25;6;SA;02:45-03:00;12.732
G25;6;SA;03:00-03:15;12.775
G25;6;SA;03:15-03:30;12.83
G25;6;SA;03:30-03:45;12.836
G25;6;SA;03:45-04:00;12.985
G25;6;SA;04:00-04:15;12.949
G25;6;SA;04:15-04:30;12.917
G25;6;SA;04:30-04:45;13.214
G25;6;SA;04:45-05:00;13.595
G25;6;SA;05:00-05:15;13.796
G25;6;SA;05:15-05:30;13.917
G25;6;SA;05:30-05:45;14.447
G25;6;SA;05:45-06:00;14.762
G25;6;SA;06:00-06:15;15.243
G25;6;SA;06:15-06:30;15.475
G25;6;SA;06:30-06:45;16
G25;6;SA;06:45-07:00;16.298
G25;6;SA;07:00-07:15;17.064
G25;6;SA;07:15-07:30;17.355
G25;6;SA;07:30-07:45;18.038
G25;6;SA;07:45-08:00;19.279
G25;6;SA;08:00-08:15;20.765
G25;6;SA;08:15-08:30;21.276
G25;6;SA;08:30-08:45;22.872
G25;6;SA;08:45-09:00;24.339
G25;6;SA;09:00-09:15;25.872
G25;6;SA;09:15-09:30;27.111
G25;6;SA;09:30-09:45;28.217
G25;6;SA;09:45-10:00;29.142
G25;6;SA;10:00-10:15;30.237
G25;6;SA;10:15-10:30;30.613
G25;6;SA;10:30-10:45;30.753
G25;6;SA;10:45-11:00;30.393
G25;6;SA;11:00-11:15;30.392
G25;6;SA;11:15-11:30;30.914
G25;6;SA;11:30-11:45;31.046
G25;6;SA;11:45-12:00;30.839
G25;6;SA;12:00-12:15;29.958
G25;6;SA;12:15-12:30;29.516
G25;6;SA;12:30-12:45;28.991
G25;6;SA;12:45-13:00;28.775
G25;6;SA;13:00-13:15;27.222
G25;6;SA;13:15-13:30;26.286
G25;6;SA;13:30-13:45;25.708
G25;6;SA;13:45-14:00;25.279
G25;6;SA;14:00-14:15;24.388
G25;6;SA;14:15-14:30;23.514
G25;6;SA;14:30-14:45;23.038
G25;6;SA;14:45-15:00;22.693
G25;6;SA;15:00-15:15;22.867
G25;6;SA;15:15-15:30;22.626
G25;6;SA;15:30-15:45;22.354
G25;6;SA;15:45-16:00;22.259
G25;6;SA;16:00-16:15;21.729
G25;6;SA;16:15-16:30;21.617
G25;6;SA;16:30-16:45;21.337
G25;6;SA;16:45-17:00;21.149
G25;6;SA;17:00-17:15;21.417
G25;6;SA;17:15-17:30;21.203
G25;6;SA;17:30-17:45;21.011
G25;6;SA;17:45-18:00;20.743
G25;6;SA;18:00-18:15;20.145
G25;6;SA;18:15-18:30;19.374
G25;6;SA;18:30-18:45;18.995
G25;6;SA;18:45-19:00;18.773
G25;6;SA;19:00-19:15;18.311
G25;6;SA;19:15-19:30;18.216
G25;6;SA;19:30-19:45;17.846
G25;6;SA;19:45-20:00;17.561
G25;6;SA;20:00-20:15;17.111
G25;6;SA;20:15-20:30;16.654
G25;6;SA;20:30-20:45;16.201
G25;6;SA;20:45-21:00;16.152
G25;6;SA;21:00-21:15;15.944
G25;6;SA;21:15-21:30;15.522
G25;6;SA;21:30-21:45;15.435
G25;6;SA;21:45-22:00;15.525
G25;6;SA;22:00-22:15;15.492
G25;6;SA;22:15-22:30;15.064
G25;6;SA;22:30-22:45;14.855
G25;6;SA;22:45-23:00;14.622
G25;6;SA;23:00-23:15;14.39
G25;6;SA;23:15-23:30;14.169
G25;6;SA;23:30-23:45;13.878
G25;6;SA;23:45-00:00;13.66
G25;6;FT;00:00-00:15;13.369
G25;6;FT;00:15-00:30;13.075
G25;6;FT;00:30-00:45;13.078
G25;6;FT;00:45-01:00;12.855
G25;6;FT;01:00-01:15;12.86
G25;6;FT;01:15-01:30;12.683
G25;6;FT;01:30-01:45;12.683
G25;6;FT;01:45-02:00;12.647
G25;6;FT;02:00-02:15;12.62
G25;6;FT;02:15-02:30;12.551
G25;6;FT;02:30-02:45;12.404
G25;6;FT;02:45-03:00;12.521
G25;6;FT;03:00-03:15;12.407
G25;6;FT;03:15-03:30;12.392
G25;6;FT;03:30-03:45;12.484
G25;6;FT;03:45-04:00;12.495
G25;6;FT;04:00-04:15;12.57
G25;6;FT;04:15-04:30;12.507
G25;6;FT;04:30-04:45;12.517
G25;6;FT;04:45-05:00;12.375
G25;6;FT;05:00-05:15;12.33
G25;6;FT;05:15-05:30;12.397
G25;6;FT;05:30-05:45;12.625
G25;6;FT;05:45-06:00;12.801
G25;6;FT;06:00-06:15;13.109
G25;6;FT;06:15-06:30;13.204
G25;6;FT;06:30-06:45;13.493
G25;6;FT;06:45-07:00;14.016
G25;6;FT;07:00-07:15;14.529
G25;6;FT;07:15-07:30;14.943
G25;6;FT;07:30-07:45;15.347
G25;6;FT;07:45-08:00;16.132
G25;6;FT;08:00-08:15;16.961
G25;6;FT;08:15-08:30;17.212
G25;6;FT;08:30-08:45;17.491
G25;6;FT;08:45-09:00;17.76
G25;6;FT;09:00-09:15;18.146
G25;6;FT;09:15-09:30;18.446
G25;6;FT;09:30-09:45;18.581
G25;6;FT;09:45-10:00;19.097
G25;6;FT;10:00-10:15;19.743
G25;6;FT;10:15-10:30;20.075
G25;6;FT;10:30-10:45;19.888
G25;6;FT;10:45-11:00;19.964
G25;6;FT;11:00-11:15;20.141
G25;6;FT;11:15-11:30;20.274
G25;6;FT;11:30-11:45;20.654
G25;6;FT;11:45-12:00;20.477
G25;6;FT;12:00-12:15;20.537
G25;6;FT;12:15-12:30;20.393
G25;6;FT;12:30-12:45;20.393
G25;6;FT;12:45-13:00;20.034
G25;6;FT;13:00-13:15;19.824
G25;6;FT;13:15-13:30;19.548
G25;6;FT;13:30-13:45;19.714
G25;6;FT;13:45-14:00;19.388
G25;6;FT;14:00-14:15;19.498
G25;6;FT;14:15-14:30;19.239
G25;6;FT;14:30-14:45;19.289
G25;6;FT;14:45-15:00;19.271
G25;6;FT;15:00-15:15;19.444
G25;6;FT;15:15-15:30;19.272
G25;6;FT;15:30-15:45;19.312
G25;6;FT;15:45-16:00;19.352
G25;6;FT;16:00-16:15;19.208
G25;6;FT;16:15-16:30;19.213
G25;6;FT;16:30-16:45;19.181
G25;6;FT;16:45-17:00;19.094
G25;6;FT;17:00-17:15;18.981
G25;6;FT;17:15-17:30;18.861
G25;6;FT;17:30-17:45;19.026
G25;6;FT;17:45-18:00;18.917
G25;6;FT;18:00-18:15;18.506
G25;6;FT;18:15-18:30;18.126
G25;6;FT;18:30-18:45;17.843
G25;6;FT;18:45-19:00;17.8
G25;6;FT;19:00-19:15;17.666
G25;6;FT;19:15-19:30;17.364
G25;6;FT;19:30-19:45;17.14
G25;6;FT;19:45-20:00;16.802
G25;6;FT;20:00-20:15;16.578
G25;6;FT;20:15-20:30;16.44
G25;6;FT;20:30-20:45;15.995
G25;6;FT;20:45-21:00;15.781
G25;6;FT;21:00-21:15;15.486
G25;6;FT;21:15-21:30;15.298
G25;6;FT;21:30-21:45;15.2
G25;6;FT;21:45-22:00;15.167
G25;6;FT;22:00-22:15;15.02
G25;6;FT;22:15-22:30;14.757
G25;6;FT;22:30-22:45;14.461
G25;6;FT;22:45-23:00;14.091
G25;6;FT;23:00-23:15;13.715
G25;6;FT;23:15-23:30;13.556
G25;6;FT;23:30-23:45;13.241
G25;6;FT;23:45-00:00;13.14
G25;6;WT;00:00-00:15;13.818
G25;6;WT;00:15-00:30;13.602
G25;6;WT;00:30-00:45;13.485
G25;6;WT;00:45-01:00;13.368
G25;6;WT;01:00-01:15;13.232
G25;6;WT;01:15-01:30;13.204
G25;6;WT;01:30-01:45;13.196
G25;6;WT;01:45-02:00;13.134
G25;6;WT;02:00-02:15;13.085
G25;6;WT;02:15-02:30;13.028
G25;6;WT;02:30-02:45;12.96
G25;6;WT;02:45-03:00;12.97
G25;6;WT;03:00-03:15;13.083
G25;6;WT;03:15-03:30;13.136
G25;6;WT;03:30-03:45;13.213
G25;6;WT;03:45-04:00;13.508
G25;6;WT;04:00-04:15;13.614
G25;6;WT;04:15-04:30;13.751
G25;6;WT;04:30-04:45;14.239
G25;6;WT;04:45-05:00;14.487
G25;6;WT;05:00-05:15;15.241
G25;6;WT;05:15-05:30;15.789
G25;6;WT;05:30-05:45;16.697
G25;6;WT;05:45-06:00;18.197
G25;6;WT;06:00-06:15;19.982
G25;6;WT;06:15-06:30;21.221
G25;6;WT;06:30-06:45;23.163
G25;6;WT;06:45-07:00;25.826
G25;6;WT;07:00-07:15;29.46
G25;6;WT;07:15-07:30;32.525
G25;6;WT;07:30-07:45;36.042
G25;6;WT;07:45-08:00;39.896
G25;6;WT;08:00-08:15;43.833
G25;6;WT;08:15-08:30;45.738
G25;6;WT;08:30-08:45;47.443
G25;6;WT;08:45-09:00;49.266
G25;6;WT;09:00-09:15;50.979
G25;6;WT;09:15-09:30;51.571
G25;6;WT;09:30-09:45;52.73
G25;6;WT;09:45-10:00;54.064
G25;6;WT;10:00-10:15;55.868
G25;6;WT;10:15-10:30;56.158
G25;6;WT;10:30-10:45;56.412
G25;6;WT;10:45-11:00;56.147
G25;6;WT;11:00-11:15;56.469
G25;6;WT;11:15-11:30;56.728
G25;6;WT;11:30-11:45;56.482
G25;6;WT;11:45-12:00;56.132
G25;6;WT;12:00-12:15;54.234
G25;6;WT;12:15-12:30;52.683
G25;6;WT;12:30-12:45;51.664
G25;6;WT;12:45-13:00;50.832
G25;6;WT;13:00-13:15;50.013
G25;6;WT;13:15-13:30;49.479
G25;6;WT;13:30-13:45;48.602
G25;6;WT;13:45-14:00;48.494
G25;6;WT;14:00-14:15;48.776
G25;6;WT;14:15-14:30;48.501
G25;6;WT;14:30-14:45;48.555
G25;6;WT;14:45-15:00;47.935
G25;6;WT;15:00-15:15;47.491
G25;6;WT;15:15-15:30;46.869
G25;6;WT;15:30-15:45;45.929
G25;6;WT;15:45-16:00;44.936
G25;6;WT;16:00-16:15;43.865
G25;6;WT;16:15-16:30;42.799
G25;6;WT;16:30-16:45;41.717
G25;6;WT;16:45-17:00;40.451
G25;6;WT;17:00-17:15;38.767
G25;6;WT;17:15-17:30;37.345
G25;6;WT;17:30-17:45;36.24
G25;6;WT;17:45-18:00;34.857
G25;6;WT;18:00-18:15;32.116
G25;6;WT;18:15-18:30;29.929
G25;6;WT;18:30-18:45;27.362
G25;6;WT;18:45-19:00;25.665
G25;6;WT;19:00-19:15;24.105
G25;6;WT;19:15-19:30;22.762
G25;6;WT;19:30-19:45;21.859
G25;6;WT;19:45-20:00;21.259
G25;6;WT;20:00-20:15;20.238
G25;6;WT;20:15-20:30;19.44
G25;6;WT;20:30-20:45;18.759
G25;6;WT;20:45-21:00;18.341
G25;6;WT;21:00-21:15;17.886
G25;6;WT;21:15-21:30;17.59
G25;6;WT;21:30-21:45;17.282
G25;6;WT;21:45-22:00;16.998
G25;6;WT;22:00-22:15;16.668
G25;6;WT;22:15-22:30;16.281
G25;6;WT;22:30-22:45;15.875
G25;6;WT;22:45-23:00;15.546
G25;6;WT;23:00-23:15;15.193
G25;6;WT;23:15-23:30;14.822
G25;6;WT;23:30-23:45;14.521
G25;6;WT;23:45-00:00;14.277
G25;7;SA;00:00-00:15;13.829
G25;7;SA;00:15-00:30;13.606
G25;7;SA;00:30-00:45;13.375
G25;7;SA;00:45-01:00;13.275
G25;7;SA;01:00-01:15;13.234
G25;7;SA;01:15-01:30;13.196
G25;7;SA;01:30-01:45;13.123
G25;7;SA;01:45-02:00;13.026
G25;7;SA;02:00-02:15;13.032
G25;7;SA;02:15-02:30;12.899
G25;7;SA;02:30-02:45;12.783
G25;7;SA;02:45-03:00;12.811
G25;7;SA;03:00-03:15;12.685
G25;7;SA;03:15-03:30;12.686
G25;7;SA;03:30-03:45;12.805
G25;7;SA;03:45-04:00;12.994
G25;7;SA;04:00-04:15;13.056
G25;7;SA;04:15-04:30;13.147
G25;7;SA;04:30-04:45;13.375
G25;7;SA;04:45-05:00;13.697
G25;7;SA;05:00-05:15;14.006
G25;7;SA;05:15-05:30;14.144
G25;7;SA;05:30-05:45;14.526
G25;7;SA;05:45-06:00;14.873
G25;7;SA;06:00-06:15;15.295
G25;7;SA;06:15-06:30;15.37
G25;7;SA;06:30-06:45;15.799
G25;7;SA;06:45-07:00;16.185
G25;7;SA;07:00-07:15;16.775
G25;7;SA;07:15-07:30;16.999
G25;7;SA;07:30-07:45;17.68
G25;7;SA;07:45-08:00;18.941
G25;7;SA;08:00-08:15;20.402
G25;7;SA;08:15-08:30;21.222
G25;7;SA;08:30-08:45;22.417
G25;7;SA;08:45-09:00;23.811
G25;7;SA;09:00-09:15;25.729
G25;7;SA;09:15-09:30;26.389
G25;7;SA;09:30-09:45;27.535
G25;7;SA;09:45-10:00;28.756
G25;7;SA;10:00-10:15;29.877
G25;7;SA;10:15-10:30;30.366
G25;7;SA;10:30-10:45;30.432
G25;7;SA;10:45-11:00;30.411
G25;7;SA;11:00-11:15;30.584
G25;7;SA;11:15-11:30;30.601
G25;7;SA;11:30-11:45;31.083
G25;7;SA;11:45-12:00;30.487
G25;7;SA;12:00-12:15;29.643
G25;7;SA;12:15-12:30;29.157
G25;7;SA;12:30-12:45;28.366
G25;7;SA;12:45-13:00;27.809
G25;7;SA;13:00-13:15;26.666
G25;7;SA;13:15-13:30;25.712
G25;7;SA;13:30-13:45;25.559
G25;7;SA;13:45-14:00;24.913
G25;7;SA;14:00-14:15;23.824
G25;7;SA;14:15-14:30;23.146
G25;7;SA;14:30-14:45;22.795
G25;7;SA;14:45-15:00;22.706
G25;7;SA;15:00-15:15;22.607
G25;7;SA;15:15-15:30;22.513
G25;7;SA;15:30-15:45;22.413
G25;7;SA;15:45-16:00;22.382
G25;7;SA;16:00-16:15;21.928
G25;7;SA;16:15-16:30;21.41
G25;7;SA;16:30-16:45;21.501
G25;7;SA;16:45-17:00;21.578
G25;7;SA;17:00-17:15;21.076
G25;7;SA;17:15-17:30;20.977
G25;7;SA;17:30-17:45;21.039
G25;7;SA;17:45-18:00;20.97
G25;7;SA;18:00-18:15;20.332
G25;7;SA;18:15-18:30;19.425
G25;7;SA;18:30-18:45;18.94
G25;7;SA;18:45-19:00;18.837
G25;7;SA;19:00-19:15;18.511
G25;7;SA;19:15-19:30;18.113
G25;7;SA;19:30-19:45;17.91
G25;7;SA;19:45-20:00;17.589
G25;7;SA;20:00-20:15;17.043
G25;7;SA;20:15-20:30;16.57
G25;7;SA;20:30-20:45;16.436
G25;7;SA;20:45-21:00;16.323
G25;7;SA;21:00-21:15;16.061
G25;7;SA;21:15-21:30;15.927
G25;7;SA;21:30-21:45;15.798
G25;7;SA;21:45-22:00;15.75
G25;7;SA;22:00-22:15;15.281
G25;7;SA;22:15-22:30;15.165
G25;7;SA;22:30-22:45;14.896
G25;7;SA;22:45-23:00;14.679
G25;7;SA;23:00-23:15;14.378
G25;7;SA;23:15-23:30;14.066
G25;7;SA;23:30-23:45;13.861
G25;7;SA;23:45-00:00;13.715
G25;7;FT;00:00-00:15;13.485
G25;7;FT;00:15-00:30;13.199
G25;7;FT;00:30-00:45;12.984
G25;7;FT;00:45-01:00;12.901
G25;7;FT;01:00-01:15;12.757
G25;7;FT;01:15-01:30;12.662
G25;7;FT;01:30-01:45;12.672
G25;7;FT;01:45-02:00;12.645
G25;7;FT;02:00-02:15;12.499
G25;7;FT;02:15-02:30;12.465
G25;7;FT;02:30-02:45;12.37
G25;7;FT;02:45-03:00;12.36
G25;7;FT;03:00-03:15;12.404
G25;7;FT;03:15-03:30;12.389
G25;7;FT;03:30-03:45;12.467
G25;7;FT;03:45-04:00;12.551
G25;7;FT;04:00-04:15;12.561
G25;7;FT;04:15-04:30;12.574
G25;7;FT;04:30-04:45;12.472
G25;7;FT;04:45-05:00;12.392
G25;7;FT;05:00-05:15;12.371
G25;7;FT;05:15-05:30;12.358
G25;7;FT;05:30-05:45;12.359
G25;7;FT;05:45-06:00;12.35
G25;7;FT;06:00-06:15;12.588
G25;7;FT;06:15-06:30;12.632
G25;7;FT;06:30-06:45;12.652
G25;7;FT;06:45-07:00;12.888
G25;7;FT;07:00-07:15;13.246
G25;7;FT;07:15-07:30;13.205
G25;7;FT;07:30-07:45;13.516
G25;7;FT;07:45-08:00;13.768
G25;7;FT;08:00-08:15;14.314
G25;7;FT;08:15-08:30;14.23
G25;7;FT;08:30-08:45;14.49
G25;7;FT;08:45-09:00;14.691
G25;7;FT;09:00-09:15;14.983
G25;7;FT;09:15-09:30;15.34
G25;7;FT;09:30-09:45;15.41
G25;7;FT;09:45-10:00;15.748
G25;7;FT;10:00-10:15;16.339
G25;7;FT;10:15-10:30;16.513
G25;7;FT;10:30-10:45;16.504
G25;7;FT;10:45-11:00;16.915
G25;7;FT;11:00-11:15;17.041
G25;7;FT;11:15-11:30;17.275
G25;7;FT;11:30-11:45;17.283
G25;7;FT;11:45-12:00;17.275
G25;7;FT;12:00-12:15;17.319
G25;7;FT;12:15-12:30;17.213
G25;7;FT;12:30-12:45;17.16
G25;7;FT;12:45-13:00;17.174
G25;7;FT;13:00-13:15;16.908
G25;7;FT;13:15-13:30;17.057
G25;7;FT;13:30-13:45;17.182
G25;7;FT;13:45-14:00;17.021
G25;7;FT;14:00-14:15;16.888
G25;7;FT;14:15-14:30;17.04
G25;7;FT;14:30-14:45;16.786
G25;7;FT;14:45-15:00;16.511
G25;7;FT;15:00-15:15;16.732
G25;7;FT;15:15-15:30;16.73
G25;7;FT;15:30-15:45;16.825
G25;7;FT;15:45-16:00;16.949
G25;7;FT;16:00-16:15;17.309
G25;7;FT;16:15-16:30;17.389
G25;7;FT;16:30-16:45;17.538
G25;7;FT;16:45-17:00;17.165
G25;7;FT;17:00-17:15;17.026
G25;7;FT;17:15-17:30;17.065
G25;7;FT;17:30-17:45;17.229
G25;7;FT;17:45-18:00;17.268
G25;7;FT;18:00-18:15;16.998
G25;7;FT;18:15-18:30;16.965
G25;7;FT;18:30-18:45;16.894
G25;7;FT;18:45-19:00;16.657
G25;7;FT;19:00-19:15;16.423
G25;7;FT;19:15-19:30;16.342
G25;7;FT;19:30-19:45;16.18
G25;7;FT;19:45-20:00;16.001
G25;7;FT;20:00-20:15;15.741
G25;7;FT;20:15-20:30;15.691
G25;7;FT;20:30-20:45;15.369
G25;7;FT;20:45-21:00;15.214
G25;7;FT;21:00-21:15;14.983
G25;7;FT;21:15-21:30;14.815
G25;7;FT;21:30-21:45;14.861
G25;7;FT;21:45-22:00;14.813
G25;7;FT;22:00-22:15;14.655
G25;7;FT;22:15-22:30;14.256
G25;7;FT;22:30-22:45;14.006
G25;7;FT;22:45-23:00;13.901
G25;7;FT;23:00-23:15;13.559
G25;7;FT;23:15-23:30;13.39
G25;7;FT;23:30-23:45;13.21
G25;7;FT;23:45-00:00;13.082
G25;7;WT;00:00-00:15;13.346
G25;7;WT;00:15-00:30;13.169
G25;7;WT;00:30-00:45;13.006
G25;7;WT;00:45-01:00;12.919
G25;7;WT;01:00-01:15;12.846
G25;7;WT;01:15-01:30;12.765
G25;7;WT;01:30-01:45;12.732
G25;7;WT;01:45-02:00;12.682
G25;7;WT;02:00-02:15;12.662
G25;7;WT;02:15-02:30;12.634
G25;7;WT;02:30-02:45;12.615
G25;7;WT;02:45-03:00;12.591
G25;7;WT;03:00-03:15;12.666
G25;7;WT;03:15-03:30;12.705
G25;7;WT;03:30-03:45;12.836
G25;7;WT;03:45-04:00;13.106
G25;7;WT;04:00-04:15;13.274
G25;7;WT;04:15-04:30;13.306
G25;7;WT;04:30-04:45;13.843
G25;7;WT;04:45-05:00;14.159
G25;7;WT;05:00-05:15;14.974
G25;7;WT;05:15-05:30;15.331
G25;7;WT;05:30-05:45;16.234
G25;7;WT;05:45-06:00;17.59
G25;7;WT;06:00-06:15;19.14
G25;7;WT;06:15-06:30;20.352
G25;7;WT;06:30-06:45;22.42
G25;7;WT;06:45-07:00;24.797
G25;7;WT;07:00-07:15;27.961
G25;7;WT;07:15-07:30;30.75
G25;7;WT;07:30-07:45;33.716
G25;7;WT;07:45-08:00;37.146
G25;7;WT;08:00-08:15;40.937
G25;7;WT;08:15-08:30;42.722
G25;7;WT;08:30-08:45;44.151
G25;7;WT;08:45-09:00;45.772
G25;7;WT;09:00-09:15;47.203
G25;7;WT;09:15-09:30;47.907
G25;7;WT;09:30-09:45;49.042
G25;7;WT;09:45-10:00;50.451
G25;7;WT;10:00-10:15;51.954
G25;7;WT;10:15-10:30;52.189
G25;7;WT;10:30-10:45;52.005
G25;7;WT;10:45-11:00;52.229
G25;7;WT;11:00-11:15;52.571
G25;7;WT;11:15-11:30;52.704
G25;7;WT;11:30-11:45;52.662
G25;7;WT;11:45-12:00;52.275
G25;7;WT;12:00-12:15;50.561
G25;7;WT;12:15-12:30;49.168
G25;7;WT;12:30-12:45;47.996
G25;7;WT;12:45-13:00;47.385
G25;7;WT;13:00-13:15;46.791
G25;7;WT;13:15-13:30;46.166
G25;7;WT;13:30-13:45;45.73
G25;7;WT;13:45-14:00;45.638
G25;7;WT;14:00-14:15;45.998
G25;7;WT;14:15-14:30;45.713
G25;7;WT;14:30-14:45;46.034
G25;7;WT;14:45-15:00;45.615
G25;7;WT;15:00-15:15;45.273
G25;7;WT;15:15-15:30;44.44
G25;7;WT;15:30-15:45;43.731
G25;7;WT;15:45-16:00;42.786
G25;7;WT;16:00-16:15;41.629
G25;7;WT;16:15-16:30;40.494
G25;7;WT;16:30-16:45;39.342
G25;7;WT;16:45-17:00;38.098
G25;7;WT;17:00-17:15;36.422
G25;7;WT;17:15-17:30;35.145
G25;7;WT;17:30-17:45;34.267
G25;7;WT;17:45-18:00;33.175
G25;7;WT;18:00-18:15;30.458
G25;7;WT;18:15-18:30;28.407
G25;7;WT;18:30-18:45;25.909
G25;7;WT;18:45-19:00;24.383
G25;7;WT;19:00-19:15;22.891
G25;7;WT;19:15-19:30;21.576
G25;7;WT;19:30-19:45;20.806
G25;7;WT;19:45-20:00;20.148
G25;7;WT;20:00-20:15;19.304
G25;7;WT;20:15-20:30;18.615
G25;7;WT;20:30-20:45;18.082
G25;7;WT;20:45-21:00;17.633
G25;7;WT;21:00-21:15;17.258
G25;7;WT;21:15-21:30;16.955
G25;7;WT;21:30-21:45;16.831
G25;7;WT;21:45-22:00;16.567
G25;7;WT;22:00-22:15;16.06
G25;7;WT;22:15-22:30;15.65
G25;7;WT;22:30-22:45;15.233
G25;7;WT;22:45-23:00;14.893
G25;7;WT;23:00-23:15;14.564
G25;7;WT;23:15-23:30;14.257
G25;7;WT;23:30-23:45;14.05
G25;7;WT;23:45-00:00;13.765
G25;8;SA;00:00-00:15;13.746
G25;8;SA;00:15-00:30;13.689
G25;8;SA;00:30-00:45;13.432
G25;8;SA;00:45-01:00;13.301
G25;8;SA;01:00-01:15;13.215
G25;8;SA;01:15-01:30;13.142
G25;8;SA;01:30-01:45;13.047
G25;8;SA;01:45-02:00;12.974
G25;8;SA;02:00-02:15;12.884
G25;8;SA;02:15-02:30;12.81
G25;8;SA;02:30-02:45;12.787
G25;8;SA;02:45-03:00;12.757
G25;8;SA;03:00-03:15;12.902
G25;8;SA;03:15-03:30;12.846
G25;8;SA;03:30-03:45;12.87
G25;8;SA;03:45-04:00;12.995
G25;8;SA;04:00-04:15;13.131
G25;8;SA;04:15-04:30;13.117
G25;8;SA;04:30-04:45;13.414
G25;8;SA;04:45-05:00;13.817
G25;8;SA;05:00-05:15;14.413
G25;8;SA;05:15-05:30;14.765
G25;8;SA;05:30-05:45;15.218
G25;8;SA;05:45-06:00;15.591
G25;8;SA;06:00-06:15;15.804
G25;8;SA;06:15-06:30;15.951
G25;8;SA;06:30-06:45;16.048
G25;8;SA;06:45-07:00;16.366
G25;8;SA;07:00-07:15;16.897
G25;8;SA;07:15-07:30;17.267
G25;8;SA;07:30-07:45;18.02
G25;8;SA;07:45-08:00;19.32
G25;8;SA;08:00-08:15;20.485
G25;8;SA;08:15-08:30;21.079
G25;8;SA;08:30-08:45;22.346
G25;8;SA;08:45-09:00;24.216
G25;8;SA;09:00-09:15;26.047
G25;8;SA;09:15-09:30;26.919
G25;8;SA;09:30-09:45;28.208
G25;8;SA;09:45-10:00;28.948
G25;8;SA;10:00-10:15;29.971
G25;8;SA;10:15-10:30;30.084
G25;8;SA;10:30-10:45;30.085
G25;8;SA;10:45-11:00;30.33
G25;8;SA;11:00-11:15;30.825
G25;8;SA;11:15-11:30;30.93
G25;8;SA;11:30-11:45;30.836
G25;8;SA;11:45-12:00;30.338
G25;8;SA;12:00-12:15;29.481
G25;8;SA;12:15-12:30;28.986
G25;8;SA;12:30-12:45;28.476
G25;8;SA;12:45-13:00;27.674
G25;8;SA;13:00-13:15;26.623
G25;8;SA;13:15-13:30;26.251
G25;8;SA;13:30-13:45;25.767
G25;8;SA;13:45-14:00;24.989
G25;8;SA;14:00-14:15;23.978
G25;8;SA;14:15-14:30;23.635
G25;8;SA;14:30-14:45;23.306
G25;8;SA;14:45-15:00;23.119
G25;8;SA;15:00-15:15;22.994
G25;8;SA;15:15-15:30;22.793
G25;8;SA;15:30-15:45;22.646
G25;8;SA;15:45-16:00;22.574
G25;8;SA;16:00-16:15;21.723
G25;8;SA;16:15-16:30;21.23
G25;8;SA;16:30-16:45;21.315
G25;8;SA;16:45-17:00;20.894
G25;8;SA;17:00-17:15;21.085
G25;8;SA;17:15-17:30;20.909
G25;8;SA;17:30-17:45;20.924
G25;8;SA;17:45-18:00;20.591
G25;8;SA;18:00-18:15;19.977
G25;8;SA;18:15-18:30;19.181
G25;8;SA;18:30-18:45;18.964
G25;8;SA;18:45-19:00;18.648
G25;8;SA;19:00-19:15;18.369
G25;8;SA;19:15-19:30;17.832
G25;8;SA;19:30-19:45;17.61
G25;8;SA;19:45-20:00;17.446
G25;8;SA;20:00-20:15;17.091
G25;8;SA;20:15-20:30;16.648
G25;8;SA;20:30-20:45;16.537
G25;8;SA;20:45-21:00;16.455
G25;8;SA;21:00-21:15;16.451
G25;8;SA;21:15-21:30;16.151
G25;8;SA;21:30-21:45;16.067
G25;8;SA;21:45-22:00;15.702
G25;8;SA;22:00-22:15;15.283
G25;8;SA;22:15-22:30;15.016
G25;8;SA;22:30-22:45;14.594
G25;8;SA;22:45-23:00;14.305
G25;8;SA;23:00-23:15;14.166
G25;8;SA;23:15-23:30;13.86
G25;8;SA;23:30-23:45;13.752
G25;8;SA;23:45-00:00;13.543
G25;8;FT;00:00-00:15;13.421
G25;8;FT;00:15-00:30;13.156
G25;8;FT;00:30-00:45;13.055
G25;8;FT;00:45-01:00;12.902
G25;8;FT;01:00-01:15;12.756
G25;8;FT;01:15-01:30;12.727
G25;8;FT;01:30-01:45;12.705
G25;8;FT;01:45-02:00;12.673
G25;8;FT;02:00-02:15;12.586
G25;8;FT;02:15-02:30;12.488
G25;8;FT;02:30-02:45;12.403
G25;8;FT;02:45-03:00;12.403
G25;8;FT;03:00-03:15;12.494
G25;8;FT;03:15-03:30;12.412
G25;8;FT;03:30-03:45;12.48
G25;8;FT;03:45-04:00;12.543
G25;8;FT;04:00-04:15;12.727
G25;8;FT;04:15-04:30;12.604
G25;8;FT;04:30-04:45;12.692
G25;8;FT;04:45-05:00;12.558
G25;8;FT;05:00-05:15;12.744
G25;8;FT;05:15-05:30;12.884
G25;8;FT;05:30-05:45;12.815
G25;8;FT;05:45-06:00;12.868
G25;8;FT;06:00-06:15;12.844
G25;8;FT;06:15-06:30;12.89
G25;8;FT;06:30-06:45;13.005
G25;8;FT;06:45-07:00;13.124
G25;8;FT;07:00-07:15;13.265
G25;8;FT;07:15-07:30;13.528
G25;8;FT;07:30-07:45;13.475
G25;8;FT;07:45-08:00;13.7
G25;8;FT;08:00-08:15;14.096
G25;8;FT;08:15-08:30;14.386
G25;8;FT;08:30-08:45;14.417
G25;8;FT;08:45-09:00;14.861
G25;8;FT;09:00-09:15;14.926
G25;8;FT;09:15-09:30;15.214
G25;8;FT;09:30-09:45;15.479
G25;8;FT;09:45-10:00;15.718
G25;8;FT;10:00-10:15;16.548
G25;8;FT;10:15-10:30;16.705
G25;8;FT;10:30-10:45;16.695
G25;8;FT;10:45-11:00;16.632
G25;8;FT;11:00-11:15;16.804
G25;8;FT;11:15-11:30;17.354
G25;8;FT;11:30-11:45;17.348
G25;8;FT;11:45-12:00;17.343
G25;8;FT;12:00-12:15;17.355
G25;8;FT;12:15-12:30;17.232
G25;8;FT;12:30-12:45;17.206
G25;8;FT;12:45-13:00;16.984
G25;8;FT;13:00-13:15;16.977
G25;8;FT;13:15-13:30;17.017
G25;8;FT;13:30-13:45;17.09
G25;8;FT;13:45-14:00;16.534
G25;8;FT;14:00-14:15;16.749
G25;8;FT;14:15-14:30;16.65
G25;8;FT;14:30-14:45;16.389
G25;8;FT;14:45-15:00;16.494
G25;8;FT;15:00-15:15;16.707
G25;8;FT;15:15-15:30;16.85
G25;8;FT;15:30-15:45;16.779
G25;8;FT;15:45-16:00;16.823
G25;8;FT;16:00-16:15;17.163
G25;8;FT;16:15-16:30;17.046
G25;8;FT;16:30-16:45;16.975
G25;8;FT;16:45-17:00;17.073
G25;8;FT;17:00-17:15;16.91
G25;8;FT;17:15-17:30;16.984
G25;8;FT;17:30-17:45;17.141
G25;8;FT;17:45-18:00;17.257
G25;8;FT;18:00-18:15;17.005
G25;8;FT;18:15-18:30;16.867
G25;8;FT;18:30-18:45;16.86
G25;8;FT;18:45-19:00;16.707
G25;8;FT;19:00-19:15;16.692
G25;8;FT;19:15-19:30;16.481
G25;8;FT;19:30-19:45;16.29
G25;8;FT;19:45-20:00;16.164
G25;8;FT;20:00-20:15;16.221
G25;8;FT;20:15-20:30;16.151
G25;8;FT;20:30-20:45;16.264
G25;8;FT;20:45-21:00;16.191
G25;8;FT;21:00-21:15;15.866
G25;8;FT;21:15-21:30;15.589
G25;8;FT;21:30-21:45;15.311
G25;8;FT;21:45-22:00;15.018
G25;8;FT;22:00-22:15;14.637
G25;8;FT;22:15-22:30;14.38
G25;8;FT;22:30-22:45;13.857
G25;8;FT;22:45-23:00;13.799
G25;8;FT;23:00-23:15;13.375
G25;8;FT;23:15-23:30;13.23
G25;8;FT;23:30-23:45;13.092
G25;8;FT;23:45-00:00;12.897
G25;8;WT;00:00-00:15;13.154
G25;8;WT;00:15-00:30;13.039
G25;8;WT;00:30-00:45;12.949
G25;8;WT;00:45-01:00;12.832
G25;8;WT;01:00-01:15;12.774
G25;8;WT;01:15-01:30;12.763
G25;8;WT;01:30-01:45;12.675
G25;8;WT;01:45-02:00;12.663
G25;8;WT;02:00-02:15;12.599
G25;8;WT;02:15-02:30;12.59
G25;8;WT;02:30-02:45;12.549
G25;8;WT;02:45-03:00;12.562
G25;8;WT;03:00-03:15;12.599
G25;8;WT;03:15-03:30;12.703
G25;8;WT;03:30-03:45;12.789
G25;8;WT;03:45-04:00;13.048
G25;8;WT;04:00-04:15;13.352
G25;8;WT;04:15-04:30;13.427
G25;8;WT;04:30-04:45;13.955
G25;8;WT;04:45-05:00;14.393
G25;8;WT;05:00-05:15;15.258
G25;8;WT;05:15-05:30;15.788
G25;8;WT;05:30-05:45;16.887
G25;8;WT;05:45-06:00;18.231
G25;8;WT;06:00-06:15;19.796
G25;8;WT;06:15-06:30;21.035
G25;8;WT;06:30-06:45;23.014
G25;8;WT;06:45-07:00;25.543
G25;8;WT;07:00-07:15;28.885
G25;8;WT;07:15-07:30;31.57
G25;8;WT;07:30-07:45;34.666
G25;8;WT;07:45-08:00;38.551
G25;8;WT;08:00-08:15;42.552
G25;8;WT;08:15-08:30;44.371
G25;8;WT;08:30-08:45;46.066
G25;8;WT;08:45-09:00;47.599
G25;8;WT;09:00-09:15;48.927
G25;8;WT;09:15-09:30;49.644
G25;8;WT;09:30-09:45;50.913
G25;8;WT;09:45-10:00;52.009
G25;8;WT;10:00-10:15;53.559
G25;8;WT;10:15-10:30;53.996
G25;8;WT;10:30-10:45;53.708
G25;8;WT;10:45-11:00;53.72
G25;8;WT;11:00-11:15;53.949
G25;8;WT;11:15-11:30;54.24
G25;8;WT;11:30-11:45;54.126
G25;8;WT;11:45-12:00;53.574
G25;8;WT;12:00-12:15;51.733
G25;8;WT;12:15-12:30;50.35
G25;8;WT;12:30-12:45;49.376
G25;8;WT;12:45-13:00;48.632
G25;8;WT;13:00-13:15;47.932
G25;8;WT;13:15-13:30;47.227
G25;8;WT;13:30-13:45;46.551
G25;8;WT;13:45-14:00;46.661
G25;8;WT;14:00-14:15;47.025
G25;8;WT;14:15-14:30;46.934
G25;8;WT;14:30-14:45;47.189
G25;8;WT;14:45-15:00;46.636
G25;8;WT;15:00-15:15;46.099
G25;8;WT;15:15-15:30;45.375
G25;8;WT;15:30-15:45;44.584
G25;8;WT;15:45-16:00;43.367
G25;8;WT;16:00-16:15;42.078
G25;8;WT;16:15-16:30;40.997
G25;8;WT;16:30-16:45;39.896
G25;8;WT;16:45-17:00;38.746
G25;8;WT;17:00-17:15;37.1
G25;8;WT;17:15-17:30;35.812
G25;8;WT;17:30-17:45;34.664
G25;8;WT;17:45-18:00;33.321
G25;8;WT;18:00-18:15;30.764
G25;8;WT;18:15-18:30;28.673
G25;8;WT;18:30-18:45;26.23
G25;8;WT;18:45-19:00;24.717
G25;8;WT;19:00-19:15;23.37
G25;8;WT;19:15-19:30;22.036
G25;8;WT;19:30-19:45;21.127
G25;8;WT;19:45-20:00;20.481
G25;8;WT;20:00-20:15;19.679
G25;8;WT;20:15-20:30;19.058
G25;8;WT;20:30-20:45;18.598
G25;8;WT;20:45-21:00;18.387
G25;8;WT;21:00-21:15;17.971
G25;8;WT;21:15-21:30;17.674
G25;8;WT;21:30-21:45;17.246
G25;8;WT;21:45-22:00;16.714
G25;8;WT;22:00-22:15;16.002
G25;8;WT;22:15-22:30;15.586
G25;8;WT;22:30-22:45;15.144
G25;8;WT;22:45-23:00;14.825
G25;8;WT;23:00-23:15;14.449
G25;8;WT;23:15-23:30;14.17
G25;8;WT;23:30-23:45;13.929
G25;8;WT;23:45-00:00;13.66
G25;9;SA;00:00-00:15;13.324
G25;9;SA;00:15-00:30;13.133
G25;9;SA;00:30-00:45;12.911
G25;9;SA;00:45-01:00;12.856
G25;9;SA;01:00-01:15;12.722
G25;9;SA;01:15-01:30;12.532
G25;9;SA;01:30-01:45;12.498
G25;9;SA;01:45-02:00;12.374
G25;9;SA;02:00-02:15;12.43
G25;9;SA;02:15-02:30;12.382
G25;9;SA;02:30-02:45;12.287
G25;9;SA;02:45-03:00;12.263
G25;9;SA;03:00-03:15;12.353
G25;9;SA;03:15-03:30;12.358
G25;9;SA;03:30-03:45;12.429
G25;9;SA;03:45-04:00;12.574
G25;9;SA;04:00-04:15;12.732
G25;9;SA;04:15-04:30;12.878
G25;9;SA;04:30-04:45;13.171
G25;9;SA;04:45-05:00;13.587
G25;9;SA;05:00-05:15;14.128
G25;9;SA;05:15-05:30;14.483
G25;9;SA;05:30-05:45;15.119
G25;9;SA;05:45-06:00;15.756
G25;9;SA;06:00-06:15;16.228
G25;9;SA;06:15-06:30;16.287
G25;9;SA;06:30-06:45;16.502
G25;9;SA;06:45-07:00;16.777
G25;9;SA;07:00-07:15;17.168
G25;9;SA;07:15-07:30;17.424
G25;9;SA;07:30-07:45;17.725
G25;9;SA;07:45-08:00;18.657
G25;9;SA;08:00-08:15;19.994
G25;9;SA;08:15-08:30;21.002
G25;9;SA;08:30-08:45;22.157
G25;9;SA;08:45-09:00;23.684
G25;9;SA;09:00-09:15;25.43
G25;9;SA;09:15-09:30;26.448
G25;9;SA;09:30-09:45;27.414
G25;9;SA;09:45-10:00;28.288
G25;9;SA;10:00-10:15;29.603
G25;9;SA;10:15-10:30;29.773
G25;9;SA;10:30-10:45;29.91
G25;9;SA;10:45-11:00;30.066
G25;9;SA;11:00-11:15;29.923
G25;9;SA;11:15-11:30;30.011
G25;9;SA;11:30-11:45;30.154
G25;9;SA;11:45-12:00;29.881
G25;9;SA;12:00-12:15;29.351
G25;9;SA;12:15-12:30;28.656
G25;9;SA;12:30-12:45;28.279
G25;9;SA;12:45-13:00;27.771
G25;9;SA;13:00-13:15;26.626
G25;9;SA;13:15-13:30;25.742
G25;9;SA;13:30-13:45;25.199
G25;9;SA;13:45-14:00;24.444
G25;9;SA;14:00-14:15;23.782
G25;9;SA;14:15-14:30;23.303
G25;9;SA;14:30-14:45;22.847
G25;9;SA;14:45-15:00;22.597
G25;9;SA;15:00-15:15;22.352
G25;9;SA;15:15-15:30;22.074
G25;9;SA;15:30-15:45;22.111
G25;9;SA;15:45-16:00;22.026
G25;9;SA;16:00-16:15;21.628
G25;9;SA;16:15-16:30;21.118
G25;9;SA;16:30-16:45;21.018
G25;9;SA;16:45-17:00;20.917
G25;9;SA;17:00-17:15;20.966
G25;9;SA;17:15-17:30;20.821
G25;9;SA;17:30-17:45;20.899
G25;9;SA;17:45-18:00;20.956
G25;9;SA;18:00-18:15;20.098
G25;9;SA;18:15-18:30;19.284
G25;9;SA;18:30-18:45;18.785
G25;9;SA;18:45-19:00;18.703
G25;9;SA;19:00-19:15;18.536
G25;9;SA;19:15-19:30;18.338
G25;9;SA;19:30-19:45;18.366
G25;9;SA;19:45-20:00;18.265
G25;9;SA;20:00-20:15;17.99
G25;9;SA;20:15-20:30;17.6
G25;9;SA;20:30-20:45;17.267
G25;9;SA;20:45-21:00;16.79
G25;9;SA;21:00-21:15;16.402
G25;9;SA;21:15-21:30;16.097
G25;9;SA;21:30-21:45;15.772
G25;9;SA;21:45-22:00;15.307
G25;9;SA;22:00-22:15;14.923
G25;9;SA;22:15-22:30;14.523
G25;9;SA;22:30-22:45;14.119
G25;9;SA;22:45-23:00;13.996
G25;9;SA;23:00-23:15;13.753
G25;9;SA;23:15-23:30;13.501
G25;9;SA;23:30-23:45;13.365
G25;9;SA;23:45-00:00;13.078
G25;9;FT;00:00-00:15;12.899
G25;9;FT;00:15-00:30;12.798
G25;9;FT;00:30-00:45;12.569
G25;9;FT;00:45-01:00;12.444
G25;9;FT;01:00-01:15;12.311
G25;9;FT;01:15-01:30;12.336
G25;9;FT;01:30-01:45;12.295
G25;9;FT;01:45-02:00;12.163
G25;9;FT;02:00-02:15;12.065
G25;9;FT;02:15-02:30;12.064
G25;9;FT;02:30-02:45;11.926
G25;9;FT;02:45-03:00;11.946
G25;9;FT;03:00-03:15;11.968
G25;9;FT;03:15-03:30;11.91
G25;9;FT;03:30-03:45;12.095
G25;9;FT;03:45-04:00;12.085
G25;9;FT;04:00-04:15;12.263
G25;9;FT;04:15-04:30;12.206
G25;9;FT;04:30-04:45;12.112
G25;9;FT;04:45-05:00;12.222
G25;9;FT;05:00-05:15;12.297
G25;9;FT;05:15-05:30;12.46
G25;9;FT;05:30-05:45;12.567
G25;9;FT;05:45-06:00;12.828
G25;9;FT;06:00-06:15;13.131
G25;9;FT;06:15-06:30;13.067
G25;9;FT;06:30-06:45;13.132
G25;9;FT;06:45-07:00;13.328
G25;9;FT;07:00-07:15;13.528
G25;9;FT;07:15-07:30;13.431
G25;9;FT;07:30-07:45;13.324
G25;9;FT;07:45-08:00;13.604
G25;9;FT;08:00-08:15;13.984
G25;9;FT;08:15-08:30;14.177
G25;9;FT;08:30-08:45;14.424
G25;9;FT;08:45-09:00;14.831
G25;9;FT;09:00-09:15;15.018
G25;9;FT;09:15-09:30;15.144
G25;9;FT;09:30-09:45;15.556
G25;9;FT;09:45-10:00;15.795
G25;9;FT;10:00-10:15;16.275
G25;9;FT;10:15-10:30;16.364
G25;9;FT;10:30-10:45;16.37
G25;9;FT;10:45-11:00;16.698
G25;9;FT;11:00-11:15;17.083
G25;9;FT;11:15-11:30;17.26
G25;9;FT;11:30-11:45;17.155
G25;9;FT;11:45-12:00;17.369
G25;9;FT;12:00-12:15;17.449
G25;9;FT;12:15-12:30;17.277
G25;9;FT;12:30-12:45;17.257
G25;9;FT;12:45-13:00;17.221
G25;9;FT;13:00-13:15;17.297
G25;9;FT;13:15-13:30;17.362
G25;9;FT;13:30-13:45;17.315
G25;9;FT;13:45-14:00;17.023
G25;9;FT;14:00-14:15;16.777
G25;9;FT;14:15-14:30;16.648
G25;9;FT;14:30-14:45;16.647
G25;9;FT;14:45-15:00;16.824
G25;9;FT;15:00-15:15;16.883
G25;9;FT;15:15-15:30;16.852
G25;9;FT;15:30-15:45;16.839
G25;9;FT;15:45-16:00;16.861
G25;9;FT;16:00-16:15;16.988
G25;9;FT;16:15-16:30;17.161
G25;9;FT;16:30-16:45;17.316
G25;9;FT;16:45-17:00;17.308
G25;9;FT;17:00-17:15;17.345
G25;9;FT;17:15-17:30;17.39
G25;9;FT;17:30-17:45;17.491
G25;9;FT;17:45-18:00;17.537
G25;9;FT;18:00-18:15;17.223
G25;9;FT;18:15-18:30;17.027
G25;9;FT;18:30-18:45;17.031
G25;9;FT;18:45-19:00;16.862
G25;9;FT;19:00-19:15;16.959
G25;9;FT;19:15-19:30;17.068
G25;9;FT;19:30-19:45;17.054
G25;9;FT;19:45-20:00;17.133
G25;9;FT;20:00-20:15;17.279
G25;9;FT;20:15-20:30;16.814
G25;9;FT;20:30-20:45;16.615
G25;9;FT;20:45-21:00;16.186
G25;9;FT;21:00-21:15;15.65
G25;9;FT;21:15-21:30;15.22
G25;9;FT;21:30-21:45;14.679
G25;9;FT;21:45-22:00;14.37
G25;9;FT;22:00-22:15;14.216
G25;9;FT;22:15-22:30;13.746
G25;9;FT;22:30-22:45;13.439
G25;9;FT;22:45-23:00;13.149
G25;9;FT;23:00-23:15;12.959
G25;9;FT;23:15-23:30;12.701
G25;9;FT;23:30-23:45;12.539
G25;9;FT;23:45-00:00;12.489
G25;9;WT;00:00-00:15;13.044
G25;9;WT;00:15-00:30;12.863
G25;9;WT;00:30-00:45;12.718
G25;9;WT;00:45-01:00;12.57
G25;9;WT;01:00-01:15;12.497
G25;9;WT;01:15-01:30;12.483
G25;9;WT;01:30-01:45;12.407
G25;9;WT;01:45-02:00;12.432
G25;9;WT;02:00-02:15;12.408
G25;9;WT;02:15-02:30;12.384
G25;9;WT;02:30-02:45;12.368
G25;9;WT;02:45-03:00;12.402
G25;9;WT;03:00-03:15;12.514
G25;9;WT;03:15-03:30;12.541
G25;9;WT;03:30-03:45;12.615
G25;9;WT;03:45-04:00;12.971
G25;9;WT;04:00-04:15;13.294
G25;9;WT;04:15-04:30;13.498
G25;9;WT;04:30-04:45;14.096
G25;9;WT;04:45-05:00;14.477
G25;9;WT;05:00-05:15;15.47
G25;9;WT;05:15-05:30;16.185
G25;9;WT;05:30-05:45;17.352
G25;9;WT;05:45-06:00;19.152
G25;9;WT;06:00-06:15;21.146
G25;9;WT;06:15-06:30;22.914
G25;9;WT;06:30-06:45;25.141
G25;9;WT;06:45-07:00;27.961
G25;9;WT;07:00-07:15;31.844
G25;9;WT;07:15-07:30;35.165
G25;9;WT;07:30-07:45;38.52
G25;9;WT;07:45-08:00;42.232
G25;9;WT;08:00-08:15;46.327
G25;9;WT;08:15-08:30;48.4
G25;9;WT;08:30-08:45;49.62
G25;9;WT;08:45-09:00;51.353
G25;9;WT;09:00-09:15;52.454
G25;9;WT;09:15-09:30;52.765
G25;9;WT;09:30-09:45;53.968
G25;9;WT;09:45-10:00;54.964
G25;9;WT;10:00-10:15;56.454
G25;9;WT;10:15-10:30;56.797
G25;9;WT;10:30-10:45;56.639
G25;9;WT;10:45-11:00;56.346
G25;9;WT;11:00-11:15;56.562
G25;9;WT;11:15-11:30;56.536
G25;9;WT;11:30-11:45;56.491
G25;9;WT;11:45-12:00;56.06
G25;9;WT;12:00-12:15;54.006
G25;9;WT;12:15-12:30;52.672
G25;9;WT;12:30-12:45;51.29
G25;9;WT;12:45-13:00;50.689
G25;9;WT;13:00-13:15;49.969
G25;9;WT;13:15-13:30;48.988
G25;9;WT;13:30-13:45;48.162
G25;9;WT;13:45-14:00;47.842
G25;9;WT;14:00-14:15;48.276
G25;9;WT;14:15-14:30;48.024
G25;9;WT;14:30-14:45;48.186
G25;9;WT;14:45-15:00;47.702
G25;9;WT;15:00-15:15;46.972
G25;9;WT;15:15-15:30;46.075
G25;9;WT;15:30-15:45;45.049
G25;9;WT;15:45-16:00;43.846
G25;9;WT;16:00-16:15;42.569
G25;9;WT;16:15-16:30;41.582
G25;9;WT;16:30-16:45;40.587
G25;9;WT;16:45-17:00;39.311
G25;9;WT;17:00-17:15;37.419
G25;9;WT;17:15-17:30;36.258
G25;9;WT;17:30-17:45;35.136
G25;9;WT;17:45-18:00;34.053
G25;9;WT;18:00-18:15;31.175
G25;9;WT;18:15-18:30;29.258
G25;9;WT;18:30-18:45;26.804
G25;9;WT;18:45-19:00;25.675
G25;9;WT;19:00-19:15;24.392
G25;9;WT;19:15-19:30;23.262
G25;9;WT;19:30-19:45;22.851
G25;9;WT;19:45-20:00;22.331
G25;9;WT;20:00-20:15;21.53
G25;9;WT;20:15-20:30;20.702
G25;9;WT;20:30-20:45;19.925
G25;9;WT;20:45-21:00;19.217
G25;9;WT;21:00-21:15;18.332
G25;9;WT;21:15-21:30;17.846
G25;9;WT;21:30-21:45;17.186
G25;9;WT;21:45-22:00;16.573
G25;9;WT;22:00-22:15;15.875
G25;9;WT;22:15-22:30;15.415
G25;9;WT;22:30-22:45;14.951
G25;9;WT;22:45-23:00;14.647
G25;9;WT;23:00-23:15;14.258
G25;9;WT;23:15-23:30;13.929
G25;9;WT;23:30-23:45;13.671
G25;9;WT;23:45-00:00;13.501
G25;10;SA;00:00-00:15;13.562
G25;10;SA;00:15-00:30;13.39
G25;10;SA;00:30-00:45;13.252
G25;10;SA;00:45-01:00;13.167
G25;10;SA;01:00-01:15;13.139
G25;10;SA;01:15-01:30;13.107
G25;10;SA;01:30-01:45;12.933
G25;10;SA;01:45-02:00;12.884
G25;10;SA;02:00-02:15;12.764
G25;10;SA;02:15-02:30;12.646
G25;10;SA;02:30-02:45;12.59
G25;10;SA;02:45-03:00;12.621
G25;10;SA;03:00-03:15;12.733
G25;10;SA;03:15-03:30;12.739
G25;10;SA;03:30-03:45;12.795
G25;10;SA;03:45-04:00;12.822
G25;10;SA;04:00-04:15;13.147
G25;10;SA;04:15-04:30;13.153
G25;10;SA;04:30-04:45;13.724
G25;10;SA;04:45-05:00;14.166
G25;10;SA;05:00-05:15;14.725
G25;10;SA;05:15-05:30;14.994
G25;10;SA;05:30-05:45;15.591
G25;10;SA;05:45-06:00;16.269
G25;10;SA;06:00-06:15;16.871
G25;10;SA;06:15-06:30;17.336
G25;10;SA;06:30-06:45;17.51
G25;10;SA;06:45-07:00;18.172
G25;10;SA;07:00-07:15;18.978
G25;10;SA;07:15-07:30;19.659
G25;10;SA;07:30-07:45;20.054
G25;10;SA;07:45-08:00;21.269
G25;10;SA;08:00-08:15;22.451
G25;10;SA;08:15-08:30;23.039
G25;10;SA;08:30-08:45;24.116
G25;10;SA;08:45-09:00;26.057
G25;10;SA;09:00-09:15;27.928
G25;10;SA;09:15-09:30;28.486
G25;10;SA;09:30-09:45;29.482
G25;10;SA;09:45-10:00;30.15
G25;10;SA;10:00-10:15;31.321
G25;10;SA;10:15-10:30;31.741
G25;10;SA;10:30-10:45;32.059
G25;10;SA;10:45-11:00;31.993
G25;10;SA;11:00-11:15;31.72
G25;10;SA;11:15-11:30;32.102
G25;10;SA;11:30-11:45;31.96
G25;10;SA;11:45-12:00;31.792
G25;10;SA;12:00-12:15;30.325
G25;10;SA;12:15-12:30;29.805
G25;10;SA;12:30-12:45;29.055
G25;10;SA;12:45-13:00;28.309
G25;10;SA;13:00-13:15;27.044
G25;10;SA;13:15-13:30;26.471
G25;10;SA;13:30-13:45;25.969
G25;10;SA;13:45-14:00;25.517
G25;10;SA;14:00-14:15;24.69
G25;10;SA;14:15-14:30;24.384
G25;10;SA;14:30-14:45;23.91
G25;10;SA;14:45-15:00;23.62
G25;10;SA;15:00-15:15;23.222
G25;10;SA;15:15-15:30;23.334
G25;10;SA;15:30-15:45;23.093
G25;10;SA;15:45-16:00;23.048
G25;10;SA;16:00-16:15;22.552
G25;10;SA;16:15-16:30;21.954
G25;10;SA;16:30-16:45;21.602
G25;10;SA;16:45-17:00;21.888
G25;10;SA;17:00-17:15;21.654
G25;10;SA;17:15-17:30;21.698
G25;10;SA;17:30-17:45;21.795
G25;10;SA;17:45-18:00;21.737
G25;10;SA;18:00-18:15;21.222
G25;10;SA;18:15-18:30;20.731
G25;10;SA;18:30-18:45;20.806
G25;10;SA;18:45-19:00;20.971
G25;10;SA;19:00-19:15;20.695
G25;10;SA;19:15-19:30;20.311
G25;10;SA;19:30-19:45;19.796
G25;10;SA;19:45-20:00;19.385
G25;10;SA;20:00-20:15;19.012
G25;10;SA;20:15-20:30;18.366
G25;10;SA;20:30-20:45;17.916
G25;10;SA;20:45-21:00;17.561
G25;10;SA;21:00-21:15;17.131
G25;10;SA;21:15-21:30;16.702
G25;10;SA;21:30-21:45;16.376
G25;10;SA;21:45-22:00;16.153
G25;10;SA;22:00-22:15;15.546
G25;10;SA;22:15-22:30;15.147
G25;10;SA;22:30-22:45;14.832
G25;10;SA;22:45-23:00;14.604
G25;10;SA;23:00-23:15;14.521
G25;10;SA;23:15-23:30;14.17
G25;10;SA;23:30-23:45;13.733
G25;10;SA;23:45-00:00;13.64
G25;10;FT;00:00-00:15;13.174
G25;10;FT;00:15-00:30;13.096
G25;10;FT;00:30-00:45;12.88
G25;10;FT;00:45-01:00;12.757
G25;10;FT;01:00-01:15;12.721
G25;10;FT;01:15-01:30;12.606
G25;10;FT;01:30-01:45;12.407
G25;10;FT;01:45-02:00;12.411
G25;10;FT;02:00-02:15;12.411
G25;10;FT;02:15-02:30;12.325
G25;10;FT;02:30-02:45;12.317
G25;10;FT;02:45-03:00;12.319
G25;10;FT;03:00-03:15;12.385
G25;10;FT;03:15-03:30;12.262
G25;10;FT;03:30-03:45;12.309
G25;10;FT;03:45-04:00;12.343
G25;10;FT;04:00-04:15;12.429
G25;10;FT;04:15-04:30;12.516
G25;10;FT;04:30-04:45;12.455
G25;10;FT;04:45-05:00;12.48
G25;10;FT;05:00-05:15;12.79
G25;10;FT;05:15-05:30;12.992
G25;10;FT;05:30-05:45;13.178
G25;10;FT;05:45-06:00;13.399
G25;10;FT;06:00-06:15;13.735
G25;10;FT;06:15-06:30;13.866
G25;10;FT;06:30-06:45;14.256
G25;10;FT;06:45-07:00;14.62
G25;10;FT;07:00-07:15;14.873
G25;10;FT;07:15-07:30;14.794
G25;10;FT;07:30-07:45;14.783
G25;10;FT;07:45-08:00;14.916
G25;10;FT;08:00-08:15;15.12
G25;10;FT;08:15-08:30;15.18
G25;10;FT;08:30-08:45;15.376
G25;10;FT;08:45-09:00;15.609
G25;10;FT;09:00-09:15;15.8
G25;10;FT;09:15-09:30;15.971
G25;10;FT;09:30-09:45;16.187
G25;10;FT;09:45-10:00;16.356
G25;10;FT;10:00-10:15;16.808
G25;10;FT;10:15-10:30;16.952
G25;10;FT;10:30-10:45;17.116
G25;10;FT;10:45-11:00;17.244
G25;10;FT;11:00-11:15;17.326
G25;10;FT;11:15-11:30;17.751
G25;10;FT;11:30-11:45;17.784
G25;10;FT;11:45-12:00;17.732
G25;10;FT;12:00-12:15;17.694
G25;10;FT;12:15-12:30;17.65
G25;10;FT;12:30-12:45;17.578
G25;10;FT;12:45-13:00;17.405
G25;10;FT;13:00-13:15;17.408
G25;10;FT;13:15-13:30;17.438
G25;10;FT;13:30-13:45;17.251
G25;10;FT;13:45-14:00;16.957
G25;10;FT;14:00-14:15;17.071
G25;10;FT;14:15-14:30;16.945
G25;10;FT;14:30-14:45;16.9
G25;10;FT;14:45-15:00;16.964
G25;10;FT;15:00-15:15;17.035
G25;10;FT;15:15-15:30;17.255
G25;10;FT;15:30-15:45;17.162
G25;10;FT;15:45-16:00;17.403
G25;10;FT;16:00-16:15;17.359
G25;10;FT;16:15-16:30;17.219
G25;10;FT;16:30-16:45;17.416
G25;10;FT;16:45-17:00;17.605
G25;10;FT;17:00-17:15;17.846
G25;10;FT;17:15-17:30;17.992
G25;10;FT;17:30-17:45;17.968
G25;10;FT;17:45-18:00;18.109
G25;10;FT;18:00-18:15;17.926
G25;10;FT;18:15-18:30;17.962
G25;10;FT;18:30-18:45;18.258
G25;10;FT;18:45-19:00;18.334
G25;10;FT;19:00-19:15;18.259
G25;10;FT;19:15-19:30;18.074
G25;10;FT;19:30-19:45;17.873
G25;10;FT;19:45-20:00;17.623
G25;10;FT;20:00-20:15;17.351
G25;10;FT;20:15-20:30;16.96
G25;10;FT;20:30-20:45;16.614
G25;10;FT;20:45-21:00;16.36
G25;10;FT;21:00-21:15;15.997
G25;10;FT;21:15-21:30;15.538
G25;10;FT;21:30-21:45;15.16
G25;10;FT;21:45-22:00;14.856
G25;10;FT;22:00-22:15;14.541
G25;10;FT;22:15-22:30;14.157
G25;10;FT;22:30-22:45;13.859
G25;10;FT;22:45-23:00;13.42
G25;10;FT;23:00-23:15;13.168
G25;10;FT;23:15-23:30;13.016
G25;10;FT;23:30-23:45;12.804
G25;10;FT;23:45-00:00;12.737
G25;10;WT;00:00-00:15;13.129
G25;10;WT;00:15-00:30;12.969
G25;10;WT;00:30-00:45;12.83
G25;10;WT;00:45-01:00;12.718
G25;10;WT;01:00-01:15;12.638
G25;10;WT;01:15-01:30;12.594
G25;10;WT;01:30-01:45;12.516
G25;10;WT;01:45-02:00;12.475
G25;10;WT;02:00-02:15;12.485
G25;10;WT;02:15-02:30;12.44
G25;10;WT;02:30-02:45;12.46
G25;10;WT;02:45-03:00;12.479
G25;10;WT;03:00-03:15;12.603
G25;10;WT;03:15-03:30;12.718
G25;10;WT;03:30-03:45;12.801
G25;10;WT;03:45-04:00;13.139
G25;10;WT;04:00-04:15;13.486
G25;10;WT;04:15-04:30;13.632
G25;10;WT;04:30-04:45;14.247
G25;10;WT;04:45-05:00;14.655
G25;10;WT;05:00-05:15;15.781
G25;10;WT;05:15-05:30;16.345
G25;10;WT;05:30-05:45;17.666
G25;10;WT;05:45-06:00;19.323
G25;10;WT;06:00-06:15;21.619
G25;10;WT;06:15-06:30;23.508
G25;10;WT;06:30-06:45;26.195
G25;10;WT;06:45-07:00;29.918
G25;10;WT;07:00-07:15;34.545
G25;10;WT;07:15-07:30;37.989
G25;10;WT;07:30-07:45;41.901
G25;10;WT;07:45-08:00;45.444
G25;10;WT;08:00-08:15;49.436
G25;10;WT;08:15-08:30;51.074
G25;10;WT;08:30-08:45;52.31
G25;10;WT;08:45-09:00;53.857
G25;10;WT;09:00-09:15;55.24
G25;10;WT;09:15-09:30;55.689
G25;10;WT;09:30-09:45;56.423
G25;10;WT;09:45-10:00;57.534
G25;10;WT;10:00-10:15;59.108
G25;10;WT;10:15-10:30;59.141
G25;10;WT;10:30-10:45;58.689
G25;10;WT;10:45-11:00;58.735
G25;10;WT;11:00-11:15;58.783
G25;10;WT;11:15-11:30;58.418
G25;10;WT;11:30-11:45;57.978
G25;10;WT;11:45-12:00;57.326
G25;10;WT;12:00-12:15;55.273
G25;10;WT;12:15-12:30;53.75
G25;10;WT;12:30-12:45;52.39
G25;10;WT;12:45-13:00;51.51
G25;10;WT;13:00-13:15;50.666
G25;10;WT;13:15-13:30;49.719
G25;10;WT;13:30-13:45;48.94
G25;10;WT;13:45-14:00;48.629
G25;10;WT;14:00-14:15;48.785
G25;10;WT;14:15-14:30;48.629
G25;10;WT;14:30-14:45;48.694
G25;10;WT;14:45-15:00;48.156
G25;10;WT;15:00-15:15;47.465
G25;10;WT;15:15-15:30;46.653
G25;10;WT;15:30-15:45;45.867
G25;10;WT;15:45-16:00;44.903
G25;10;WT;16:00-16:15;43.717
G25;10;WT;16:15-16:30;42.747
G25;10;WT;16:30-16:45;41.628
G25;10;WT;16:45-17:00;40.478
G25;10;WT;17:00-17:15;38.783
G25;10;WT;17:15-17:30;37.619
G25;10;WT;17:30-17:45;36.539
G25;10;WT;17:45-18:00;35.468
G25;10;WT;18:00-18:15;32.853
G25;10;WT;18:15-18:30;31.325
G25;10;WT;18:30-18:45;29.306
G25;10;WT;18:45-19:00;27.968
G25;10;WT;19:00-19:15;26.448
G25;10;WT;19:15-19:30;25.041
G25;10;WT;19:30-19:45;24.026
G25;10;WT;19:45-20:00;23.02
G25;10;WT;20:00-20:15;21.894
G25;10;WT;20:15-20:30;20.953
G25;10;WT;20:30-20:45;20.012
G25;10;WT;20:45-21:00;19.221
G25;10;WT;21:00-21:15;18.639
G25;10;WT;21:15-21:30;18.019
G25;10;WT;21:30-21:45;17.356
G25;10;WT;21:45-22:00;16.803
G25;10;WT;22:00-22:15;16.088
G25;10;WT;22:15-22:30;15.6
G25;10;WT;22:30-22:45;15.094
G25;10;WT;22:45-23:00;14.738
G25;10;WT;23:00-23:15;14.305
G25;10;WT;23:15-23:30;14.078
G25;10;WT;23:30-23:45;13.83
G25;10;WT;23:45-00:00;13.596
G25;11;SA;00:00-00:15;14.693
G25;11;SA;00:15-00:30;14.562
G25;11;SA;00:30-00:45;14.492
G25;11;SA;00:45-01:00;14.395
G25;11;SA;01:00-01:15;14.269
G25;11;SA;01:15-01:30;14.135
G25;11;SA;01:30-01:45;13.907
G25;11;SA;01:45-02:00;13.879
G25;11;SA;02:00-02:15;13.789
G25;11;SA;02:15-02:30;13.727
G25;11;SA;02:30-02:45;13.683
G25;11;SA;02:45-03:00;13.783
G25;11;SA;03:00-03:15;13.751
G25;11;SA;03:15-03:30;13.88
G25;11;SA;03:30-03:45;13.895
G25;11;SA;03:45-04:00;14.088
G25;11;SA;04:00-04:15;14.198
G25;11;SA;04:15-04:30;14.484
G25;11;SA;04:30-04:45;14.656
G25;11;SA;04:45-05:00;14.962
G25;11;SA;05:00-05:15;15.891
G25;11;SA;05:15-05:30;16.059
G25;11;SA;05:30-05:45;17.018
G25;11;SA;05:45-06:00;17.823
G25;11;SA;06:00-06:15;18.379
G25;11;SA;06:15-06:30;18.485
G25;11;SA;06:30-06:45;18.749
G25;11;SA;06:45-07:00;19.613
G25;11;SA;07:00-07:15;20.297
G25;11;SA;07:15-07:30;20.652
G25;11;SA;07:30-07:45;21.35
G25;11;SA;07:45-08:00;22.059
G25;11;SA;08:00-08:15;23.504
G25;11;SA;08:15-08:30;24.538
G25;11;SA;08:30-08:45;25.402
G25;11;SA;08:45-09:00;26.9
G25;11;SA;09:00-09:15;28.708
G25;11;SA;09:15-09:30;29.955
G25;11;SA;09:30-09:45;31.206
G25;11;SA;09:45-10:00;32.381
G25;11;SA;10:00-10:15;33.356
G25;11;SA;10:15-10:30;33.442
G25;11;SA;10:30-10:45;33.447
G25;11;SA;10:45-11:00;33.595
G25;11;SA;11:00-11:15;33.952
G25;11;SA;11:15-11:30;33.996
G25;11;SA;11:30-11:45;34.12
G25;11;SA;11:45-12:00;33.403
G25;11;SA;12:00-12:15;32.268
G25;11;SA;12:15-12:30;31.798
G25;11;SA;12:30-12:45;30.988
G25;11;SA;12:45-13:00;30.561
G25;11;SA;13:00-13:15;29.066
G25;11;SA;13:15-13:30;28.186
G25;11;SA;13:30-13:45;27.96
G25;11;SA;13:45-14:00;27.475
G25;11;SA;14:00-14:15;26.87
G25;11;SA;14:15-14:30;25.965
G25;11;SA;14:30-14:45;25.56
G25;11;SA;14:45-15:00;25.176
G25;11;SA;15:00-15:15;25.173
G25;11;SA;15:15-15:30;25.043
G25;11;SA;15:30-15:45;25.005
G25;11;SA;15:45-16:00;24.945
G25;11;SA;16:00-16:15;24.415
G25;11;SA;16:15-16:30;24.183
G25;11;SA;16:30-16:45;24.252
G25;11;SA;16:45-17:00;24.818
G25;11;SA;17:00-17:15;24.929
G25;11;SA;17:15-17:30;24.836
G25;11;SA;17:30-17:45;24.716
G25;11;SA;17:45-18:00;24.757
G25;11;SA;18:00-18:15;24.186
G25;11;SA;18:15-18:30;23.38
G25;11;SA;18:30-18:45;22.96
G25;11;SA;18:45-19:00;22.629
G25;11;SA;19:00-19:15;22.233
G25;11;SA;19:15-19:30;21.456
G25;11;SA;19:30-19:45;21.25
G25;11;SA;19:45-20:00;20.499
G25;11;SA;20:00-20:15;19.891
G25;11;SA;20:15-20:30;19.468
G25;11;SA;20:30-20:45;18.774
G25;11;SA;20:45-21:00;18.313
G25;11;SA;21:00-21:15;18.06
G25;11;SA;21:15-21:30;17.695
G25;11;SA;21:30-21:45;17.14
G25;11;SA;21:45-22:00;16.663
G25;11;SA;22:00-22:15;16.323
G25;11;SA;22:15-22:30;16.057
G25;11;SA;22:30-22:45;15.629
G25;11;SA;22:45-23:00;15.285
G25;11;SA;23:00-23:15;15.005
G25;11;SA;23:15-23:30;14.784
G25;11;SA;23:30-23:45;14.554
G25;11;SA;23:45-00:00;14.461
G25;11;FT;00:00-00:15;14.118
G25;11;FT;00:15-00:30;13.994
G25;11;FT;00:30-00:45;13.783
G25;11;FT;00:45-01:00;13.785
G25;11;FT;01:00-01:15;13.739
G25;11;FT;01:15-01:30;13.601
G25;11;FT;01:30-01:45;13.493
G25;11;FT;01:45-02:00;13.455
G25;11;FT;02:00-02:15;13.449
G25;11;FT;02:15-02:30;13.436
G25;11;FT;02:30-02:45;13.281
G25;11;FT;02:45-03:00;13.221
G25;11;FT;03:00-03:15;13.267
G25;11;FT;03:15-03:30;13.321
G25;11;FT;03:30-03:45;13.491
G25;11;FT;03:45-04:00;13.48
G25;11;FT;04:00-04:15;13.648
G25;11;FT;04:15-04:30;13.763
G25;11;FT;04:30-04:45;13.758
G25;11;FT;04:45-05:00;13.903
G25;11;FT;05:00-05:15;14.352
G25;11;FT;05:15-05:30;14.439
G25;11;FT;05:30-05:45;14.825
G25;11;FT;05:45-06:00;15.215
G25;11;FT;06:00-06:15;15.733
G25;11;FT;06:15-06:30;15.933
G25;11;FT;06:30-06:45;16.439
G25;11;FT;06:45-07:00;16.888
G25;11;FT;07:00-07:15;17.596
G25;11;FT;07:15-07:30;17.853
G25;11;FT;07:30-07:45;17.915
G25;11;FT;07:45-08:00;18.352
G25;11;FT;08:00-08:15;19.126
G25;11;FT;08:15-08:30;19.177
G25;11;FT;08:30-08:45;19.338
G25;11;FT;08:45-09:00;19.742
G25;11;FT;09:00-09:15;19.857
G25;11;FT;09:15-09:30;19.926
G25;11;FT;09:30-09:45;20.36
G25;11;FT;09:45-10:00;20.567
G25;11;FT;10:00-10:15;21.117
G25;11;FT;10:15-10:30;21.546
G25;11;FT;10:30-10:45;21.534
G25;11;FT;10:45-11:00;21.91
G25;11;FT;11:00-11:15;21.808
G25;11;FT;11:15-11:30;21.908
G25;11;FT;11:30-11:45;22.078
G25;11;FT;11:45-12:00;21.997
G25;11;FT;12:00-12:15;21.777
G25;11;FT;12:15-12:30;21.558
G25;11;FT;12:30-12:45;21.282
G25;11;FT;12:45-13:00;21.275
G25;11;FT;13:00-13:15;21.438
G25;11;FT;13:15-13:30;21.031
G25;11;FT;13:30-13:45;20.885
G25;11;FT;13:45-14:00;20.933
G25;11;FT;14:00-14:15;20.581
G25;11;FT;14:15-14:30;20.676
G25;11;FT;14:30-14:45;20.737
G25;11;FT;14:45-15:00;20.573
G25;11;FT;15:00-15:15;20.416
G25;11;FT;15:15-15:30;20.502
G25;11;FT;15:30-15:45;20.607
G25;11;FT;15:45-16:00;20.811
G25;11;FT;16:00-16:15;21.018
G25;11;FT;16:15-16:30;21.328
G25;11;FT;16:30-16:45;21.649
G25;11;FT;16:45-17:00;21.89
G25;11;FT;17:00-17:15;21.976
G25;11;FT;17:15-17:30;21.986
G25;11;FT;17:30-17:45;22.159
G25;11;FT;17:45-18:00;22.124
G25;11;FT;18:00-18:15;21.363
G25;11;FT;18:15-18:30;20.953
G25;11;FT;18:30-18:45;20.752
G25;11;FT;18:45-19:00;20.463
G25;11;FT;19:00-19:15;20.059
G25;11;FT;19:15-19:30;19.621
G25;11;FT;19:30-19:45;19.524
G25;11;FT;19:45-20:00;19.07
G25;11;FT;20:00-20:15;18.645
G25;11;FT;20:15-20:30;18.23
G25;11;FT;20:30-20:45;17.984
G25;11;FT;20:45-21:00;17.574
G25;11;FT;21:00-21:15;17.092
G25;11;FT;21:15-21:30;16.695
G25;11;FT;21:30-21:45;16.108
G25;11;FT;21:45-22:00;15.697
G25;11;FT;22:00-22:15;15.095
G25;11;FT;22:15-22:30;14.829
G25;11;FT;22:30-22:45;14.568
G25;11;FT;22:45-23:00;14.376
G25;11;FT;23:00-23:15;13.924
G25;11;FT;23:15-23:30;13.724
G25;11;FT;23:30-23:45;13.481
G25;11;FT;23:45-00:00;13.411
G25;11;WT;00:00-00:15;14.236
G25;11;WT;00:15-00:30;14.135
G25;11;WT;00:30-00:45;14.002
G25;11;WT;00:45-01:00;13.897
G25;11;WT;01:00-01:15;13.834
G25;11;WT;01:15-01:30;13.916
G25;11;WT;01:30-01:45;13.708
G25;11;WT;01:45-02:00;13.707
G25;11;WT;02:00-02:15;13.663
G25;11;WT;02:15-02:30;13.648
G25;11;WT;02:30-02:45;13.72
G25;11;WT;02:45-03:00;13.619
G25;11;WT;03:00-03:15;13.849
G25;11;WT;03:15-03:30;13.944
G25;11;WT;03:30-03:45;13.927
G25;11;WT;03:45-04:00;14.224
G25;11;WT;04:00-04:15;14.629
G25;11;WT;04:15-04:30;14.855
G25;11;WT;04:30-04:45;15.36
G25;11;WT;04:45-05:00;15.896
G25;11;WT;05:00-05:15;17.09
G25;11;WT;05:15-05:30;17.713
G25;11;WT;05:30-05:45;19.277
G25;11;WT;05:45-06:00;21.234
G25;11;WT;06:00-06:15;23.881
G25;11;WT;06:15-06:30;25.983
G25;11;WT;06:30-06:45;28.851
G25;11;WT;06:45-07:00;32.842
G25;11;WT;07:00-07:15;38.088
G25;11;WT;07:15-07:30;42.3
G25;11;WT;07:30-07:45;46.585
G25;11;WT;07:45-08:00;51.055
G25;11;WT;08:00-08:15;55.665
G25;11;WT;08:15-08:30;58.139
G25;11;WT;08:30-08:45;59.964
G25;11;WT;08:45-09:00;61.812
G25;11;WT;09:00-09:15;62.954
G25;11;WT;09:15-09:30;63.44
G25;11;WT;09:30-09:45;64.492
G25;11;WT;09:45-10:00;65.513
G25;11;WT;10:00-10:15;67.297
G25;11;WT;10:15-10:30;67.373
G25;11;WT;10:30-10:45;67.025
G25;11;WT;10:45-11:00;66.936
G25;11;WT;11:00-11:15;66.927
G25;11;WT;11:15-11:30;66.536
G25;11;WT;11:30-11:45;66.354
G25;11;WT;11:45-12:00;65.568
G25;11;WT;12:00-12:15;63.151
G25;11;WT;12:15-12:30;61.468
G25;11;WT;12:30-12:45;59.923
G25;11;WT;12:45-13:00;58.862
G25;11;WT;13:00-13:15;58.067
G25;11;WT;13:15-13:30;57.06
G25;11;WT;13:30-13:45;56.299
G25;11;WT;13:45-14:00;56.302
G25;11;WT;14:00-14:15;56.603
G25;11;WT;14:15-14:30;56.579
G25;11;WT;14:30-14:45;56.746
G25;11;WT;14:45-15:00;55.945
G25;11;WT;15:00-15:15;55.229
G25;11;WT;15:15-15:30;54.543
G25;11;WT;15:30-15:45;53.945
G25;11;WT;15:45-16:00;53.037
G25;11;WT;16:00-16:15;51.947
G25;11;WT;16:15-16:30;51.339
G25;11;WT;16:30-16:45;50.213
G25;11;WT;16:45-17:00;49.366
G25;11;WT;17:00-17:15;47.73
G25;11;WT;17:15-17:30;46.244
G25;11;WT;17:30-17:45;44.605
G25;11;WT;17:45-18:00;42.89
G25;11;WT;18:00-18:15;39.348
G25;11;WT;18:15-18:30;36.501
G25;11;WT;18:30-18:45;33.475
G25;11;WT;18:45-19:00;31.523
G25;11;WT;19:00-19:15;29.443
G25;11;WT;19:15-19:30;27.63
G25;11;WT;19:30-19:45;26.328
G25;11;WT;19:45-20:00;25.278
G25;11;WT;20:00-20:15;23.782
G25;11;WT;20:15-20:30;22.702
G25;11;WT;20:30-20:45;21.932
G25;11;WT;20:45-21:00;21.164
G25;11;WT;21:00-21:15;20.425
G25;11;WT;21:15-21:30;19.72
G25;11;WT;21:30-21:45;18.941
G25;11;WT;21:45-22:00;18.297
G25;11;WT;22:00-22:15;17.402
G25;11;WT;22:15-22:30;16.861
G25;11;WT;22:30-22:45;16.464
G25;11;WT;22:45-23:00;16.022
G25;11;WT;23:00-23:15;15.626
G25;11;WT;23:15-23:30;15.3
G25;11;WT;23:30-23:45;15.122
G25;11;WT;23:45-00:00;14.871
G25;12;SA;00:00-00:15;15.623
G25;12;SA;00:15-00:30;15.499
G25;12;SA;00:30-00:45;15.441
G25;12;SA;00:45-01:00;15.322
G25;12;SA;01:00-01:15;15.174
G25;12;SA;01:15-01:30;15.07
G25;12;SA;01:30-01:45;15.009
G25;12;SA;01:45-02:00;15.036
G25;12;SA;02:00-02:15;14.946
G25;12;SA;02:15-02:30;14.804
G25;12;SA;02:30-02:45;14.748
G25;12;SA;02:45-03:00;14.752
G25;12;SA;03:00-03:15;14.952
G25;12;SA;03:15-03:30;14.963
G25;12;SA;03:30-03:45;14.956
G25;12;SA;03:45-04:00;15.18
G25;12;SA;04:00-04:15;15.226
G25;12;SA;04:15-04:30;15.483
G25;12;SA;04:30-04:45;15.788
G25;12;SA;04:45-05:00;16.263
G25;12;SA;05:00-05:15;16.971
G25;12;SA;05:15-05:30;17.298
G25;12;SA;05:30-05:45;18.217
G25;12;SA;05:45-06:00;18.694
G25;12;SA;06:00-06:15;19.284
G25;12;SA;06:15-06:30;19.435
G25;12;SA;06:30-06:45;19.87
G25;12;SA;06:45-07:00;20.507
G25;12;SA;07:00-07:15;21.149
G25;12;SA;07:15-07:30;21.517
G25;12;SA;07:30-07:45;22.32
G25;12;SA;07:45-08:00;23.418
G25;12;SA;08:00-08:15;24.495
G25;12;SA;08:15-08:30;25.344
G25;12;SA;08:30-08:45;26.188
G25;12;SA;08:45-09:00;27.613
G25;12;SA;09:00-09:15;29.426
G25;12;SA;09:15-09:30;30.142
G25;12;SA;09:30-09:45;31.656
G25;12;SA;09:45-10:00;32.729
G25;12;SA;10:00-10:15;33.37
G25;12;SA;10:15-10:30;33.622
G25;12;SA;10:30-10:45;33.5
G25;12;SA;10:45-11:00;33.823
G25;12;SA;11:00-11:15;34.041
G25;12;SA;11:15-11:30;34.048
G25;12;SA;11:30-11:45;33.97
G25;12;SA;11:45-12:00;33.537
G25;12;SA;12:00-12:15;33.052
G25;12;SA;12:15-12:30;32.262
G25;12;SA;12:30-12:45;31.924
G25;12;SA;12:45-13:00;31.248
G25;12;SA;13:00-13:15;30.217
G25;12;SA;13:15-13:30;29.358
G25;12;SA;13:30-13:45;29.186
G25;12;SA;13:45-14:00;28.948
G25;12;SA;14:00-14:15;28.017
G25;12;SA;14:15-14:30;27.365
G25;12;SA;14:30-14:45;26.919
G25;12;SA;14:45-15:00;26.964
G25;12;SA;15:00-15:15;26.619
G25;12;SA;15:15-15:30;26.877
G25;12;SA;15:30-15:45;26.704
G25;12;SA;15:45-16:00;26.686
G25;12;SA;16:00-16:15;26.338
G25;12;SA;16:15-16:30;26.445
G25;12;SA;16:30-16:45;26.6
G25;12;SA;16:45-17:00;26.532
G25;12;SA;17:00-17:15;27.101
G25;12;SA;17:15-17:30;26.631
G25;12;SA;17:30-17:45;26.373
G25;12;SA;17:45-18:00;26.14
G25;12;SA;18:00-18:15;25.039
G25;12;SA;18:15-18:30;24.284
G25;12;SA;18:30-18:45;23.805
G25;12;SA;18:45-19:00;23.388
G25;12;SA;19:00-19:15;23.004
G25;12;SA;19:15-19:30;22.485
G25;12;SA;19:30-19:45;22.198
G25;12;SA;19:45-20:00;21.937
G25;12;SA;20:00-20:15;21.165
G25;12;SA;20:15-20:30;20.437
G25;12;SA;20:30-20:45;20.054
G25;12;SA;20:45-21:00;19.528
G25;12;SA;21:00-21:15;19.196
G25;12;SA;21:15-21:30;18.907
G25;12;SA;21:30-21:45;18.234
G25;12;SA;21:45-22:00;17.932
G25;12;SA;22:00-22:15;17.414
G25;12;SA;22:15-22:30;16.923
G25;12;SA;22:30-22:45;16.648
G25;12;SA;22:45-23:00;16.461
G25;12;SA;23:00-23:15;16.17
G25;12;SA;23:15-23:30;15.868
G25;12;SA;23:30-23:45;15.733
G25;12;SA;23:45-00:00;15.459
G25;12;FT;00:00-00:15;14.905
G25;12;FT;00:15-00:30;14.685
G25;12;FT;00:30-00:45;14.674
G25;12;FT;00:45-01:00;14.606
G25;12;FT;01:00-01:15;14.477
G25;12;FT;01:15-01:30;14.39
G25;12;FT;01:30-01:45;14.249
G25;12;FT;01:45-02:00;14.229
G25;12;FT;02:00-02:15;14.263
G25;12;FT;02:15-02:30;14.122
G25;12;FT;02:30-02:45;13.975
G25;12;FT;02:45-03:00;14.023
G25;12;FT;03:00-03:15;14.009
G25;12;FT;03:15-03:30;13.923
G25;12;FT;03:30-03:45;14.109
G25;12;FT;03:45-04:00;14.144
G25;12;FT;04:00-04:15;14.152
G25;12;FT;04:15-04:30;14.288
G25;12;FT;04:30-04:45;14.264
G25;12;FT;04:45-05:00;14.391
G25;12;FT;05:00-05:15;14.638
G25;12;FT;05:15-05:30;14.834
G25;12;FT;05:30-05:45;15.162
G25;12;FT;05:45-06:00;15.382
G25;12;FT;06:00-06:15;15.698
G25;12;FT;06:15-06:30;15.925
G25;12;FT;06:30-06:45;16.125
G25;12;FT;06:45-07:00;16.331
G25;12;FT;07:00-07:15;16.607
G25;12;FT;07:15-07:30;16.969
G25;12;FT;07:30-07:45;16.99
G25;12;FT;07:45-08:00;17.153
G25;12;FT;08:00-08:15;17.377
G25;12;FT;08:15-08:30;17.41
G25;12;FT;08:30-08:45;17.205
G25;12;FT;08:45-09:00;17.128
G25;12;FT;09:00-09:15;17.33
G25;12;FT;09:15-09:30;17.573
G25;12;FT;09:30-09:45;17.826
G25;12;FT;09:45-10:00;17.815
G25;12;FT;10:00-10:15;18.11
G25;12;FT;10:15-10:30;18.222
G25;12;FT;10:30-10:45;18.395
G25;12;FT;10:45-11:00;18.643
G25;12;FT;11:00-11:15;18.704
G25;12;FT;11:15-11:30;19.109
G25;12;FT;11:30-11:45;19.258
G25;12;FT;11:45-12:00;19.177
G25;12;FT;12:00-12:15;19.314
G25;12;FT;12:15-12:30;19.113
G25;12;FT;12:30-12:45;18.996
G25;12;FT;12:45-13:00;18.754
G25;12;FT;13:00-13:15;18.661
G25;12;FT;13:15-13:30;18.581
G25;12;FT;13:30-13:45;18.439
G25;12;FT;13:45-14:00;18.385
G25;12;FT;14:00-14:15;18.329
G25;12;FT;14:15-14:30;18.132
G25;12;FT;14:30-14:45;18.024
G25;12;FT;14:45-15:00;18.169
G25;12;FT;15:00-15:15;18.338
G25;12;FT;15:15-15:30;18.586
G25;12;FT;15:30-15:45;18.709
G25;12;FT;15:45-16:00;19.043
G25;12;FT;16:00-16:15;19.452
G25;12;FT;16:15-16:30;19.989
G25;12;FT;16:30-16:45;20.512
G25;12;FT;16:45-17:00;20.526
G25;12;FT;17:00-17:15;20.689
G25;12;FT;17:15-17:30;20.926
G25;12;FT;17:30-17:45;20.999
G25;12;FT;17:45-18:00;20.735
G25;12;FT;18:00-18:15;20.517
G25;12;FT;18:15-18:30;20.283
G25;12;FT;18:30-18:45;20.15
G25;12;FT;18:45-19:00;19.902
G25;12;FT;19:00-19:15;19.781
G25;12;FT;19:15-19:30;19.46
G25;12;FT;19:30-19:45;19.193
G25;12;FT;19:45-20:00;19.268
G25;12;FT;20:00-20:15;18.839
G25;12;FT;20:15-20:30;18.597
G25;12;FT;20:30-20:45;18.138
G25;12;FT;20:45-21:00;18.02
G25;12;FT;21:00-21:15;17.666
G25;12;FT;21:15-21:30;17.253
G25;12;FT;21:30-21:45;16.994
G25;12;FT;21:45-22:00;16.727
G25;12;FT;22:00-22:15;16.279
G25;12;FT;22:15-22:30;15.958
G25;12;FT;22:30-22:45;15.551
G25;12;FT;22:45-23:00;15.431
G25;12;FT;23:00-23:15;15.16
G25;12;FT;23:15-23:30;15.023
G25;12;FT;23:30-23:45;14.852
G25;12;FT;23:45-00:00;14.675
G25;12;WT;00:00-00:15;15.472
G25;12;WT;00:15-00:30;15.337
G25;12;WT;00:30-00:45;15.256
G25;12;WT;00:45-01:00;15.136
G25;12;WT;01:00-01:15;15.053
G25;12;WT;01:15-01:30;14.921
G25;12;WT;01:30-01:45;14.864
G25;12;WT;01:45-02:00;14.909
G25;12;WT;02:00-02:15;14.883
G25;12;WT;02:15-02:30;14.739
G25;12;WT;02:30-02:45;14.766
G25;12;WT;02:45-03:00;14.778
G25;12;WT;03:00-03:15;14.973
G25;12;WT;03:15-03:30;15.063
G25;12;WT;03:30-03:45;15.133
G25;12;WT;03:45-04:00;15.454
G25;12;WT;04:00-04:15;15.726
G25;12;WT;04:15-04:30;15.927
G25;12;WT;04:30-04:45;16.37
G25;12;WT;04:45-05:00;16.895
G25;12;WT;05:00-05:15;17.954
G25;12;WT;05:15-05:30;18.713
G25;12;WT;05:30-05:45;20.238
G25;12;WT;05:45-06:00;22.047
G25;12;WT;06:00-06:15;24.091
G25;12;WT;06:15-06:30;26.097
G25;12;WT;06:30-06:45;28.625
G25;12;WT;06:45-07:00;31.862
G25;12;WT;07:00-07:15;36.68
G25;12;WT;07:15-07:30;40.432
G25;12;WT;07:30-07:45;44.898
G25;12;WT;07:45-08:00;49.305
G25;12;WT;08:00-08:15;53.675
G25;12;WT;08:15-08:30;55.914
G25;12;WT;08:30-08:45;57.507
G25;12;WT;08:45-09:00;59.501
G25;12;WT;09:00-09:15;60.957
G25;12;WT;09:15-09:30;61.934
G25;12;WT;09:30-09:45;62.703
G25;12;WT;09:45-10:00;63.121
G25;12;WT;10:00-10:15;64.599
G25;12;WT;10:15-10:30;64.88
G25;12;WT;10:30-10:45;64.552
G25;12;WT;10:45-11:00;64.386
G25;12;WT;11:00-11:15;64.217
G25;12;WT;11:15-11:30;63.889
G25;12;WT;11:30-11:45;63.547
G25;12;WT;11:45-12:00;63.041
G25;12;WT;12:00-12:15;61.265
G25;12;WT;12:15-12:30;59.892
G25;12;WT;12:30-12:45;58.17
G25;12;WT;12:45-13:00;57.417
G25;12;WT;13:00-13:15;56.656
G25;12;WT;13:15-13:30;55.636
G25;12;WT;13:30-13:45;54.869
G25;12;WT;13:45-14:00;54.604
G25;12;WT;14:00-14:15;54.833
G25;12;WT;14:15-14:30;54.617
G25;12;WT;14:30-14:45;54.777
G25;12;WT;14:45-15:00;53.976
G25;12;WT;15:00-15:15;53.692
G25;12;WT;15:15-15:30;53.133
G25;12;WT;15:30-15:45;52.53
G25;12;WT;15:45-16:00;51.664
G25;12;WT;16:00-16:15;51.078
G25;12;WT;16:15-16:30;50.584
G25;12;WT;16:30-16:45;49.627
G25;12;WT;16:45-17:00;48.553
G25;12;WT;17:00-17:15;46.651
G25;12;WT;17:15-17:30;45.232
G25;12;WT;17:30-17:45;43.788
G25;12;WT;17:45-18:00;42.206
G25;12;WT;18:00-18:15;38.94
G25;12;WT;18:15-18:30;36.349
G25;12;WT;18:30-18:45;33.484
G25;12;WT;18:45-19:00;31.341
G25;12;WT;19:00-19:15;29.573
G25;12;WT;19:15-19:30;27.862
G25;12;WT;19:30-19:45;26.767
G25;12;WT;19:45-20:00;25.675
G25;12;WT;20:00-20:15;24.372
G25;12;WT;20:15-20:30;23.348
G25;12;WT;20:30-20:45;22.495
G25;12;WT;20:45-21:00;21.905
G25;12;WT;21:00-21:15;21.253
G25;12;WT;21:15-21:30;20.424
G25;12;WT;21:30-21:45;19.877
G25;12;WT;21:45-22:00;19.217
G25;12;WT;22:00-22:15;18.358
G25;12;WT;22:15-22:30;17.782
G25;12;WT;22:30-22:45;17.464
G25;12;WT;22:45-23:00;17.1
G25;12;WT;23:00-23:15;16.686
G25;12;WT;23:15-23:30;16.318
G25;12;WT;23:30-23:45;16.126
G25;12;WT;23:45-00:00;15.908
L25;1;SA;00:00-00:15;18.475
L25;1;SA;00:15-00:30;18.25
L25;1;SA;00:30-00:45;18.15
L25;1;SA;00:45-01:00;18.075
L25;1;SA;01:00-01:15;17.875
L25;1;SA;01:15-01:30;17.6
L25;1;SA;01:30-01:45;17.275
L25;1;SA;01:45-02:00;16.9
L25;1;SA;02:00-02:15;16.55
L25;1;SA;02:15-02:30;16.2
L25;1;SA;02:30-02:45;15.85
L25;1;SA;02:45-03:00;15.525
L25;1;SA;03:00-03:15;15.175
L25;1;SA;03:15-03:30;14.85
L25;1;SA;03:30-03:45;14.575
L25;1;SA;03:45-04:00;14.35
L25;1;SA;04:00-04:15;14.225
L25;1;SA;04:15-04:30;14.2
L25;1;SA;04:30-04:45;14.25
L25;1;SA;04:45-05:00;14.35
L25;1;SA;05:00-05:15;14.55
L25;1;SA;05:15-05:30;14.8
L25;1;SA;05:30-05:45;15.125
L25;1;SA;05:45-06:00;15.525
L25;1;SA;06:00-06:15;16.025
L25;1;SA;06:15-06:30;16.85
L25;1;SA;06:30-06:45;18.225
L25;1;SA;06:45-07:00;20.375
L25;1;SA;07:00-07:15;23.475
L25;1;SA;07:15-07:30;27.35
L25;1;SA;07:30-07:45;31.725
L25;1;SA;07:45-08:00;36.35
L25;1;SA;08:00-08:15;40.95
L25;1;SA;08:15-08:30;45.25
L25;1;SA;08:30-08:45;48.9
L25;1;SA;08:45-09:00;51.65
L25;1;SA;09:00-09:15;53.225
L25;1;SA;09:15-09:30;53.65
L25;1;SA;09:30-09:45;53.025
L25;1;SA;09:45-10:00;51.4
L25;1;SA;10:00-10:15;48.975
L25;1;SA;10:15-10:30;46.25
L25;1;SA;10:30-10:45;43.85
L25;1;SA;10:45-11:00;42.375
L25;1;SA;11:00-11:15;42.225
L25;1;SA;11:15-11:30;42.825
L25;1;SA;11:30-11:45;43.375
L25;1;SA;11:45-12:00;43.075
L25;1;SA;12:00-12:15;41.35
L25;1;SA;12:15-12:30;38.625
L25;1;SA;12:30-12:45;35.5
L25;1;SA;12:45-13:00;32.65
L25;1;SA;13:00-13:15;30.525
L25;1;SA;13:15-13:30;29.025
L25;1;SA;13:30-13:45;27.9
L25;1;SA;13:45-14:00;26.85
L25;1;SA;14:00-14:15;25.725
L25;1;SA;14:15-14:30;24.55
L25;1;SA;14:30-14:45;23.5
L25;1;SA;14:45-15:00;22.7
L25;1;SA;15:00-15:15;22.225
L25;1;SA;15:15-15:30;22.05
L25;1;SA;15:30-15:45;22
L25;1;SA;15:45-16:00;22
L25;1;SA;16:00-16:15;21.975
L25;1;SA;16:15-16:30;22.125
L25;1;SA;16:30-16:45;22.725
L25;1;SA;16:45-17:00;24.075
L25;1;SA;17:00-17:15;26.375
L25;1;SA;17:15-17:30;29.45
L25;1;SA;17:30-17:45;33.175
L25;1;SA;17:45-18:00;37.275
L25;1;SA;18:00-18:15;41.6
L25;1;SA;18:15-18:30;45.85
L25;1;SA;18:30-18:45;49.75
L25;1;SA;18:45-19:00;53.025
L25;1;SA;19:00-19:15;55.375
L25;1;SA;19:15-19:30;56.55
L25;1;SA;19:30-19:45;56.225
L25;1;SA;19:45-20:00;54.2
L25;1;SA;20:00-20:15;50.325
L25;1;SA;20:15-20:30;45.325
L25;1;SA;20:30-20:45;40.075
L25;1;SA;20:45-21:00;35.425
L25;1;SA;21:00-21:15;32.075
L25;1;SA;21:15-21:30;29.825
L25;1;SA;21:30-21:45;28.3
L25;1;SA;21:45-22:00;27.1
L25;1;SA;22:00-22:15;25.925
L25;1;SA;22:15-22:30;24.7
L25;1;SA;22:30-22:45;23.475
L25;1;SA;22:45-23:00;22.225
L25;1;SA;23:00-23:15;21
L25;1;SA;23:15-23:30;19.825
L25;1;SA;23:30-23:45;18.75
L25;1;SA;23:45-00:00;17.825
L25;1;FT;00:00-00:15;17.075
L25;1;FT;00:15-00:30;16.5
L25;1;FT;00:30-00:45;16.075
L25;1;FT;00:45-01:00;15.75
L25;1;FT;01:00-01:15;15.525
L25;1;FT;01:15-01:30;15.35
L25;1;FT;01:30-01:45;15.2
L25;1;FT;01:45-02:00;15.05
L25;1;FT;02:00-02:15;14.875
L25;1;FT;02:15-02:30;14.7
L25;1;FT;02:30-02:45;14.5
L25;1;FT;02:45-03:00;14.35
L25;1;FT;03:00-03:15;14.25
L25;1;FT;03:15-03:30;14.175
L25;1;FT;03:30-03:45;14.15
L25;1;FT;03:45-04:00;14.125
L25;1;FT;04:00-04:15;14.1
L25;1;FT;04:15-04:30;14.125
L25;1;FT;04:30-04:45;14.2
L25;1;FT;04:45-05:00;14.35
L25;1;FT;05:00-05:15;14.625
L25;1;FT;05:15-05:30;15.125
L25;1;FT;05:30-05:45;15.925
L25;1;FT;05:45-06:00;17.125
L25;1;FT;06:00-06:15;18.825
L25;1;FT;06:15-06:30;21.025
L25;1;FT;06:30-06:45;23.7
L25;1;FT;06:45-07:00;26.85
L25;1;FT;07:00-07:15;30.475
L25;1;FT;07:15-07:30;34.45
L25;1;FT;07:30-07:45;38.75
L25;1;FT;07:45-08:00;43.3
L25;1;FT;08:00-08:15;47.925
L25;1;FT;08:15-08:30;52.15
L25;1;FT;08:30-08:45;55.35
L25;1;FT;08:45-09:00;56.975
L25;1;FT;09:00-09:15;56.6
L25;1;FT;09:15-09:30;54.65
L25;1;FT;09:30-09:45;51.65
L25;1;FT;09:45-10:00;48.175
L25;1;FT;10:00-10:15;44.725
L25;1;FT;10:15-10:30;41.75
L25;1;FT;10:30-10:45;39.525
L25;1;FT;10:45-11:00;38.45
L25;1;FT;11:00-11:15;38.65
L25;1;FT;11:15-11:30;39.55
L25;1;FT;11:30-11:45;40.375
L25;1;FT;11:45-12:00;40.3
L25;1;FT;12:00-12:15;38.8
L25;1;FT;12:15-12:30;36.35
L25;1;FT;12:30-12:45;33.6
L25;1;FT;12:45-13:00;31.25
L25;1;FT;13:00-13:15;29.85
L25;1;FT;13:15-13:30;29.225
L25;1;FT;13:30-13:45;29.025
L25;1;FT;13:45-14:00;28.95
L25;1;FT;14:00-14:15;28.7
L25;1;FT;14:15-14:30;28.3
L25;1;FT;14:30-14:45;27.825
L25;1;FT;14:45-15:00;27.325
L25;1;FT;15:00-15:15;26.875
L25;1;FT;15:15-15:30;26.525
L25;1;FT;15:30-15:45;26.35
L25;1;FT;15:45-16:00;26.4
L25;1;FT;16:00-16:15;26.725
L25;1;FT;16:15-16:30;27.45
L25;1;FT;16:30-16:45;28.6
L25;1;FT;16:45-17:00;30.325
L25;1;FT;17:00-17:15;32.675
L25;1;FT;17:15-17:30;35.6
L25;1;FT;17:30-17:45;39.025
L25;1;FT;17:45-18:00;42.85
L25;1;FT;18:00-18:15;46.95
L25;1;FT;18:15-18:30;51.025
L25;1;FT;18:30-18:45;54.625
L25;1;FT;18:45-19:00;57.425
L25;1;FT;19:00-19:15;59.05
L25;1;FT;19:15-19:30;59.35
L25;1;FT;19:30-19:45;58.225
L25;1;FT;19:45-20:00;55.575
L25;1;FT;20:00-20:15;51.425
L25;1;FT;20:15-20:30;46.375
L25;1;FT;20:30-20:45;41.175
L25;1;FT;20:45-21:00;36.6
L25;1;FT;21:00-21:15;33.15
L25;1;FT;21:15-21:30;30.75
L25;1;FT;21:30-21:45;29.075
L25;1;FT;21:45-22:00;27.8
L25;1;FT;22:00-22:15;26.65
L25;1;FT;22:15-22:30;25.525
L25;1;FT;22:30-22:45;24.4
L25;1;FT;22:45-23:00;23.15
L25;1;FT;23:00-23:15;21.8
L25;1;FT;23:15-23:30;20.4
L25;1;FT;23:30-23:45;19.125
L25;1;FT;23:45-00:00;18.075
L25;1;WT;00:00-00:15;18.1
L25;1;WT;00:15-00:30;17.35
L25;1;WT;00:30-00:45;16.725
L25;1;WT;00:45-01:00;16.2
L25;1;WT;01:00-01:15;15.8
L25;1;WT;01:15-01:30;15.475
L25;1;WT;01:30-01:45;15.25
L25;1;WT;01:45-02:00;15.05
L25;1;WT;02:00-02:15;14.9
L25;1;WT;02:15-02:30;14.8
L25;1;WT;02:30-02:45;14.7
L25;1;WT;02:45-03:00;14.6
L25;1;WT;03:00-03:15;14.475
L25;1;WT;03:15-03:30;14.35
L25;1;WT;03:30-03:45;14.225
L25;1;WT;03:45-04:00;14.125
L25;1;WT;04:00-04:15;14.075
L25;1;WT;04:15-04:30;14.075
L25;1;WT;04:30-04:45;14.15
L25;1;WT;04:45-05:00;14.35
L25;1;WT;05:00-05:15;14.7
L25;1;WT;05:15-05:30;15.225
L25;1;WT;05:30-05:45;15.95
L25;1;WT;05:45-06:00;16.9
L25;1;WT;06:00-06:15;18.125
L25;1;WT;06:15-06:30;19.75
L25;1;WT;06:30-06:45;21.925
L25;1;WT;06:45-07:00;24.775
L25;1;WT;07:00-07:15;28.4
L25;1;WT;07:15-07:30;32.625
L25;1;WT;07:30-07:45;37.225
L25;1;WT;07:45-08:00;41.925
L25;1;WT;08:00-08:15;46.45
L25;1;WT;08:15-08:30;50.425
L25;1;WT;08:30-08:45;53.4
L25;1;WT;08:45-09:00;54.875
L25;1;WT;09:00-09:15;54.625
L25;1;WT;09:15-09:30;52.9
L25;1;WT;09:30-09:45;50.2
L25;1;WT;09:45-10:00;47
L25;1;WT;10:00-10:15;43.75
L25;1;WT;10:15-10:30;40.85
L25;1;WT;10:30-10:45;38.625
L25;1;WT;10:45-11:00;37.525
L25;1;WT;11:00-11:15;37.675
L25;1;WT;11:15-11:30;38.525
L25;1;WT;11:30-11:45;39.35
L25;1;WT;11:45-12:00;39.375
L25;1;WT;12:00-12:15;38.05
L25;1;WT;12:15-12:30;35.8
L25;1;WT;12:30-12:45;33.175
L25;1;WT;12:45-13:00;30.8
L25;1;WT;13:00-13:15;29.125
L25;1;WT;13:15-13:30;28.125
L25;1;WT;13:30-13:45;27.575
L25;1;WT;13:45-14:00;27.325
L25;1;WT;14:00-14:15;27.2
L25;1;WT;14:15-14:30;27.125
L25;1;WT;14:30-14:45;27.1
L25;1;WT;14:45-15:00;27.1
L25;1;WT;15:00-15:15;27.075
L25;1;WT;15:15-15:30;27.075
L25;1;WT;15:30-15:45;27.15
L25;1;WT;15:45-16:00;27.325
L25;1;WT;16:00-16:15;27.65
L25;1;WT;16:15-16:30;28.275
L25;1;WT;16:30-16:45;29.35
L25;1;WT;16:45-17:00;31.025
L25;1;WT;17:00-17:15;33.425
L25;1;WT;17:15-17:30;36.5
L25;1;WT;17:30-17:45;40.125
L25;1;WT;17:45-18:00;44.225
L25;1;WT;18:00-18:15;48.625
L25;1;WT;18:15-18:30;52.875
L25;1;WT;18:30-18:45;56.525
L25;1;WT;18:45-19:00;59.05
L25;1;WT;19:00-19:15;60.1
L25;1;WT;19:15-19:30;59.675
L25;1;WT;19:30-19:45;57.875
L25;1;WT;19:45-20:00;54.875
L25;1;WT;20:00-20:15;50.85
L25;1;WT;20:15-20:30;46.225
L25;1;WT;20:30-20:45;41.525
L25;1;WT;20:45-21:00;37.275
L25;1;WT;21:00-21:15;33.9
L25;1;WT;21:15-21:30;31.3
L25;1;WT;21:30-21:45;29.325
L25;1;WT;21:45-22:00;27.8
L25;1;WT;22:00-22:15;26.525
L25;1;WT;22:15-22:30;25.425
L25;1;WT;22:30-22:45;24.425
L25;1;WT;22:45-23:00;23.4
L25;1;WT;23:00-23:15;22.275
L25;1;WT;23:15-23:30;21.15
L25;1;WT;23:30-23:45;20.025
L25;1;WT;23:45-00:00;19
L25;2;SA;00:00-00:15;18.475
L25;2;SA;00:15-00:30;18.25
L25;2;SA;00:30-00:45;18.15
L25;2;SA;00:45-01:00;18.075
L25;2;SA;01:00-01:15;17.875
L25;2;SA;01:15-01:30;17.6
L25;2;SA;01:30-01:45;17.275
L25;2;SA;01:45-02:00;16.9
L25;2;SA;02:00-02:15;16.55
L25;2;SA;02:15-02:30;16.2
L25;2;SA;02:30-02:45;15.85
L25;2;SA;02:45-03:00;15.525
L25;2;SA;03:00-03:15;15.175
L25;2;SA;03:15-03:30;14.85
L25;2;SA;03:30-03:45;14.575
L25;2;SA;03:45-04:00;14.35
L25;2;SA;04:00-04:15;14.225
L25;2;SA;04:15-04:30;14.2
L25;2;SA;04:30-04:45;14.25
L25;2;SA;04:45-05:00;14.35
L25;2;SA;05:00-05:15;14.55
L25;2;SA;05:15-05:30;14.8
L25;2;SA;05:30-05:45;15.125
L25;2;SA;05:45-06:00;15.525
L25;2;SA;06:00-06:15;16.025
L25;2;SA;06:15-06:30;16.85
L25;2;SA;06:30-06:45;18.225
L25;2;SA;06:45-07:00;20.375
L25;2;SA;07:00-07:15;23.475
L25;2;SA;07:15-07:30;27.35
L25;2;SA;07:30-07:45;31.725
L25;2;SA;07:45-08:00;36.35
L25;2;SA;08:00-08:15;40.95
L25;2;SA;08:15-08:30;45.25
L25;2;SA;08:30-08:45;48.9
L25;2;SA;08:45-09:00;51.65
L25;2;SA;09:00-09:15;53.225
L25;2;SA;09:15-09:30;53.65
L25;2;SA;09:30-09:45;53.025
L25;2;SA;09:45-10:00;51.4
L25;2;SA;10:00-10:15;48.975
L25;2;SA;10:15-10:30;46.25
L25;2;SA;10:30-10:45;43.85
L25;2;SA;10:45-11:00;42.375
L25;2;SA;11:00-11:15;42.225
L25;2;SA;11:15-11:30;42.825
L25;2;SA;11:30-11:45;43.375
L25;2;SA;11:45-12:00;43.075
L25;2;SA;12:00-12:15;41.35
L25;2;SA;12:15-12:30;38.625
L25;2;SA;12:30-12:45;35.5
L25;2;SA;12:45-13:00;32.65
L25;2;SA;13:00-13:15;30.525
L25;2;SA;13:15-13:30;29.025
L25;2;SA;13:30-13:45;27.9
L25;2;SA;13:45-14:00;26.85
L25;2;SA;14:00-14:15;25.725
L25;2;SA;14:15-14:30;24.55
L25;2;SA;14:30-14:45;23.5
L25;2;SA;14:45-15:00;22.7
L25;2;SA;15:00-15:15;22.225
L25;2;SA;15:15-15:30;22.05
L25;2;SA;15:30-15:45;22
L25;2;SA;15:45-16:00;22
L25;2;SA;16:00-16:15;21.975
L25;2;SA;16:15-16:30;22.125
L25;2;SA;16:30-16:45;22.725
L25;2;SA;16:45-17:00;24.075
L25;2;SA;17:00-17:15;26.375
L25;2;SA;17:15-17:30;29.45
L25;2;SA;17:30-17:45;33.175
L25;2;SA;17:45-18:00;37.275
L25;2;SA;18:00-18:15;41.6
L25;2;SA;18:15-18:30;45.85
L25;2;SA;18:30-18:45;49.75
L25;2;SA;18:45-19:00;53.025
L25;2;SA;19:00-19:15;55.375
L25;2;SA;19:15-19:30;56.55
L25;2;SA;19:30-19:45;56.225
L25;2;SA;19:45-20:00;54.2
L25;2;SA;20:00-20:15;50.325
L25;2;SA;20:15-20:30;45.325
L25;2;SA;20:30-20:45;40.075
L25;2;SA;20:45-21:00;35.425
L25;2;SA;21:00-21:15;32.075
L25;2;SA;21:15-21:30;29.825
L25;2;SA;21:30-21:45;28.3
L25;2;SA;21:45-22:00;27.1
L25;2;SA;22:00-22:15;25.925
L25;2;SA;22:15-22:30;24.7
L25;2;SA;22:30-22:45;23.475
L25;2;SA;22:45-23:00;22.225
L25;2;SA;23:00-23:15;21
L25;2;SA;23:15-23:30;19.825
L25;2;SA;23:30-23:45;18.75
L25;2;SA;23:45-00:00;17.825
L25;2;FT;00:00-00:15;17.075
L25;2;FT;00:15-00:30;16.5
L25;2;FT;00:30-00:45;16.075
L25;2;FT;00:45-01:00;15.75
L25;2;FT;01:00-01:15;15.525
L25;2;FT;01:15-01:30;15.35
L25;2;FT;01:30-01:45;15.2
L25;2;FT;01:45-02:00;15.05
L25;2;FT;02:00-02:15;14.875
L25;2;FT;02:15-02:30;14.7
L25;2;FT;02:30-02:45;14.5
L25;2;FT;02:45-03:00;14.35
L25;2;FT;03:00-03:15;14.25
L25;2;FT;03:15-03:30;14.175
L25;2;FT;03:30-03:45;14.15
L25;2;FT;03:45-04:00;14.125
L25;2;FT;04:00-04:15;14.1
L25;2;FT;04:15-04:30;14.125
L25;2;FT;04:30-04:45;14.2
L25;2;FT;04:45-05:00;14.35
L25;2;FT;05:00-05:15;14.625
L25;2;FT;05:15-05:30;15.125
L25;2;FT;05:30-05:45;15.925
L25;2;FT;05:45-06:00;17.125
L25;2;FT;06:00-06:15;18.825
L25;2;FT;06:15-06:30;21.025
L25;2;FT;06:30-06:45;23.7
L25;2;FT;06:45-07:00;26.85
L25;2;FT;07:00-07:15;30.475
L25;2;FT;07:15-07:30;34.45
L25;2;FT;07:30-07:45;38.75
L25;2;FT;07:45-08:00;43.3
L25;2;FT;08:00-08:15;47.925
L25;2;FT;08:15-08:30;52.15
L25;2;FT;08:30-08:45;55.35
L25;2;FT;08:45-09:00;56.975
L25;2;FT;09:00-09:15;56.6
L25;2;FT;09:15-09:30;54.65
L25;2;FT;09:30-09:45;51.65
L25;2;FT;09:45-10:00;48.175
L25;2;FT;10:00-10:15;44.725
L25;2;FT;10:15-10:30;41.75
L25;2;FT;10:30-10:45;39.525
L25;2;FT;10:45-11:00;38.45
L25;2;FT;11:00-11:15;38.65
L25;2;FT;11:15-11:30;39.55
L25;2;FT;11:30-11:45;40.375
L25;2;FT;11:45-12:00;40.3
L25;2;FT;12:00-12:15;38.8
L25;2;FT;12:15-12:30;36.35
L25;2;FT;12:30-12:45;33.6
L25;2;FT;12:45-13:00;31.25
L25;2;FT;13:00-13:15;29.85
L25;2;FT;13:15-13:30;29.225
L25;2;FT;13:30-13:45;29.025
L25;2;FT;13:45-14:00;28.95
L25;2;FT;14:00-14:15;28.7
L25;2;FT;14:15-14:30;28.3
L25;2;FT;14:30-14:45;27.825
L25;2;FT;14:45-15:00;27.325
L25;2;FT;15:00-15:15;26.875
L25;2;FT;15:15-15:30;26.525
L25;2;FT;15:30-15:45;26.35
L25;2;FT;15:45-16:00;26.4
L25;2;FT;16:00-16:15;26.725
L25;2;FT;16:15-16:30;27.45
L25;2;FT;16:30-16:45;28.6
L25;2;FT;16:45-17:00;30.325
L25;2;FT;17:00-17:15;32.675
L25;2;FT;17:15-17:30;35.6
L25;2;FT;17:30-17:45;39.025
L25;2;FT;17:45-18:00;42.85
L25;2;FT;18:00-18:15;46.95
L25;2;FT;18:15-18:30;51.025
L25;2;FT;18:30-18:45;54.625
L25;2;FT;18:45-19:00;57.425
L25;2;FT;19:00-19:15;59.05
L25;2;FT;19:15-19:30;59.35
L25;2;FT;19:30-19:45;58.225
L25;2;FT;19:45-20:00;55.575
L25;2;FT;20:00-20:15;51.425
L25;2;FT;20:15-20:30;46.375
L25;2;FT;20:30-20:45;41.175
L25;2;FT;20:45-21:00;36.6
L25;2;FT;21:00-21:15;33.15
L25;2;FT;21:15-21:30;30.75
L25;2;FT;21:30-21:45;29.075
L25;2;FT;21:45-22:00;27.8
L25;2;FT;22:00-22:15;26.65
L25;2;FT;22:15-22:30;25.525
L25;2;FT;22:30-22:45;24.4
L25;2;FT;22:45-23:00;23.15
L25;2;FT;23:00-23:15;21.8
L25;2;FT;23:15-23:30;20.4
L25;2;FT;23:30-23:45;19.125
L25;2;FT;23:45-00:00;18.075
L25;2;WT;00:00-00:15;18.1
L25;2;WT;00:15-00:30;17.35
L25;2;WT;00:30-00:45;16.725
L25;2;WT;00:45-01:00;16.2
L25;2;WT;01:00-01:15;15.8
L25;2;WT;01:15-01:30;15.475
L25;2;WT;01:30-01:45;15.25
L25;2;WT;01:45-02:00;15.05
L25;2;WT;02:00-02:15;14.9
L25;2;WT;02:15-02:30;14.8
L25;2;WT;02:30-02:45;14.7
L25;2;WT;02:45-03:00;14.6
L25;2;WT;03:00-03:15;14.475
L25;2;WT;03:15-03:30;14.35
L25;2;WT;03:30-03:45;14.225
L25;2;WT;03:45-04:00;14.125
L25;2;WT;04:00-04:15;14.075
L25;2;WT;04:15-04:30;14.075
L25;2;WT;04:30-04:45;14.15
L25;2;WT;04:45-05:00;14.35
L25;2;WT;05:00-05:15;14.7
L25;2;WT;05:15-05:30;15.225
L25;2;WT;05:30-05:45;15.95
L25;2;WT;05:45-06:00;16.9
L25;2;WT;06:00-06:15;18.125
L25;2;WT;06:15-06:30;19.75
L25;2;WT;06:30-06:45;21.925
L25;2;WT;06:45-07:00;24.775
L25;2;WT;07:00-07:15;28.4
L25;2;WT;07:15-07:30;32.625
L25;2;WT;07:30-07:45;37.225
L25;2;WT;07:45-08:00;41.925
L25;2;WT;08:00-08:15;46.45
L25;2;WT;08:15-08:30;50.425
L25;2;WT;08:30-08:45;53.4
L25;2;WT;08:45-09:00;54.875
L25;2;WT;09:00-09:15;54.625
L25;2;WT;09:15-09:30;52.9
L25;2;WT;09:30-09:45;50.2
L25;2;WT;09:45-10:00;47
L25;2;WT;10:00-10:15;43.75
L25;2;WT;10:15-10:30;40.85
L25;2;WT;10:30-10:45;38.625
L25;2;WT;10:45-11:00;37.525
L25;2;WT;11:00-11:15;37.675
L25;2;WT;11:15-11:30;38.525
L25;2;WT;11:30-11:45;39.35
L25;2;WT;11:45-12:00;39.375
L25;2;WT;12:00-12:15;38.05
L25;2;WT;12:15-12:30;35.8
L25;2;WT;12:30-12:45;33.175
L25;2;WT;12:45-13:00;30.8
L25;2;WT;13:00-13:15;29.125
L25;2;WT;13:15-13:30;28.125
L25;2;WT;13:30-13:45;27.575
L25;2;WT;13:45-14:00;27.325
L25;2;WT;14:00-14:15;27.2
L25;2;WT;14:15-14:30;27.125
L25;2;WT;14:30-14:45;27.1
L25;2;WT;14:45-15:00;27.1
L25;2;WT;15:00-15:15;27.075
L25;2;WT;15:15-15:30;27.075
L25;2;WT;15:30-15:45;27.15
L25;2;WT;15:45-16:00;27.325
L25;2;WT;16:00-16:15;27.65
L25;2;WT;16:15-16:30;28.275
L25;2;WT;16:30-16:45;29.35
L25;2;WT;16:45-17:00;31.025
L25;2;WT;17:00-17:15;33.425
L25;2;WT;17:15-17:30;36.5
L25;2;WT;17:30-17:45;40.125
L25;2;WT;17:45-18:00;44.225
L25;2;WT;18:00-18:15;48.625
L25;2;WT;18:15-18:30;52.875
L25;2;WT;18:30-18:45;56.525
L25;2;WT;18:45-19:00;59.05
L25;2;WT;19:00-19:15;60.1
L25;2;WT;19:15-19:30;59.675
L25;2;WT;19:30-19:45;57.875
L25;2;WT;19:45-20:00;54.875
L25;2;WT;20:00-20:15;50.85
L25;2;WT;20:15-20:30;46.225
L25;2;WT;20:30-20:45;41.525
L25;2;WT;20:45-21:00;37.275
L25;2;WT;21:00-21:15;33.9
L25;2;WT;21:15-21:30;31.3
L25;2;WT;21:30-21:45;29.325
L25;2;WT;21:45-22:00;27.8
L25;2;WT;22:00-22:15;26.525
L25;2;WT;22:15-22:30;25.425
L25;2;WT;22:30-22:45;24.425
L25;2;WT;22:45-23:00;23.4
L25;2;WT;23:00-23:15;22.275
L25;2;WT;23:15-23:30;21.15
L25;2;WT;23:30-23:45;20.025
L25;2;WT;23:45-00:00;19
L25;3;SA;00:00-00:15;18.26666666666667
L25;3;SA;00:15-00:30;17.95
L25;3;SA;00:30-00:45;17.766666666666666
L25;3;SA;00:45-01:00;17.608333333333334
L25;3;SA;01:00-01:15;17.358333333333334
L25;3;SA;01:15-01:30;17.058333333333334
L25;3;SA;01:30-01:45;16.716666666666665
L25;3;SA;01:45-02:00;16.35833333333333
L25;3;SA;02:00-02:15;16.033333333333335
L25;3;SA;02:15-02:30;15.725
L25;3;SA;02:30-02:45;15.424999999999999
L25;3;SA;02:45-03:00;15.133333333333333
L25;3;SA;03:00-03:15;14.833333333333334
L25;3;SA;03:15-03:30;14.541666666666666
L25;3;SA;03:30-03:45;14.308333333333332
L25;3;SA;03:45-04:00;14.125
L25;3;SA;04:00-04:15;14.033333333333333
L25;3;SA;04:15-04:30;14.025
L25;3;SA;04:30-04:45;14.091666666666667
L25;3;SA;04:45-05:00;14.200000000000001
L25;3;SA;05:00-05:15;14.375
L25;3;SA;05:15-05:30;14.583333333333334
L25;3;SA;05:30-05:45;14.866666666666667
L25;3;SA;05:45-06:00;15.216666666666667
L25;3;SA;06:00-06:15;15.674999999999999
L25;3;SA;06:15-06:30;16.475
L25;3;SA;06:30-06:45;17.883333333333336
L25;3;SA;06:45-07:00;20.141666666666666
L25;3;SA;07:00-07:15;23.433333333333337
L25;3;SA;07:15-07:30;27.53333333333333
L25;3;SA;07:30-07:45;32.1
L25;3;SA;07:45-08:00;36.81666666666667
L25;3;SA;08:00-08:15;41.35
L25;3;SA;08:15-08:30;45.43333333333334
L25;3;SA;08:30-08:45;48.74166666666667
L25;3;SA;08:45-09:00;51.03333333333333
L25;3;SA;09:00-09:15;52.05833333333334
L25;3;SA;09:15-09:30;51.94166666666666
L25;3;SA;09:30-09:45;50.86666666666667
L25;3;SA;09:45-10:00;49.00833333333333
L25;3;SA;10:00-10:15;46.61666666666667
L25;3;SA;10:15-10:30;44.13333333333333
L25;3;SA;10:30-10:45;42.06666666666667
L25;3;SA;10:45-11:00;40.90833333333333
L25;3;SA;11:00-11:15;40.975
L25;3;SA;11:15-11:30;41.708333333333336
L25;3;SA;11:30-11:45;42.358333333333334
L25;3;SA;11:45-12:00;42.15
L25;3;SA;12:00-12:15;40.550000000000004
L25;3;SA;12:15-12:30;37.975
L25;3;SA;12:30-12:45;34.99166666666667
L25;3;SA;12:45-13:00;32.266666666666666
L25;3;SA;13:00-13:15;30.224999999999998
L25;3;SA;13:15-13:30;28.774999999999995
L25;3;SA;13:30-13:45;27.666666666666668
L25;3;SA;13:45-14:00;26.625
L25;3;SA;14:00-14:15;25.483333333333334
L25;3;SA;14:15-14:30;24.308333333333334
L25;3;SA;14:30-14:45;23.258333333333336
L25;3;SA;14:45-15:00;22.46666666666667
L25;3;SA;15:00-15:15;22.03333333333333
L25;3;SA;15:15-15:30;21.891666666666666
L25;3;SA;15:30-15:45;21.891666666666666
L25;3;SA;15:45-16:00;21.925
L25;3;SA;16:00-16:15;21.90833333333333
L25;3;SA;16:15-16:30;22.025000000000002
L25;3;SA;16:30-16:45;22.525000000000002
L25;3;SA;16:45-17:00;23.691666666666666
L25;3;SA;17:00-17:15;25.7
L25;3;SA;17:15-17:30;28.441666666666666
L25;3;SA;17:30-17:45;31.799999999999997
L25;3;SA;17:45-18:00;35.583333333333336
L25;3;SA;18:00-18:15;39.64166666666667
L25;3;SA;18:15-18:30;43.675000000000004
L25;3;SA;18:30-18:45;47.39166666666667
L25;3;SA;18:45-19:00;50.48333333333333
L25;3;SA;19:00-19:15;52.64166666666667
L25;3;SA;19:15-19:30;53.67499999999999
L25;3;SA;19:30-19:45;53.36666666666667
L25;3;SA;19:45-20:00;51.57500000000001
L25;3;SA;20:00-20:15;48.20000000000001
L25;3;SA;20:15-20:30;43.85833333333333
L25;3;SA;20:30-20:45;39.25833333333333
L25;3;SA;20:45-21:00;35.11666666666667
L25;3;SA;21:00-21:15;32
L25;3;SA;21:15-21:30;29.78333333333333
L25;3;SA;21:30-21:45;28.166666666666668
L25;3;SA;21:45-22:00;26.866666666666664
L25;3;SA;22:00-22:15;25.641666666666666
L25;3;SA;22:15-22:30;24.425
L25;3;SA;22:30-22:45;23.225000000000005
L25;3;SA;22:45-23:00;21.991666666666664
L25;3;SA;23:00-23:15;20.758333333333333
L25;3;SA;23:15-23:30;19.558333333333334
L25;3;SA;23:30-23:45;18.458333333333332
L25;3;SA;23:45-00:00;17.516666666666666
L25;3;FT;00:00-00:15;16.78333333333333
L25;3;FT;00:15-00:30;16.224999999999998
L25;3;FT;00:30-00:45;15.824999999999998
L25;3;FT;00:45-01:00;15.516666666666666
L25;3;FT;01:00-01:15;15.283333333333333
L25;3;FT;01:15-01:30;15.083333333333334
L25;3;FT;01:30-01:45;14.908333333333331
L25;3;FT;01:45-02:00;14.741666666666667
L25;3;FT;02:00-02:15;14.566666666666668
L25;3;FT;02:15-02:30;14.408333333333331
L25;3;FT;02:30-02:45;14.241666666666667
L25;3;FT;02:45-03:00;14.125
L25;3;FT;03:00-03:15;14.049999999999999
L25;3;FT;03:15-03:30;14
L25;3;FT;03:30-03:45;13.991666666666667
L25;3;FT;03:45-04:00;13.975
L25;3;FT;04:00-04:15;13.941666666666668
L25;3;FT;04:15-04:30;13.941666666666668
L25;3;FT;04:30-04:45;13.991666666666665
L25;3;FT;04:45-05:00;14.125
L25;3;FT;05:00-05:15;14.375
L25;3;FT;05:15-05:30;14.858333333333334
L25;3;FT;05:30-05:45;15.641666666666666
L25;3;FT;05:45-06:00;16.816666666666666
L25;3;FT;06:00-06:15;18.491666666666664
L25;3;FT;06:15-06:30;20.666666666666668
L25;3;FT;06:30-06:45;23.349999999999998
L25;3;FT;06:45-07:00;26.541666666666668
L25;3;FT;07:00-07:15;30.258333333333336
L25;3;FT;07:15-07:30;34.325
L25;3;FT;07:30-07:45;38.65
L25;3;FT;07:45-08:00;43.06666666666666
L25;3;FT;08:00-08:15;47.39166666666667
L25;3;FT;08:15-08:30;51.18333333333334
L25;3;FT;08:30-08:45;53.949999999999996
L25;3;FT;08:45-09:00;55.199999999999996
L25;3;FT;09:00-09:15;54.6
L25;3;FT;09:15-09:30;52.550000000000004
L25;3;FT;09:30-09:45;49.55833333333334
L25;3;FT;09:45-10:00;46.166666666666664
L25;3;FT;10:00-10:15;42.85833333333333
L25;3;FT;10:15-10:30;40.03333333333333
L25;3;FT;10:30-10:45;37.98333333333333
L25;3;FT;10:45-11:00;37.05833333333334
L25;3;FT;11:00-11:15;37.38333333333333
L25;3;FT;11:15-11:30;38.391666666666666
L25;3;FT;11:30-11:45;39.31666666666667
L25;3;FT;11:45-12:00;39.375
L25;3;FT;12:00-12:15;38.03333333333333
L25;3;FT;12:15-12:30;35.74166666666667
L25;3;FT;12:30-12:45;33.108333333333334
L25;3;FT;12:45-13:00;30.791666666666668
L25;3;FT;13:00-13:15;29.308333333333337
L25;3;FT;13:15-13:30;28.53333333333333
L25;3;FT;13:30-13:45;28.15833333333333
L25;3;FT;13:45-14:00;27.941666666666666
L25;3;FT;14:00-14:15;27.633333333333336
L25;3;FT;14:15-14:30;27.241666666666664
L25;3;FT;14:30-14:45;26.816666666666666
L25;3;FT;14:45-15:00;26.400000000000002
L25;3;FT;15:00-15:15;26.03333333333333
L25;3;FT;15:15-15:30;25.741666666666664
L25;3;FT;15:30-15:45;25.575
L25;3;FT;15:45-16:00;25.55
L25;3;FT;16:00-16:15;25.708333333333332
L25;3;FT;16:15-16:30;26.175
L25;3;FT;16:30-16:45;27.05
L25;3;FT;16:45-17:00;28.474999999999998
L25;3;FT;17:00-17:15;30.549999999999997
L25;3;FT;17:15-17:30;33.233333333333334
L25;3;FT;17:30-17:45;36.458333333333336
L25;3;FT;17:45-18:00;40.14166666666667
L25;3;FT;18:00-18:15;44.175000000000004
L25;3;FT;18:15-18:30;48.208333333333336
L25;3;FT;18:30-18:45;51.800000000000004
L25;3;FT;18:45-19:00;54.56666666666666
L25;3;FT;19:00-19:15;56.15
L25;3;FT;19:15-19:30;56.458333333333336
L25;3;FT;19:30-19:45;55.475
L25;3;FT;19:45-20:00;53.18333333333334
L25;3;FT;20:00-20:15;49.65
L25;3;FT;20:15-20:30;45.36666666666667
L25;3;FT;20:30-20:45;40.916666666666664
L25;3;FT;20:45-21:00;36.90833333333333
L25;3;FT;21:00-21:15;33.73333333333333
L25;3;FT;21:15-21:30;31.358333333333334
L25;3;FT;21:30-21:45;29.558333333333334
L25;3;FT;21:45-22:00;28.108333333333334
L25;3;FT;22:00-22:15;26.8
L25;3;FT;22:15-22:30;25.558333333333334
L25;3;FT;22:30-22:45;24.349999999999998
L25;3;FT;22:45-23:00;23.075
L25;3;FT;23:00-23:15;21.733333333333334
L25;3;FT;23:15-23:30;20.366666666666664
L25;3;FT;23:30-23:45;19.116666666666667
L25;3;FT;23:45-00:00;18.075
L25;3;WT;00:00-00:15;17.925
L25;3;WT;00:15-00:30;17.158333333333335
L25;3;WT;00:30-00:45;16.508333333333336
L25;3;WT;00:45-01:00;15.975
L25;3;WT;01:00-01:15;15.558333333333332
L25;3;WT;01:15-01:30;15.241666666666667
L25;3;WT;01:30-01:45;15.008333333333333
L25;3;WT;01:45-02:00;14.816666666666668
L25;3;WT;02:00-02:15;14.674999999999999
L25;3;WT;02:15-02:30;14.566666666666668
L25;3;WT;02:30-02:45;14.466666666666667
L25;3;WT;02:45-03:00;14.366666666666667
L25;3;WT;03:00-03:15;14.241666666666667
L25;3;WT;03:15-03:30;14.108333333333334
L25;3;WT;03:30-03:45;13.991666666666667
L25;3;WT;03:45-04:00;13.891666666666666
L25;3;WT;04:00-04:15;13.85
L25;3;WT;04:15-04:30;13.858333333333334
L25;3;WT;04:30-04:45;13.933333333333332
L25;3;WT;04:45-05:00;14.125
L25;3;WT;05:00-05:15;14.433333333333332
L25;3;WT;05:15-05:30;14.916666666666666
L25;3;WT;05:30-05:45;15.616666666666665
L25;3;WT;05:45-06:00;16.591666666666665
L25;3;WT;06:00-06:15;17.900000000000002
L25;3;WT;06:15-06:30;19.633333333333333
L25;3;WT;06:30-06:45;21.916666666666668
L25;3;WT;06:45-07:00;24.849999999999998
L25;3;WT;07:00-07:15;28.5
L25;3;WT;07:15-07:30;32.69166666666667
L25;3;WT;07:30-07:45;37.199999999999996
L25;3;WT;07:45-08:00;41.766666666666666
L25;3;WT;08:00-08:15;46.125
L25;3;WT;08:15-08:30;49.875
L25;3;WT;08:30-08:45;52.550000000000004
L25;3;WT;08:45-09:00;53.64166666666667
L25;3;WT;09:00-09:15;52.916666666666664
L25;3;WT;09:15-09:30;50.725
L25;3;WT;09:30-09:45;47.68333333333334
L25;3;WT;09:45-10:00;44.375
L25;3;WT;10:00-10:15;41.324999999999996
L25;3;WT;10:15-10:30;38.81666666666667
L25;3;WT;10:30-10:45;37.041666666666664
L25;3;WT;10:45-11:00;36.28333333333333
L25;3;WT;11:00-11:15;36.574999999999996
L25;3;WT;11:15-11:30;37.40833333333333
L25;3;WT;11:30-11:45;38.15833333333333
L25;3;WT;11:45-12:00;38.13333333333333
L25;3;WT;12:00-12:15;36.88333333333333
L25;3;WT;12:15-12:30;34.775
L25;3;WT;12:30-12:45;32.324999999999996
L25;3;WT;12:45-13:00;30.108333333333334
L25;3;WT;13:00-13:15;28.53333333333333
L25;3;WT;13:15-13:30;27.575
L25;3;WT;13:30-13:45;27.041666666666668
L25;3;WT;13:45-14:00;26.78333333333333
L25;3;WT;14:00-14:15;26.641666666666666
L25;3;WT;14:15-14:30;26.558333333333334
L25;3;WT;14:30-14:45;26.51666666666667
L25;3;WT;14:45-15:00;26.483333333333334
L25;3;WT;15:00-15:15;26.416666666666668
L25;3;WT;15:15-15:30;26.375
L25;3;WT;15:30-15:45;26.383333333333336
L25;3;WT;15:45-16:00;26.474999999999998
L25;3;WT;16:00-16:15;26.7
L25;3;WT;16:15-16:30;27.175
L25;3;WT;16:30-16:45;28.03333333333333
L25;3;WT;16:45-17:00;29.40833333333333
L25;3;WT;17:00-17:15;31.399999999999995
L25;3;WT;17:15-17:30;34.016666666666666
L25;3;WT;17:30-17:45;37.21666666666667
L25;3;WT;17:45-18:00;40.983333333333334
L25;3;WT;18:00-18:15;45.208333333333336
L25;3;WT;18:15-18:30;49.43333333333334
L25;3;WT;18:30-18:45;53.166666666666664
L25;3;WT;18:45-19:00;55.883333333333326
L25;3;WT;19:00-19:15;57.19166666666666
L25;3;WT;19:15-19:30;57.074999999999996
L25;3;WT;19:30-19:45;55.64166666666667
L25;3;WT;19:45-20:00;53.025
L25;3;WT;20:00-20:15;49.39166666666667
L25;3;WT;20:15-20:30;45.15833333333333
L25;3;WT;20:30-20:45;40.824999999999996
L25;3;WT;20:45-21:00;36.891666666666666
L25;3;WT;21:00-21:15;33.75
L25;3;WT;21:15-21:30;31.325
L25;3;WT;21:30-21:45;29.45
L25;3;WT;21:45-22:00;27.95
L25;3;WT;22:00-22:15;26.65833333333333
L25;3;WT;22:15-22:30;25.491666666666664
L25;3;WT;22:30-22:45;24.416666666666668
L25;3;WT;22:45-23:00;23.316666666666663
L25;3;WT;23:00-23:15;22.15833333333333
L25;3;WT;23:15-23:30;21.008333333333333
L25;3;WT;23:30-23:45;19.875
L25;3;WT;23:45-00:00;18.841666666666665
L25;4;SA;00:00-00:15;17.85
L25;4;SA;00:15-00:30;17.35
L25;4;SA;00:30-00:45;17
L25;4;SA;00:45-01:00;16.675
L25;4;SA;01:00-01:15;16.325
L25;4;SA;01:15-01:30;15.975
L25;4;SA;01:30-01:45;15.6
L25;4;SA;01:45-02:00;15.275
L25;4;SA;02:00-02:15;15
L25;4;SA;02:15-02:30;14.775
L25;4;SA;02:30-02:45;14.575
L25;4;SA;02:45-03:00;14.35
L25;4;SA;03:00-03:15;14.15
L25;4;SA;03:15-03:30;13.925
L25;4;SA;03:30-03:45;13.775
L25;4;SA;03:45-04:00;13.675
L25;4;SA;04:00-04:15;13.65
L25;4;SA;04:15-04:30;13.675
L25;4;SA;04:30-04:45;13.775
L25;4;SA;04:45-05:00;13.9
L25;4;SA;05:00-05:15;14.025
L25;4;SA;05:15-05:30;14.15
L25;4;SA;05:30-05:45;14.35
L25;4;SA;05:45-06:00;14.6
L25;4;SA;06:00-06:15;14.975
L25;4;SA;06:15-06:30;15.725
L25;4;SA;06:30-06:45;17.2
L25;4;SA;06:45-07:00;19.675
L25;4;SA;07:00-07:15;23.35
L25;4;SA;07:15-07:30;27.9
L25;4;SA;07:30-07:45;32.85
L25;4;SA;07:45-08:00;37.75
L25;4;SA;08:00-08:15;42.15
L25;4;SA;08:15-08:30;45.8
L25;4;SA;08:30-08:45;48.425
L25;4;SA;08:45-09:00;49.8
L25;4;SA;09:00-09:15;49.725
L25;4;SA;09:15-09:30;48.525
L25;4;SA;09:30-09:45;46.55
L25;4;SA;09:45-10:00;44.225
L25;4;SA;10:00-10:15;41.9
L25;4;SA;10:15-10:30;39.9
L25;4;SA;10:30-10:45;38.5
L25;4;SA;10:45-11:00;37.975
L25;4;SA;11:00-11:15;38.475
L25;4;SA;11:15-11:30;39.475
L25;4;SA;11:30-11:45;40.325
L25;4;SA;11:45-12:00;40.3
L25;4;SA;12:00-12:15;38.95
L25;4;SA;12:15-12:30;36.675
L25;4;SA;12:30-12:45;33.975
L25;4;SA;12:45-13:00;31.5
L25;4;SA;13:00-13:15;29.625
L25;4;SA;13:15-13:30;28.275
L25;4;SA;13:30-13:45;27.2
L25;4;SA;13:45-14:00;26.175
L25;4;SA;14:00-14:15;25
L25;4;SA;14:15-14:30;23.825
L25;4;SA;14:30-14:45;22.775
L25;4;SA;14:45-15:00;22
L25;4;SA;15:00-15:15;21.65
L25;4;SA;15:15-15:30;21.575
L25;4;SA;15:30-15:45;21.675
L25;4;SA;15:45-16:00;21.775
L25;4;SA;16:00-16:15;21.775
L25;4;SA;16:15-16:30;21.825
L25;4;SA;16:30-16:45;22.125
L25;4;SA;16:45-17:00;22.925
L25;4;SA;17:00-17:15;24.35
L25;4;SA;17:15-17:30;26.425
L25;4;SA;17:30-17:45;29.05
L25;4;SA;17:45-18:00;32.2
L25;4;SA;18:00-18:15;35.725
L25;4;SA;18:15-18:30;39.325
L25;4;SA;18:30-18:45;42.675
L25;4;SA;18:45-19:00;45.4
L25;4;SA;19:00-19:15;47.175
L25;4;SA;19:15-19:30;47.925
L25;4;SA;19:30-19:45;47.65
L25;4;SA;19:45-20:00;46.325
L25;4;SA;20:00-20:15;43.95
L25;4;SA;20:15-20:30;40.925
L25;4;SA;20:30-20:45;37.625
L25;4;SA;20:45-21:00;34.5
L25;4;SA;21:00-21:15;31.85
L25;4;SA;21:15-21:30;29.7
L25;4;SA;21:30-21:45;27.9
L25;4;SA;21:45-22:00;26.4
L25;4;SA;22:00-22:15;25.075
L25;4;SA;22:15-22:30;23.875
L25;4;SA;22:30-22:45;22.725
L25;4;SA;22:45-23:00;21.525
L25;4;SA;23:00-23:15;20.275
L25;4;SA;23:15-23:30;19.025
L25;4;SA;23:30-23:45;17.875
L25;4;SA;23:45-00:00;16.9
L25;4;FT;00:00-00:15;16.2
L25;4;FT;00:15-00:30;15.675
L25;4;FT;00:30-00:45;15.325
L25;4;FT;00:45-01:00;15.05
L25;4;FT;01:00-01:15;14.8
L25;4;FT;01:15-01:30;14.55
L25;4;FT;01:30-01:45;14.325
L25;4;FT;01:45-02:00;14.125
L25;4;FT;02:00-02:15;13.95
L25;4;FT;02:15-02:30;13.825
L25;4;FT;02:30-02:45;13.725
L25;4;FT;02:45-03:00;13.675
L25;4;FT;03:00-03:15;13.65
L25;4;FT;03:15-03:30;13.65
L25;4;FT;03:30-03:45;13.675
L25;4;FT;03:45-04:00;13.675
L25;4;FT;04:00-04:15;13.625
L25;4;FT;04:15-04:30;13.575
L25;4;FT;04:30-04:45;13.575
L25;4;FT;04:45-05:00;13.675
L25;4;FT;05:00-05:15;13.875
L25;4;FT;05:15-05:30;14.325
L25;4;FT;05:30-05:45;15.075
L25;4;FT;05:45-06:00;16.2
L25;4;FT;06:00-06:15;17.825
L25;4;FT;06:15-06:30;19.95
L25;4;FT;06:30-06:45;22.65
L25;4;FT;06:45-07:00;25.925
L25;4;FT;07:00-07:15;29.825
L25;4;FT;07:15-07:30;34.075
L25;4;FT;07:30-07:45;38.45
L25;4;FT;07:45-08:00;42.6
L25;4;FT;08:00-08:15;46.325
L25;4;FT;08:15-08:30;49.25
L25;4;FT;08:30-08:45;51.15
L25;4;FT;08:45-09:00;51.65
L25;4;FT;09:00-09:15;50.6
L25;4;FT;09:15-09:30;48.35
L25;4;FT;09:30-09:45;45.375
L25;4;FT;09:45-10:00;42.15
L25;4;FT;10:00-10:15;39.125
L25;4;FT;10:15-10:30;36.6
L25;4;FT;10:30-10:45;34.9
L25;4;FT;10:45-11:00;34.275
L25;4;FT;11:00-11:15;34.85
L25;4;FT;11:15-11:30;36.075
L25;4;FT;11:30-11:45;37.2
L25;4;FT;11:45-12:00;37.525
L25;4;FT;12:00-12:15;36.5
L25;4;FT;12:15-12:30;34.525
L25;4;FT;12:30-12:45;32.125
L25;4;FT;12:45-13:00;29.875
L25;4;FT;13:00-13:15;28.225
L25;4;FT;13:15-13:30;27.15
L25;4;FT;13:30-13:45;26.425
L25;4;FT;13:45-14:00;25.925
L25;4;FT;14:00-14:15;25.5
L25;4;FT;14:15-14:30;25.125
L25;4;FT;14:30-14:45;24.8
L25;4;FT;14:45-15:00;24.55
L25;4;FT;15:00-15:15;24.35
L25;4;FT;15:15-15:30;24.175
L25;4;FT;15:30-15:45;24.025
L25;4;FT;15:45-16:00;23.85
L25;4;FT;16:00-16:15;23.675
L25;4;FT;16:15-16:30;23.625
L25;4;FT;16:30-16:45;23.95
L25;4;FT;16:45-17:00;24.775
L25;4;FT;17:00-17:15;26.3
L25;4;FT;17:15-17:30;28.5
L25;4;FT;17:30-17:45;31.325
L25;4;FT;17:45-18:00;34.725
L25;4;FT;18:00-18:15;38.625
L25;4;FT;18:15-18:30;42.575
L25;4;FT;18:30-18:45;46.15
L25;4;FT;18:45-19:00;48.85
L25;4;FT;19:00-19:15;50.35
L25;4;FT;19:15-19:30;50.675
L25;4;FT;19:30-19:45;49.975
L25;4;FT;19:45-20:00;48.4
L25;4;FT;20:00-20:15;46.1
L25;4;FT;20:15-20:30;43.35
L25;4;FT;20:30-20:45;40.4
L25;4;FT;20:45-21:00;37.525
L25;4;FT;21:00-21:15;34.9
L25;4;FT;21:15-21:30;32.575
L25;4;FT;21:30-21:45;30.525
L25;4;FT;21:45-22:00;28.725
L25;4;FT;22:00-22:15;27.1
L25;4;FT;22:15-22:30;25.625
L25;4;FT;22:30-22:45;24.25
L25;4;FT;22:45-23:00;22.925
L25;4;FT;23:00-23:15;21.6
L25;4;FT;23:15-23:30;20.3
L25;4;FT;23:30-23:45;19.1
L25;4;FT;23:45-00:00;18.075
L25;4;WT;00:00-00:15;17.575
L25;4;WT;00:15-00:30;16.775
L25;4;WT;00:30-00:45;16.075
L25;4;WT;00:45-01:00;15.525
L25;4;WT;01:00-01:15;15.075
L25;4;WT;01:15-01:30;14.775
L25;4;WT;01:30-01:45;14.525
L25;4;WT;01:45-02:00;14.35
L25;4;WT;02:00-02:15;14.225
L25;4;WT;02:15-02:30;14.1
L25;4;WT;02:30-02:45;14
L25;4;WT;02:45-03:00;13.9
L25;4;WT;03:00-03:15;13.775
L25;4;WT;03:15-03:30;13.625
L25;4;WT;03:30-03:45;13.525
L25;4;WT;03:45-04:00;13.425
L25;4;WT;04:00-04:15;13.4
L25;4;WT;04:15-04:30;13.425
L25;4;WT;04:30-04:45;13.5
L25;4;WT;04:45-05:00;13.675
L25;4;WT;05:00-05:15;13.9
L25;4;WT;05:15-05:30;14.3
L25;4;WT;05:30-05:45;14.95
L25;4;WT;05:45-06:00;15.975
L25;4;WT;06:00-06:15;17.45
L25;4;WT;06:15-06:30;19.4
L25;4;WT;06:30-06:45;21.9
L25;4;WT;06:45-07:00;25
L25;4;WT;07:00-07:15;28.7
L25;4;WT;07:15-07:30;32.825
L25;4;WT;07:30-07:45;37.15
L25;4;WT;07:45-08:00;41.45
L25;4;WT;08:00-08:15;45.475
L25;4;WT;08:15-08:30;48.775
L25;4;WT;08:30-08:45;50.85
L25;4;WT;08:45-09:00;51.175
L25;4;WT;09:00-09:15;49.5
L25;4;WT;09:15-09:30;46.375
L25;4;WT;09:30-09:45;42.65
L25;4;WT;09:45-10:00;39.125
L25;4;WT;10:00-10:15;36.475
L25;4;WT;10:15-10:30;34.75
L25;4;WT;10:30-10:45;33.875
L25;4;WT;10:45-11:00;33.8
L25;4;WT;11:00-11:15;34.375
L25;4;WT;11:15-11:30;35.175
L25;4;WT;11:30-11:45;35.775
L25;4;WT;11:45-12:00;35.65
L25;4;WT;12:00-12:15;34.55
L25;4;WT;12:15-12:30;32.725
L25;4;WT;12:30-12:45;30.625
L25;4;WT;12:45-13:00;28.725
L25;4;WT;13:00-13:15;27.35
L25;4;WT;13:15-13:30;26.475
L25;4;WT;13:30-13:45;25.975
L25;4;WT;13:45-14:00;25.7
L25;4;WT;14:00-14:15;25.525
L25;4;WT;14:15-14:30;25.425
L25;4;WT;14:30-14:45;25.35
L25;4;WT;14:45-15:00;25.25
L25;4;WT;15:00-15:15;25.1
L25;4;WT;15:15-15:30;24.975
L25;4;WT;15:30-15:45;24.85
L25;4;WT;15:45-16:00;24.775
L25;4;WT;16:00-16:15;24.8
L25;4;WT;16:15-16:30;24.975
L25;4;WT;16:30-16:45;25.4
L25;4;WT;16:45-17:00;26.175
L25;4;WT;17:00-17:15;27.35
L25;4;WT;17:15-17:30;29.05
L25;4;WT;17:30-17:45;31.4
L25;4;WT;17:45-18:00;34.5
L25;4;WT;18:00-18:15;38.375
L25;4;WT;18:15-18:30;42.55
L25;4;WT;18:30-18:45;46.45
L25;4;WT;18:45-19:00;49.55
L25;4;WT;19:00-19:15;51.375
L25;4;WT;19:15-19:30;51.875
L25;4;WT;19:30-19:45;51.175
L25;4;WT;19:45-20:00;49.325
L25;4;WT;20:00-20:15;46.475
L25;4;WT;20:15-20:30;43.025
L25;4;WT;20:30-20:45;39.425
L25;4;WT;20:45-21:00;36.125
L25;4;WT;21:00-21:15;33.45
L25;4;WT;21:15-21:30;31.375
L25;4;WT;21:30-21:45;29.7
L25;4;WT;21:45-22:00;28.25
L25;4;WT;22:00-22:15;26.925
L25;4;WT;22:15-22:30;25.625
L25;4;WT;22:30-22:45;24.4
L25;4;WT;22:45-23:00;23.15
L25;4;WT;23:00-23:15;21.925
L25;4;WT;23:15-23:30;20.725
L25;4;WT;23:30-23:45;19.575
L25;4;WT;23:45-00:00;18.525
L25;5;SA;00:00-00:15;17.325000000000003
L25;5;SA;00:15-00:30;16.875
L25;5;SA;00:30-00:45;16.5375
L25;5;SA;00:45-01:00;16.2125
L25;5;SA;01:00-01:15;15.837499999999999
L25;5;SA;01:15-01:30;15.45
L25;5;SA;01:30-01:45;15.05
L25;5;SA;01:45-02:00;14.7
L25;5;SA;02:00-02:15;14.4
L25;5;SA;02:15-02:30;14.162500000000001
L25;5;SA;02:30-02:45;13.962499999999999
L25;5;SA;02:45-03:00;13.774999999999999
L25;5;SA;03:00-03:15;13.6125
L25;5;SA;03:15-03:30;13.4375
L25;5;SA;03:30-03:45;13.3125
L25;5;SA;03:45-04:00;13.2
L25;5;SA;04:00-04:15;13.1375
L25;5;SA;04:15-04:30;13.1125
L25;5;SA;04:30-04:45;13.1375
L25;5;SA;04:45-05:00;13.2
L25;5;SA;05:00-05:15;13.3
L25;5;SA;05:15-05:30;13.4375
L25;5;SA;05:30-05:45;13.6375
L25;5;SA;05:45-06:00;13.899999999999999
L25;5;SA;06:00-06:15;14.2875
L25;5;SA;06:15-06:30;15.0125
L25;5;SA;06:30-06:45;16.375
L25;5;SA;06:45-07:00;18.637500000000003
L25;5;SA;07:00-07:15;21.975
L25;5;SA;07:15-07:30;26.125
L25;5;SA;07:30-07:45;30.700000000000003
L25;5;SA;07:45-08:00;35.3125
L25;5;SA;08:00-08:15;39.599999999999994
L25;5;SA;08:15-08:30;43.25
L25;5;SA;08:30-08:45;45.9375
L25;5;SA;08:45-09:00;47.3625
L25;5;SA;09:00-09:15;47.3125
L25;5;SA;09:15-09:30;46.125
L25;5;SA;09:30-09:45;44.175
L25;5;SA;09:45-10:00;41.9125
L25;5;SA;10:00-10:15;39.7125
L25;5;SA;10:15-10:30;37.875
L25;5;SA;10:30-10:45;36.6375
L25;5;SA;10:45-11:00;36.2375
L25;5;SA;11:00-11:15;36.7875
L25;5;SA;11:15-11:30;37.7875
L25;5;SA;11:30-11:45;38.6
L25;5;SA;11:45-12:00;38.5625
L25;5;SA;12:00-12:15;37.225
L25;5;SA;12:15-12:30;34.974999999999994
L25;5;SA;12:30-12:45;32.325
L25;5;SA;12:45-13:00;29.875
L25;5;SA;13:00-13:15;28.025
L25;5;SA;13:15-13:30;26.7125
L25;5;SA;13:30-13:45;25.7
L25;5;SA;13:45-14:00;24.7875
L25;5;SA;14:00-14:15;23.7875
L25;5;SA;14:15-14:30;22.799999999999997
L25;5;SA;14:30-14:45;21.9375
L25;5;SA;14:45-15:00;21.3
L25;5;SA;15:00-15:15;21.0125
L25;5;SA;15:15-15:30;20.95
L25;5;SA;15:30-15:45;21.012500000000003
L25;5;SA;15:45-16:00;21.075
L25;5;SA;16:00-16:15;21.049999999999997
L25;5;SA;16:15-16:30;21.075
L25;5;SA;16:30-16:45;21.2875
L25;5;SA;16:45-17:00;21.887500000000003
L25;5;SA;17:00-17:15;23
L25;5;SA;17:15-17:30;24.675
L25;5;SA;17:30-17:45;26.925
L25;5;SA;17:45-18:00;29.762500000000003
L25;5;SA;18:00-18:15;33.125
L25;5;SA;18:15-18:30;36.6375
L25;5;SA;18:30-18:45;39.912499999999994
L25;5;SA;18:45-19:00;42.5
L25;5;SA;19:00-19:15;44.037499999999994
L25;5;SA;19:15-19:30;44.5125
L25;5;SA;19:30-19:45;44.0125
L25;5;SA;19:45-20:00;42.6125
L25;5;SA;20:00-20:15;40.400000000000006
L25;5;SA;20:15-20:30;37.6875
L25;5;SA;20:30-20:45;34.8
L25;5;SA;20:45-21:00;32.075
L25;5;SA;21:00-21:15;29.762500000000003
L25;5;SA;21:15-21:30;27.862499999999997
L25;5;SA;21:30-21:45;26.2625
L25;5;SA;21:45-22:00;24.9
L25;5;SA;22:00-22:15;23.65
L25;5;SA;22:15-22:30;22.5125
L25;5;SA;22:30-22:45;21.4375
L25;5;SA;22:45-23:00;20.375
L25;5;SA;23:00-23:15;19.3125
L25;5;SA;23:15-23:30;18.299999999999997
L25;5;SA;23:30-23:45;17.3625
L25;5;SA;23:45-00:00;16.549999999999997
L25;5;FT;00:00-00:15;15.925
L25;5;FT;00:15-00:30;15.412500000000001
L25;5;FT;00:30-00:45;15.024999999999999
L25;5;FT;00:45-01:00;14.7
L25;5;FT;01:00-01:15;14.425
L25;5;FT;01:15-01:30;14.175
L25;5;FT;01:30-01:45;13.962499999999999
L25;5;FT;01:45-02:00;13.775
L25;5;FT;02:00-02:15;13.625
L25;5;FT;02:15-02:30;13.5
L25;5;FT;02:30-02:45;13.399999999999999
L25;5;FT;02:45-03:00;13.325
L25;5;FT;03:00-03:15;13.25
L25;5;FT;03:15-03:30;13.1875
L25;5;FT;03:30-03:45;13.15
L25;5;FT;03:45-04:00;13.0875
L25;5;FT;04:00-04:15;13.0125
L25;5;FT;04:15-04:30;12.962499999999999
L25;5;FT;04:30-04:45;12.975
L25;5;FT;04:45-05:00;13.0875
L25;5;FT;05:00-05:15;13.3375
L25;5;FT;05:15-05:30;13.8
L25;5;FT;05:30-05:45;14.5375
L25;5;FT;05:45-06:00;15.625
L25;5;FT;06:00-06:15;17.1375
L25;5;FT;06:15-06:30;19.125
L25;5;FT;06:30-06:45;21.65
L25;5;FT;06:45-07:00;24.775
L25;5;FT;07:00-07:15;28.5125
L25;5;FT;07:15-07:30;32.625
L25;5;FT;07:30-07:45;36.85
L25;5;FT;07:45-08:00;40.8625
L25;5;FT;08:00-08:15;44.425
L25;5;FT;08:15-08:30;47.1875
L25;5;FT;08:30-08:45;48.9
L25;5;FT;08:45-09:00;49.2125
L25;5;FT;09:00-09:15;48
L25;5;FT;09:15-09:30;45.650000000000006
L25;5;FT;09:30-09:45;42.7
L25;5;FT;09:45-10:00;39.7125
L25;5;FT;10:00-10:15;37.1625
L25;5;FT;10:15-10:30;35.25
L25;5;FT;10:30-10:45;34.162499999999994
L25;5;FT;10:45-11:00;34.037499999999994
L25;5;FT;11:00-11:15;34.9125
L25;5;FT;11:15-11:30;36.2375
L25;5;FT;11:30-11:45;37.325
L25;5;FT;11:45-12:00;37.525
L25;5;FT;12:00-12:15;36.325
L25;5;FT;12:15-12:30;34.175
L25;5;FT;12:30-12:45;31.625
L25;5;FT;12:45-13:00;29.3
L25;5;FT;13:00-13:15;27.6625
L25;5;FT;13:15-13:30;26.6625
L25;5;FT;13:30-13:45;26.0625
L25;5;FT;13:45-14:00;25.700000000000003
L25;5;FT;14:00-14:15;25.3875
L25;5;FT;14:15-14:30;25.1125
L25;5;FT;14:30-14:45;24.8625
L25;5;FT;14:45-15:00;24.6625
L25;5;FT;15:00-15:15;24.5
L25;5;FT;15:15-15:30;24.35
L25;5;FT;15:30-15:45;24.225
L25;5;FT;15:45-16:00;24.0875
L25;5;FT;16:00-16:15;23.950000000000003
L25;5;FT;16:15-16:30;23.925
L25;5;FT;16:30-16:45;24.1625
L25;5;FT;16:45-17:00;24.775
L25;5;FT;17:00-17:15;25.9125
L25;5;FT;17:15-17:30;27.6
L25;5;FT;17:30-17:45;29.875
L25;5;FT;17:45-18:00;32.7625
L25;5;FT;18:00-18:15;36.2375
L25;5;FT;18:15-18:30;39.900000000000006
L25;5;FT;18:30-18:45;43.3
L25;5;FT;18:45-19:00;45.962500000000006
L25;5;FT;19:00-19:15;47.525000000000006
L25;5;FT;19:15-19:30;47.974999999999994
L25;5;FT;19:30-19:45;47.3875
L25;5;FT;19:45-20:00;45.849999999999994
L25;5;FT;20:00-20:15;43.475
L25;5;FT;20:15-20:30;40.6
L25;5;FT;20:30-20:45;37.5625
L25;5;FT;20:45-21:00;34.7375
L25;5;FT;21:00-21:15;32.3875
L25;5;FT;21:15-21:30;30.475
L25;5;FT;21:30-21:45;28.862499999999997
L25;5;FT;21:45-22:00;27.450000000000003
L25;5;FT;22:00-22:15;26.075000000000003
L25;5;FT;22:15-22:30;24.7375
L25;5;FT;22:30-22:45;23.425
L25;5;FT;22:45-23:00;22.1125
L25;5;FT;23:00-23:15;20.8
L25;5;FT;23:15-23:30;19.525
L25;5;FT;23:30-23:45;18.3625
L25;5;FT;23:45-00:00;17.375
L25;5;WT;00:00-00:15;17.049999999999997
L25;5;WT;00:15-00:30;16.275
L25;5;WT;00:30-00:45;15.6
L25;5;WT;00:45-01:00;15.0625
L25;5;WT;01:00-01:15;14.625
L25;5;WT;01:15-01:30;14.3125
L25;5;WT;01:30-01:45;14.0625
L25;5;WT;01:45-02:00;13.8875
L25;5;WT;02:00-02:15;13.7625
L25;5;WT;02:15-02:30;13.6375
L25;5;WT;02:30-02:45;13.5375
L25;5;WT;02:45-03:00;13.4375
L25;5;WT;03:00-03:15;13.3125
L25;5;WT;03:15-03:30;13.1875
L25;5;WT;03:30-03:45;13.075
L25;5;WT;03:45-04:00;12.9625
L25;5;WT;04:00-04:15;12.9
L25;5;WT;04:15-04:30;12.8875
L25;5;WT;04:30-04:45;12.9375
L25;5;WT;04:45-05:00;13.0875
L25;5;WT;05:00-05:15;13.350000000000001
L25;5;WT;05:15-05:30;13.7625
L25;5;WT;05:30-05:45;14.3875
L25;5;WT;05:45-06:00;15.2875
L25;5;WT;06:00-06:15;16.5
L25;5;WT;06:15-06:30;18.125
L25;5;WT;06:30-06:45;20.299999999999997
L25;5;WT;06:45-07:00;23.15
L25;5;WT;07:00-07:15;26.7125
L25;5;WT;07:15-07:30;30.775000000000002
L25;5;WT;07:30-07:45;35.05
L25;5;WT;07:45-08:00;39.25
L25;5;WT;08:00-08:15;43.0625
L25;5;WT;08:15-08:30;46.125
L25;5;WT;08:30-08:45;48
L25;5;WT;08:45-09:00;48.287499999999994
L25;5;WT;09:00-09:15;46.7625
L25;5;WT;09:15-09:30;43.95
L25;5;WT;09:30-09:45;40.5875
L25;5;WT;09:45-10:00;37.3875
L25;5;WT;10:00-10:15;34.962500000000006
L25;5;WT;10:15-10:30;33.4
L25;5;WT;10:30-10:45;32.6625
L25;5;WT;10:45-11:00;32.7625
L25;5;WT;11:00-11:15;33.5875
L25;5;WT;11:15-11:30;34.662499999999994
L25;5;WT;11:30-11:45;35.5
L25;5;WT;11:45-12:00;35.537499999999994
L25;5;WT;12:00-12:15;34.45
L25;5;WT;12:15-12:30;32.5375
L25;5;WT;12:30-12:45;30.3
L25;5;WT;12:45-13:00;28.262500000000003
L25;5;WT;13:00-13:15;26.775
L25;5;WT;13:15-13:30;25.8375
L25;5;WT;13:30-13:45;25.3
L25;5;WT;13:45-14:00;25.0125
L25;5;WT;14:00-14:15;24.825
L25;5;WT;14:15-14:30;24.7375
L25;5;WT;14:30-14:45;24.700000000000003
L25;5;WT;14:45-15:00;24.6625
L25;5;WT;15:00-15:15;24.637500000000003
L25;5;WT;15:15-15:30;24.6125
L25;5;WT;15:30-15:45;24.575000000000003
L25;5;WT;15:45-16:00;24.549999999999997
L25;5;WT;16:00-16:15;24.525
L25;5;WT;16:15-16:30;24.5875
L25;5;WT;16:30-16:45;24.8375
L25;5;WT;16:45-17:00;25.3625
L25;5;WT;17:00-17:15;26.25
L25;5;WT;17:15-17:30;27.625
L25;5;WT;17:30-17:45;29.6375
L25;5;WT;17:45-18:00;32.4125
L25;5;WT;18:00-18:15;35.9875
L25;5;WT;18:15-18:30;39.8875
L25;5;WT;18:30-18:45;43.55
L25;5;WT;18:45-19:00;46.425
L25;5;WT;19:00-19:15;48.05
L25;5;WT;19:15-19:30;48.4125
L25;5;WT;19:30-19:45;47.65
L25;5;WT;19:45-20:00;45.85
L25;5;WT;20:00-20:15;43.1875
L25;5;WT;20:15-20:30;40.025
L25;5;WT;20:30-20:45;36.7625
L25;5;WT;20:45-21:00;33.8125
L25;5;WT;21:00-21:15;31.462500000000002
L25;5;WT;21:15-21:30;29.675
L25;5;WT;21:30-21:45;28.237499999999997
L25;5;WT;21:45-22:00;26.975
L25;5;WT;22:00-22:15;25.775
L25;5;WT;22:15-22:30;24.575
L25;5;WT;22:30-22:45;23.4
L25;5;WT;22:45-23:00;22.225
L25;5;WT;23:00-23:15;21.0875
L25;5;WT;23:15-23:30;19.975
L25;5;WT;23:30-23:45;18.924999999999997
L25;5;WT;23:45-00:00;17.95
L25;6;SA;00:00-00:15;16.8
L25;6;SA;00:15-00:30;16.4
L25;6;SA;00:30-00:45;16.075
L25;6;SA;00:45-01:00;15.75
L25;6;SA;01:00-01:15;15.35
L25;6;SA;01:15-01:30;14.925
L25;6;SA;01:30-01:45;14.5
L25;6;SA;01:45-02:00;14.125
L25;6;SA;02:00-02:15;13.8
L25;6;SA;02:15-02:30;13.55
L25;6;SA;02:30-02:45;13.35
L25;6;SA;02:45-03:00;13.2
L25;6;SA;03:00-03:15;13.075
L25;6;SA;03:15-03:30;12.95
L25;6;SA;03:30-03:45;12.85
L25;6;SA;03:45-04:00;12.725
L25;6;SA;04:00-04:15;12.625
L25;6;SA;04:15-04:30;12.55
L25;6;SA;04:30-04:45;12.5
L25;6;SA;04:45-05:00;12.5
L25;6;SA;05:00-05:15;12.575
L25;6;SA;05:15-05:30;12.725
L25;6;SA;05:30-05:45;12.925
L25;6;SA;05:45-06:00;13.2
L25;6;SA;06:00-06:15;13.6
L25;6;SA;06:15-06:30;14.3
L25;6;SA;06:30-06:45;15.55
L25;6;SA;06:45-07:00;17.6
L25;6;SA;07:00-07:15;20.6
L25;6;SA;07:15-07:30;24.35
L25;6;SA;07:30-07:45;28.55
L25;6;SA;07:45-08:00;32.875
L25;6;SA;08:00-08:15;37.05
L25;6;SA;08:15-08:30;40.7
L25;6;SA;08:30-08:45;43.45
L25;6;SA;08:45-09:00;44.925
L25;6;SA;09:00-09:15;44.9
L25;6;SA;09:15-09:30;43.725
L25;6;SA;09:30-09:45;41.8
L25;6;SA;09:45-10:00;39.6
L25;6;SA;10:00-10:15;37.525
L25;6;SA;10:15-10:30;35.85
L25;6;SA;10:30-10:45;34.775
L25;6;SA;10:45-11:00;34.5
L25;6;SA;11:00-11:15;35.1
L25;6;SA;11:15-11:30;36.1
L25;6;SA;11:30-11:45;36.875
L25;6;SA;11:45-12:00;36.825
L25;6;SA;12:00-12:15;35.5
L25;6;SA;12:15-12:30;33.275
L25;6;SA;12:30-12:45;30.675
L25;6;SA;12:45-13:00;28.25
L25;6;SA;13:00-13:15;26.425
L25;6;SA;13:15-13:30;25.15
L25;6;SA;13:30-13:45;24.2
L25;6;SA;13:45-14:00;23.4
L25;6;SA;14:00-14:15;22.575
L25;6;SA;14:15-14:30;21.775
L25;6;SA;14:30-14:45;21.1
L25;6;SA;14:45-15:00;20.6
L25;6;SA;15:00-15:15;20.375
L25;6;SA;15:15-15:30;20.325
L25;6;SA;15:30-15:45;20.35
L25;6;SA;15:45-16:00;20.375
L25;6;SA;16:00-16:15;20.325
L25;6;SA;16:15-16:30;20.325
L25;6;SA;16:30-16:45;20.45
L25;6;SA;16:45-17:00;20.85
L25;6;SA;17:00-17:15;21.65
L25;6;SA;17:15-17:30;22.925
L25;6;SA;17:30-17:45;24.8
L25;6;SA;17:45-18:00;27.325
L25;6;SA;18:00-18:15;30.525
L25;6;SA;18:15-18:30;33.95
L25;6;SA;18:30-18:45;37.15
L25;6;SA;18:45-19:00;39.6
L25;6;SA;19:00-19:15;40.9
L25;6;SA;19:15-19:30;41.1
L25;6;SA;19:30-19:45;40.375
L25;6;SA;19:45-20:00;38.9
L25;6;SA;20:00-20:15;36.85
L25;6;SA;20:15-20:30;34.45
L25;6;SA;20:30-20:45;31.975
L25;6;SA;20:45-21:00;29.65
L25;6;SA;21:00-21:15;27.675
L25;6;SA;21:15-21:30;26.025
L25;6;SA;21:30-21:45;24.625
L25;6;SA;21:45-22:00;23.4
L25;6;SA;22:00-22:15;22.225
L25;6;SA;22:15-22:30;21.15
L25;6;SA;22:30-22:45;20.15
L25;6;SA;22:45-23:00;19.225
L25;6;SA;23:00-23:15;18.35
L25;6;SA;23:15-23:30;17.575
L25;6;SA;23:30-23:45;16.85
L25;6;SA;23:45-00:00;16.2
L25;6;FT;00:00-00:15;15.65
L25;6;FT;00:15-00:30;15.15
L25;6;FT;00:30-00:45;14.725
L25;6;FT;00:45-01:00;14.35
L25;6;FT;01:00-01:15;14.05
L25;6;FT;01:15-01:30;13.8
L25;6;FT;01:30-01:45;13.6
L25;6;FT;01:45-02:00;13.425
L25;6;FT;02:00-02:15;13.3
L25;6;FT;02:15-02:30;13.175
L25;6;FT;02:30-02:45;13.075
L25;6;FT;02:45-03:00;12.975
L25;6;FT;03:00-03:15;12.85
L25;6;FT;03:15-03:30;12.725
L25;6;FT;03:30-03:45;12.625
L25;6;FT;03:45-04:00;12.5
L25;6;FT;04:00-04:15;12.4
L25;6;FT;04:15-04:30;12.35
L25;6;FT;04:30-04:45;12.375
L25;6;FT;04:45-05:00;12.5
L25;6;FT;05:00-05:15;12.8
L25;6;FT;05:15-05:30;13.275
L25;6;FT;05:30-05:45;14
L25;6;FT;05:45-06:00;15.05
L25;6;FT;06:00-06:15;16.45
L25;6;FT;06:15-06:30;18.3
L25;6;FT;06:30-06:45;20.65
L25;6;FT;06:45-07:00;23.625
L25;6;FT;07:00-07:15;27.2
L25;6;FT;07:15-07:30;31.175
L25;6;FT;07:30-07:45;35.25
L25;6;FT;07:45-08:00;39.125
L25;6;FT;08:00-08:15;42.525
L25;6;FT;08:15-08:30;45.125
L25;6;FT;08:30-08:45;46.65
L25;6;FT;08:45-09:00;46.775
L25;6;FT;09:00-09:15;45.4
L25;6;FT;09:15-09:30;42.95
L25;6;FT;09:30-09:45;40.025
L25;6;FT;09:45-10:00;37.275
L25;6;FT;10:00-10:15;35.2
L25;6;FT;10:15-10:30;33.9
L25;6;FT;10:30-10:45;33.425
L25;6;FT;10:45-11:00;33.8
L25;6;FT;11:00-11:15;34.975
L25;6;FT;11:15-11:30;36.4
L25;6;FT;11:30-11:45;37.45
L25;6;FT;11:45-12:00;37.525
L25;6;FT;12:00-12:15;36.15
L25;6;FT;12:15-12:30;33.825
L25;6;FT;12:30-12:45;31.125
L25;6;FT;12:45-13:00;28.725
L25;6;FT;13:00-13:15;27.1
L25;6;FT;13:15-13:30;26.175
L25;6;FT;13:30-13:45;25.7
L25;6;FT;13:45-14:00;25.475
L25;6;FT;14:00-14:15;25.275
L25;6;FT;14:15-14:30;25.1
L25;6;FT;14:30-14:45;24.925
L25;6;FT;14:45-15:00;24.775
L25;6;FT;15:00-15:15;24.65
L25;6;FT;15:15-15:30;24.525
L25;6;FT;15:30-15:45;24.425
L25;6;FT;15:45-16:00;24.325
L25;6;FT;16:00-16:15;24.225
L25;6;FT;16:15-16:30;24.225
L25;6;FT;16:30-16:45;24.375
L25;6;FT;16:45-17:00;24.775
L25;6;FT;17:00-17:15;25.525
L25;6;FT;17:15-17:30;26.7
L25;6;FT;17:30-17:45;28.425
L25;6;FT;17:45-18:00;30.8
L25;6;FT;18:00-18:15;33.85
L25;6;FT;18:15-18:30;37.225
L25;6;FT;18:30-18:45;40.45
L25;6;FT;18:45-19:00;43.075
L25;6;FT;19:00-19:15;44.7
L25;6;FT;19:15-19:30;45.275
L25;6;FT;19:30-19:45;44.8
L25;6;FT;19:45-20:00;43.3
L25;6;FT;20:00-20:15;40.85
L25;6;FT;20:15-20:30;37.85
L25;6;FT;20:30-20:45;34.725
L25;6;FT;20:45-21:00;31.95
L25;6;FT;21:00-21:15;29.875
L25;6;FT;21:15-21:30;28.375
L25;6;FT;21:30-21:45;27.2
L25;6;FT;21:45-22:00;26.175
L25;6;FT;22:00-22:15;25.05
L25;6;FT;22:15-22:30;23.85
L25;6;FT;22:30-22:45;22.6
L25;6;FT;22:45-23:00;21.3
L25;6;FT;23:00-23:15;20
L25;6;FT;23:15-23:30;18.75
L25;6;FT;23:30-23:45;17.625
L25;6;FT;23:45-00:00;16.675
L25;6;WT;00:00-00:15;16.525
L25;6;WT;00:15-00:30;15.775
L25;6;WT;00:30-00:45;15.125
L25;6;WT;00:45-01:00;14.6
L25;6;WT;01:00-01:15;14.175
L25;6;WT;01:15-01:30;13.85
L25;6;WT;01:30-01:45;13.6
L25;6;WT;01:45-02:00;13.425
L25;6;WT;02:00-02:15;13.3
L25;6;WT;02:15-02:30;13.175
L25;6;WT;02:30-02:45;13.075
L25;6;WT;02:45-03:00;12.975
L25;6;WT;03:00-03:15;12.85
L25;6;WT;03:15-03:30;12.75
L25;6;WT;03:30-03:45;12.625
L25;6;WT;03:45-04:00;12.5
L25;6;WT;04:00-04:15;12.4
L25;6;WT;04:15-04:30;12.35
L25;6;WT;04:30-04:45;12.375
L25;6;WT;04:45-05:00;12.5
L25;6;WT;05:00-05:15;12.8
L25;6;WT;05:15-05:30;13.225
L25;6;WT;05:30-05:45;13.825
L25;6;WT;05:45-06:00;14.6
L25;6;WT;06:00-06:15;15.55
L25;6;WT;06:15-06:30;16.85
L25;6;WT;06:30-06:45;18.7
L25;6;WT;06:45-07:00;21.3
L25;6;WT;07:00-07:15;24.725
L25;6;WT;07:15-07:30;28.725
L25;6;WT;07:30-07:45;32.95
L25;6;WT;07:45-08:00;37.05
L25;6;WT;08:00-08:15;40.65
L25;6;WT;08:15-08:30;43.475
L25;6;WT;08:30-08:45;45.15
L25;6;WT;08:45-09:00;45.4
L25;6;WT;09:00-09:15;44.025
L25;6;WT;09:15-09:30;41.525
L25;6;WT;09:30-09:45;38.525
L25;6;WT;09:45-10:00;35.65
L25;6;WT;10:00-10:15;33.45
L25;6;WT;10:15-10:30;32.05
L25;6;WT;10:30-10:45;31.45
L25;6;WT;10:45-11:00;31.725
L25;6;WT;11:00-11:15;32.8
L25;6;WT;11:15-11:30;34.15
L25;6;WT;11:30-11:45;35.225
L25;6;WT;11:45-12:00;35.425
L25;6;WT;12:00-12:15;34.35
L25;6;WT;12:15-12:30;32.35
L25;6;WT;12:30-12:45;29.975
L25;6;WT;12:45-13:00;27.8
L25;6;WT;13:00-13:15;26.2
L25;6;WT;13:15-13:30;25.2
L25;6;WT;13:30-13:45;24.625
L25;6;WT;13:45-14:00;24.325
L25;6;WT;14:00-14:15;24.125
L25;6;WT;14:15-14:30;24.05
L25;6;WT;14:30-14:45;24.05
L25;6;WT;14:45-15:00;24.075
L25;6;WT;15:00-15:15;24.175
L25;6;WT;15:15-15:30;24.25
L25;6;WT;15:30-15:45;24.3
L25;6;WT;15:45-16:00;24.325
L25;6;WT;16:00-16:15;24.25
L25;6;WT;16:15-16:30;24.2
L25;6;WT;16:30-16:45;24.275
L25;6;WT;16:45-17:00;24.55
L25;6;WT;17:00-17:15;25.15
L25;6;WT;17:15-17:30;26.2
L25;6;WT;17:30-17:45;27.875
L25;6;WT;17:45-18:00;30.325
L25;6;WT;18:00-18:15;33.6
L25;6;WT;18:15-18:30;37.225
L25;6;WT;18:30-18:45;40.65
L25;6;WT;18:45-19:00;43.3
L25;6;WT;19:00-19:15;44.725
L25;6;WT;19:15-19:30;44.95
L25;6;WT;19:30-19:45;44.125
L25;6;WT;19:45-20:00;42.375
L25;6;WT;20:00-20:15;39.9
L25;6;WT;20:15-20:30;37.025
L25;6;WT;20:30-20:45;34.1
L25;6;WT;20:45-21:00;31.5
L25;6;WT;21:00-21:15;29.475
L25;6;WT;21:15-21:30;27.975
L25;6;WT;21:30-21:45;26.775
L25;6;WT;21:45-22:00;25.7
L25;6;WT;22:00-22:15;24.625
L25;6;WT;22:15-22:30;23.525
L25;6;WT;22:30-22:45;22.4
L25;6;WT;22:45-23:00;21.3
L25;6;WT;23:00-23:15;20.25
L25;6;WT;23:15-23:30;19.225
L25;6;WT;23:30-23:45;18.275
L25;6;WT;23:45-00:00;17.375
L25;7;SA;00:00-00:15;16.8
L25;7;SA;00:15-00:30;16.4
L25;7;SA;00:30-00:45;16.075
L25;7;SA;00:45-01:00;15.75
L25;7;SA;01:00-01:15;15.35
L25;7;SA;01:15-01:30;14.925
L25;7;SA;01:30-01:45;14.5
L25;7;SA;01:45-02:00;14.125
L25;7;SA;02:00-02:15;13.8
L25;7;SA;02:15-02:30;13.55
L25;7;SA;02:30-02:45;13.35
L25;7;SA;02:45-03:00;13.2
L25;7;SA;03:00-03:15;13.075
L25;7;SA;03:15-03:30;12.95
L25;7;SA;03:30-03:45;12.85
L25;7;SA;03:45-04:00;12.725
L25;7;SA;04:00-04:15;12.625
L25;7;SA;04:15-04:30;12.55
L25;7;SA;04:30-04:45;12.5
L25;7;SA;04:45-05:00;12.5
L25;7;SA;05:00-05:15;12.575
L25;7;SA;05:15-05:30;12.725
L25;7;SA;05:30-05:45;12.925
L25;7;SA;05:45-06:00;13.2
L25;7;SA;06:00-06:15;13.6
L25;7;SA;06:15-06:30;14.3
L25;7;SA;06:30-06:45;15.55
L25;7;SA;06:45-07:00;17.6
L25;7;SA;07:00-07:15;20.6
L25;7;SA;07:15-07:30;24.35
L25;7;SA;07:30-07:45;28.55
L25;7;SA;07:45-08:00;32.875
L25;7;SA;08:00-08:15;37.05
L25;7;SA;08:15-08:30;40.7
L25;7;SA;08:30-08:45;43.45
L25;7;SA;08:45-09:00;44.925
L25;7;SA;09:00-09:15;44.9
L25;7;SA;09:15-09:30;43.725
L25;7;SA;09:30-09:45;41.8
L25;7;SA;09:45-10:00;39.6
L25;7;SA;10:00-10:15;37.525
L25;7;SA;10:15-10:30;35.85
L25;7;SA;10:30-10:45;34.775
L25;7;SA;10:45-11:00;34.5
L25;7;SA;11:00-11:15;35.1
L25;7;SA;11:15-11:30;36.1
L25;7;SA;11:30-11:45;36.875
L25;7;SA;11:45-12:00;36.825
L25;7;SA;12:00-12:15;35.5
L25;7;SA;12:15-12:30;33.275
L25;7;SA;12:30-12:45;30.675
L25;7;SA;12:45-13:00;28.25
L25;7;SA;13:00-13:15;26.425
L25;7;SA;13:15-13:30;25.15
L25;7;SA;13:30-13:45;24.2
L25;7;SA;13:45-14:00;23.4
L25;7;SA;14:00-14:15;22.575
L25;7;SA;14:15-14:30;21.775
L25;7;SA;14:30-14:45;21.1
L25;7;SA;14:45-15:00;20.6
L25;7;SA;15:00-15:15;20.375
L25;7;SA;15:15-15:30;20.325
L25;7;SA;15:30-15:45;20.35
L25;7;SA;15:45-16:00;20.375
L25;7;SA;16:00-16:15;20.325
L25;7;SA;16:15-16:30;20.325
L25;7;SA;16:30-16:45;20.45
L25;7;SA;16:45-17:00;20.85
L25;7;SA;17:00-17:15;21.65
L25;7;SA;17:15-17:30;22.925
L25;7;SA;17:30-17:45;24.8
L25;7;SA;17:45-18:00;27.325
L25;7;SA;18:00-18:15;30.525
L25;7;SA;18:15-18:30;33.95
L25;7;SA;18:30-18:45;37.15
L25;7;SA;18:45-19:00;39.6
L25;7;SA;19:00-19:15;40.9
L25;7;SA;19:15-19:30;41.1
L25;7;SA;19:30-19:45;40.375
L25;7;SA;19:45-20:00;38.9
L25;7;SA;20:00-20:15;36.85
L25;7;SA;20:15-20:30;34.45
L25;7;SA;20:30-20:45;31.975
L25;7;SA;20:45-21:00;29.65
L25;7;SA;21:00-21:15;27.675
L25;7;SA;21:15-21:30;26.025
L25;7;SA;21:30-21:45;24.625
L25;7;SA;21:45-22:00;23.4
L25;7;SA;22:00-22:15;22.225
L25;7;SA;22:15-22:30;21.15
L25;7;SA;22:30-22:45;20.15
L25;7;SA;22:45-23:00;19.225
L25;7;SA;23:00-23:15;18.35
L25;7;SA;23:15-23:30;17.575
L25;7;SA;23:30-23:45;16.85
L25;7;SA;23:45-00:00;16.2
L25;7;FT;00:00-00:15;15.65
L25;7;FT;00:15-00:30;15.15
L25;7;FT;00:30-00:45;14.725
L25;7;FT;00:45-01:00;14.35
L25;7;FT;01:00-01:15;14.05
L25;7;FT;01:15-01:30;13.8
L25;7;FT;01:30-01:45;13.6
L25;7;FT;01:45-02:00;13.425
L25;7;FT;02:00-02:15;13.3
L25;7;FT;02:15-02:30;13.175
L25;7;FT;02:30-02:45;13.075
L25;7;FT;02:45-03:00;12.975
L25;7;FT;03:00-03:15;12.85
L25;7;FT;03:15-03:30;12.725
L25;7;FT;03:30-03:45;12.625
L25;7;FT;03:45-04:00;12.5
L25;7;FT;04:00-04:15;12.4
L25;7;FT;04:15-04:30;12.35
L25;7;FT;04:30-04:45;12.375
L25;7;FT;04:45-05:00;12.5
L25;7;FT;05:00-05:15;12.8
L25;7;FT;05:15-05:30;13.275
L25;7;FT;05:30-05:45;14
L25;7;FT;05:45-06:00;15.05
L25;7;FT;06:00-06:15;16.45
L25;7;FT;06:15-06:30;18.3
L25;7;FT;06:30-06:45;20.65
L25;7;FT;06:45-07:00;23.625
L25;7;FT;07:00-07:15;27.2
L25;7;FT;07:15-07:30;31.175
L25;7;FT;07:30-07:45;35.25
L25;7;FT;07:45-08:00;39.125
L25;7;FT;08:00-08:15;42.525
L25;7;FT;08:15-08:30;45.125
L25;7;FT;08:30-08:45;46.65
L25;7;FT;08:45-09:00;46.775
L25;7;FT;09:00-09:15;45.4
L25;7;FT;09:15-09:30;42.95
L25;7;FT;09:30-09:45;40.025
L25;7;FT;09:45-10:00;37.275
L25;7;FT;10:00-10:15;35.2
L25;7;FT;10:15-10:30;33.9
L25;7;FT;10:30-10:45;33.425
L25;7;FT;10:45-11:00;33.8
L25;7;FT;11:00-11:15;34.975
L25;7;FT;11:15-11:30;36.4
L25;7;FT;11:30-11:45;37.45
L25;7;FT;11:45-12:00;37.525
L25;7;FT;12:00-12:15;36.15
L25;7;FT;12:15-12:30;33.825
L25;7;FT;12:30-12:45;31.125
L25;7;FT;12:45-13:00;28.725
L25;7;FT;13:00-13:15;27.1
L25;7;FT;13:15-13:30;26.175
L25;7;FT;13:30-13:45;25.7
L25;7;FT;13:45-14:00;25.475
L25;7;FT;14:00-14:15;25.275
L25;7;FT;14:15-14:30;25.1
L25;7;FT;14:30-14:45;24.925
L25;7;FT;14:45-15:00;24.775
L25;7;FT;15:00-15:15;24.65
L25;7;FT;15:15-15:30;24.525
L25;7;FT;15:30-15:45;24.425
L25;7;FT;15:45-16:00;24.325
L25;7;FT;16:00-16:15;24.225
L25;7;FT;16:15-16:30;24.225
L25;7;FT;16:30-16:45;24.375
L25;7;FT;16:45-17:00;24.775
L25;7;FT;17:00-17:15;25.525
L25;7;FT;17:15-17:30;26.7
L25;7;FT;17:30-17:45;28.425
L25;7;FT;17:45-18:00;30.8
L25;7;FT;18:00-18:15;33.85
L25;7;FT;18:15-18:30;37.225
L25;7;FT;18:30-18:45;40.45
L25;7;FT;18:45-19:00;43.075
L25;7;FT;19:00-19:15;44.7
L25;7;FT;19:15-19:30;45.275
L25;7;FT;19:30-19:45;44.8
L25;7;FT;19:45-20:00;43.3
L25;7;FT;20:00-20:15;40.85
L25;7;FT;20:15-20:30;37.85
L25;7;FT;20:30-20:45;34.725
L25;7;FT;20:45-21:00;31.95
L25;7;FT;21:00-21:15;29.875
L25;7;FT;21:15-21:30;28.375
L25;7;FT;21:30-21:45;27.2
L25;7;FT;21:45-22:00;26.175
L25;7;FT;22:00-22:15;25.05
L25;7;FT;22:15-22:30;23.85
L25;7;FT;22:30-22:45;22.6
L25;7;FT;22:45-23:00;21.3
L25;7;FT;23:00-23:15;20
L25;7;FT;23:15-23:30;18.75
L25;7;FT;23:30-23:45;17.625
L25;7;FT;23:45-00:00;16.675
L25;7;WT;00:00-00:15;16.525
L25;7;WT;00:15-00:30;15.775
L25;7;WT;00:30-00:45;15.125
L25;7;WT;00:45-01:00;14.6
L25;7;WT;01:00-01:15;14.175
L25;7;WT;01:15-01:30;13.85
L25;7;WT;01:30-01:45;13.6
L25;7;WT;01:45-02:00;13.425
L25;7;WT;02:00-02:15;13.3
L25;7;WT;02:15-02:30;13.175
L25;7;WT;02:30-02:45;13.075
L25;7;WT;02:45-03:00;12.975
L25;7;WT;03:00-03:15;12.85
L25;7;WT;03:15-03:30;12.75
L25;7;WT;03:30-03:45;12.625
L25;7;WT;03:45-04:00;12.5
L25;7;WT;04:00-04:15;12.4
L25;7;WT;04:15-04:30;12.35
L25;7;WT;04:30-04:45;12.375
L25;7;WT;04:45-05:00;12.5
L25;7;WT;05:00-05:15;12.8
L25;7;WT;05:15-05:30;13.225
L25;7;WT;05:30-05:45;13.825
L25;7;WT;05:45-06:00;14.6
L25;7;WT;06:00-06:15;15.55
L25;7;WT;06:15-06:30;16.85
L25;7;WT;06:30-06:45;18.7
L25;7;WT;06:45-07:00;21.3
L25;7;WT;07:00-07:15;24.725
L25;7;WT;07:15-07:30;28.725
L25;7;WT;07:30-07:45;32.95
L25;7;WT;07:45-08:00;37.05
L25;7;WT;08:00-08:15;40.65
L25;7;WT;08:15-08:30;43.475
L25;7;WT;08:30-08:45;45.15
L25;7;WT;08:45-09:00;45.4
L25;7;WT;09:00-09:15;44.025
L25;7;WT;09:15-09:30;41.525
L25;7;WT;09:30-09:45;38.525
L25;7;WT;09:45-10:00;35.65
L25;7;WT;10:00-10:15;33.45
L25;7;WT;10:15-10:30;32.05
L25;7;WT;10:30-10:45;31.45
L25;7;WT;10:45-11:00;31.725
L25;7;WT;11:00-11:15;32.8
L25;7;WT;11:15-11:30;34.15
L25;7;WT;11:30-11:45;35.225
L25;7;WT;11:45-12:00;35.425
L25;7;WT;12:00-12:15;34.35
L25;7;WT;12:15-12:30;32.35
L25;7;WT;12:30-12:45;29.975
L25;7;WT;12:45-13:00;27.8
L25;7;WT;13:00-13:15;26.2
L25;7;WT;13:15-13:30;25.2
L25;7;WT;13:30-13:45;24.625
L25;7;WT;13:45-14:00;24.325
L25;7;WT;14:00-14:15;24.125
L25;7;WT;14:15-14:30;24.05
L25;7;WT;14:30-14:45;24.05
L25;7;WT;14:45-15:00;24.075
L25;7;WT;15:00-15:15;24.175
L25;7;WT;15:15-15:30;24.25
L25;7;WT;15:30-15:45;24.3
L25;7;WT;15:45-16:00;24.325
L25;7;WT;16:00-16:15;24.25
L25;7;WT;16:15-16:30;24.2
L25;7;WT;16:30-16:45;24.275
L25;7;WT;16:45-17:00;24.55
L25;7;WT;17:00-17:15;25.15
L25;7;WT;17:15-17:30;26.2
L25;7;WT;17:30-17:45;27.875
L25;7;WT;17:45-18:00;30.325
L25;7;WT;18:00-18:15;33.6
L25;7;WT;18:15-18:30;37.225
L25;7;WT;18:30-18:45;40.65
L25;7;WT;18:45-19:00;43.3
L25;7;WT;19:00-19:15;44.725
L25;7;WT;19:15-19:30;44.95
L25;7;WT;19:30-19:45;44.125
L25;7;WT;19:45-20:00;42.375
L25;7;WT;20:00-20:15;39.9
L25;7;WT;20:15-20:30;37.025
L25;7;WT;20:30-20:45;34.1
L25;7;WT;20:45-21:00;31.5
L25;7;WT;21:00-21:15;29.475
L25;7;WT;21:15-21:30;27.975
L25;7;WT;21:30-21:45;26.775
L25;7;WT;21:45-22:00;25.7
L25;7;WT;22:00-22:15;24.625
L25;7;WT;22:15-22:30;23.525
L25;7;WT;22:30-22:45;22.4
L25;7;WT;22:45-23:00;21.3
L25;7;WT;23:00-23:15;20.25
L25;7;WT;23:15-23:30;19.225
L25;7;WT;23:30-23:45;18.275
L25;7;WT;23:45-00:00;17.375
L25;8;SA;00:00-00:15;16.8
L25;8;SA;00:15-00:30;16.4
L25;8;SA;00:30-00:45;16.075
L25;8;SA;00:45-01:00;15.75
L25;8;SA;01:00-01:15;15.35
L25;8;SA;01:15-01:30;14.925
L25;8;SA;01:30-01:45;14.5
L25;8;SA;01:45-02:00;14.125
L25;8;SA;02:00-02:15;13.8
L25;8;SA;02:15-02:30;13.55
L25;8;SA;02:30-02:45;13.35
L25;8;SA;02:45-03:00;13.2
L25;8;SA;03:00-03:15;13.075
L25;8;SA;03:15-03:30;12.95
L25;8;SA;03:30-03:45;12.85
L25;8;SA;03:45-04:00;12.725
L25;8;SA;04:00-04:15;12.625
L25;8;SA;04:15-04:30;12.55
L25;8;SA;04:30-04:45;12.5
L25;8;SA;04:45-05:00;12.5
L25;8;SA;05:00-05:15;12.575
L25;8;SA;05:15-05:30;12.725
L25;8;SA;05:30-05:45;12.925
L25;8;SA;05:45-06:00;13.2
L25;8;SA;06:00-06:15;13.6
L25;8;SA;06:15-06:30;14.3
L25;8;SA;06:30-06:45;15.55
L25;8;SA;06:45-07:00;17.6
L25;8;SA;07:00-07:15;20.6
L25;8;SA;07:15-07:30;24.35
L25;8;SA;07:30-07:45;28.55
L25;8;SA;07:45-08:00;32.875
L25;8;SA;08:00-08:15;37.05
L25;8;SA;08:15-08:30;40.7
L25;8;SA;08:30-08:45;43.45
L25;8;SA;08:45-09:00;44.925
L25;8;SA;09:00-09:15;44.9
L25;8;SA;09:15-09:30;43.725
L25;8;SA;09:30-09:45;41.8
L25;8;SA;09:45-10:00;39.6
L25;8;SA;10:00-10:15;37.525
L25;8;SA;10:15-10:30;35.85
L25;8;SA;10:30-10:45;34.775
L25;8;SA;10:45-11:00;34.5
L25;8;SA;11:00-11:15;35.1
L25;8;SA;11:15-11:30;36.1
L25;8;SA;11:30-11:45;36.875
L25;8;SA;11:45-12:00;36.825
L25;8;SA;12:00-12:15;35.5
L25;8;SA;12:15-12:30;33.275
L25;8;SA;12:30-12:45;30.675
L25;8;SA;12:45-13:00;28.25
L25;8;SA;13:00-13:15;26.425
L25;8;SA;13:15-13:30;25.15
L25;8;SA;13:30-13:45;24.2
L25;8;SA;13:45-14:00;23.4
L25;8;SA;14:00-14:15;22.575
L25;8;SA;14:15-14:30;21.775
L25;8;SA;14:30-14:45;21.1
L25;8;SA;14:45-15:00;20.6
L25;8;SA;15:00-15:15;20.375
L25;8;SA;15:15-15:30;20.325
L25;8;SA;15:30-15:45;20.35
L25;8;SA;15:45-16:00;20.375
L25;8;SA;16:00-16:15;20.325
L25;8;SA;16:15-16:30;20.325
L25;8;SA;16:30-16:45;20.45
L25;8;SA;16:45-17:00;20.85
L25;8;SA;17:00-17:15;21.65
L25;8;SA;17:15-17:30;22.925
L25;8;SA;17:30-17:45;24.8
L25;8;SA;17:45-18:00;27.325
L25;8;SA;18:00-18:15;30.525
L25;8;SA;18:15-18:30;33.95
L25;8;SA;18:30-18:45;37.15
L25;8;SA;18:45-19:00;39.6
L25;8;SA;19:00-19:15;40.9
L25;8;SA;19:15-19:30;41.1
L25;8;SA;19:30-19:45;40.375
L25;8;SA;19:45-20:00;38.9
L25;8;SA;20:00-20:15;36.85
L25;8;SA;20:15-20:30;34.45
L25;8;SA;20:30-20:45;31.975
L25;8;SA;20:45-21:00;29.65
L25;8;SA;21:00-21:15;27.675
L25;8;SA;21:15-21:30;26.025
L25;8;SA;21:30-21:45;24.625
L25;8;SA;21:45-22:00;23.4
L25;8;SA;22:00-22:15;22.225
L25;8;SA;22:15-22:30;21.15
L25;8;SA;22:30-22:45;20.15
L25;8;SA;22:45-23:00;19.225
L25;8;SA;23:00-23:15;18.35
L25;8;SA;23:15-23:30;17.575
L25;8;SA;23:30-23:45;16.85
L25;8;SA;23:45-00:00;16.2
L25;8;FT;00:00-00:15;15.65
L25;8;FT;00:15-00:30;15.15
L25;8;FT;00:30-00:45;14.725
L25;8;FT;00:45-01:00;14.35
L25;8;FT;01:00-01:15;14.05
L25;8;FT;01:15-01:30;13.8
L25;8;FT;01:30-01:45;13.6
L25;8;FT;01:45-02:00;13.425
L25;8;FT;02:00-02:15;13.3
L25;8;FT;02:15-02:30;13.175
L25;8;FT;02:30-02:45;13.075
L25;8;FT;02:45-03:00;12.975
L25;8;FT;03:00-03:15;12.85
L25;8;FT;03:15-03:30;12.725
L25;8;FT;03:30-03:45;12.625
L25;8;FT;03:45-04:00;12.5
L25;8;FT;04:00-04:15;12.4
L25;8;FT;04:15-04:30;12.35
L25;8;FT;04:30-04:45;12.375
L25;8;FT;04:45-05:00;12.5
L25;8;FT;05:00-05:15;12.8
L25;8;FT;05:15-05:30;13.275
L25;8;FT;05:30-05:45;14
L25;8;FT;05:45-06:00;15.05
L25;8;FT;06:00-06:15;16.45
L25;8;FT;06:15-06:30;18.3
L25;8;FT;06:30-06:45;20.65
L25;8;FT;06:45-07:00;23.625
L25;8;FT;07:00-07:15;27.2
L25;8;FT;07:15-07:30;31.175
L25;8;FT;07:30-07:45;35.25
L25;8;FT;07:45-08:00;39.125
L25;8;FT;08:00-08:15;42.525
L25;8;FT;08:15-08:30;45.125
L25;8;FT;08:30-08:45;46.65
L25;8;FT;08:45-09:00;46.775
L25;8;FT;09:00-09:15;45.4
L25;8;FT;09:15-09:30;42.95
L25;8;FT;09:30-09:45;40.025
L25;8;FT;09:45-10:00;37.275
L25;8;FT;10:00-10:15;35.2
L25;8;FT;10:15-10:30;33.9
L25;8;FT;10:30-10:45;33.425
L25;8;FT;10:45-11:00;33.8
L25;8;FT;11:00-11:15;34.975
L25;8;FT;11:15-11:30;36.4
L25;8;FT;11:30-11:45;37.45
L25;8;FT;11:45-12:00;37.525
L25;8;FT;12:00-12:15;36.15
L25;8;FT;12:15-12:30;33.825
L25;8;FT;12:30-12:45;31.125
L25;8;FT;12:45-13:00;28.725
L25;8;FT;13:00-13:15;27.1
L25;8;FT;13:15-13:30;26.175
L25;8;FT;13:30-13:45;25.7
L25;8;FT;13:45-14:00;25.475
L25;8;FT;14:00-14:15;25.275
L25;8;FT;14:15-14:30;25.1
L25;8;FT;14:30-14:45;24.925
L25;8;FT;14:45-15:00;24.775
L25;8;FT;15:00-15:15;24.65
L25;8;FT;15:15-15:30;24.525
L25;8;FT;15:30-15:45;24.425
L25;8;FT;15:45-16:00;24.325
L25;8;FT;16:00-16:15;24.225
L25;8;FT;16:15-16:30;24.225
L25;8;FT;16:30-16:45;24.375
L25;8;FT;16:45-17:00;24.775
L25;8;FT;17:00-17:15;25.525
L25;8;FT;17:15-17:30;26.7
L25;8;FT;17:30-17:45;28.425
L25;8;FT;17:45-18:00;30.8
L25;8;FT;18:00-18:15;33.85
L25;8;FT;18:15-18:30;37.225
L25;8;FT;18:30-18:45;40.45
L25;8;FT;18:45-19:00;43.075
L25;8;FT;19:00-19:15;44.7
L25;8;FT;19:15-19:30;45.275
L25;8;FT;19:30-19:45;44.8
L25;8;FT;19:45-20:00;43.3
L25;8;FT;20:00-20:15;40.85
L25;8;FT;20:15-20:30;37.85
L25;8;FT;20:30-20:45;34.725
L25;8;FT;20:45-21:00;31.95
L25;8;FT;21:00-21:15;29.875
L25;8;FT;21:15-21:30;28.375
L25;8;FT;21:30-21:45;27.2
L25;8;FT;21:45-22:00;26.175
L25;8;FT;22:00-22:15;25.05
L25;8;FT;22:15-22:30;23.85
L25;8;FT;22:30-22:45;22.6
L25;8;FT;22:45-23:00;21.3
L25;8;FT;23:00-23:15;20
L25;8;FT;23:15-23:30;18.75
L25;8;FT;23:30-23:45;17.625
L25;8;FT;23:45-00:00;16.675
L25;8;WT;00:00-00:15;16.525
L25;8;WT;00:15-00:30;15.775
L25;8;WT;00:30-00:45;15.125
L25;8;WT;00:45-01:00;14.6
L25;8;WT;01:00-01:15;14.175
L25;8;WT;01:15-01:30;13.85
L25;8;WT;01:30-01:45;13.6
L25;8;WT;01:45-02:00;13.425
L25;8;WT;02:00-02:15;13.3
L25;8;WT;02:15-02:30;13.175
L25;8;WT;02:30-02:45;13.075
L25;8;WT;02:45-03:00;12.975
L25;8;WT;03:00-03:15;12.85
L25;8;WT;03:15-03:30;12.75
L25;8;WT;03:30-03:45;12.625
L25;8;WT;03:45-04:00;12.5
L25;8;WT;04:00-04:15;12.4
L25;8;WT;04:15-04:30;12.35
L25;8;WT;04:30-04:45;12.375
L25;8;WT;04:45-05:00;12.5
L25;8;WT;05:00-05:15;12.8
L25;8;WT;05:15-05:30;13.225
L25;8;WT;05:30-05:45;13.825
L25;8;WT;05:45-06:00;14.6
L25;8;WT;06:00-06:15;15.55
L25;8;WT;06:15-06:30;16.85
L25;8;WT;06:30-06:45;18.7
L25;8;WT;06:45-07:00;21.3
L25;8;WT;07:00-07:15;24.725
L25;8;WT;07:15-07:30;28.725
L25;8;WT;07:30-07:45;32.95
L25;8;WT;07:45-08:00;37.05
L25;8;WT;08:00-08:15;40.65
L25;8;WT;08:15-08:30;43.475
L25;8;WT;08:30-08:45;45.15
L25;8;WT;08:45-09:00;45.4
L25;8;WT;09:00-09:15;44.025
L25;8;WT;09:15-09:30;41.525
L25;8;WT;09:30-09:45;38.525
L25;8;WT;09:45-10:00;35.65
L25;8;WT;10:00-10:15;33.45
L25;8;WT;10:15-10:30;32.05
L25;8;WT;10:30-10:45;31.45
L25;8;WT;10:45-11:00;31.725
L25;8;WT;11:00-11:15;32.8
L25;8;WT;11:15-11:30;34.15
L25;8;WT;11:30-11:45;35.225
L25;8;WT;11:45-12:00;35.425
L25;8;WT;12:00-12:15;34.35
L25;8;WT;12:15-12:30;32.35
L25;8;WT;12:30-12:45;29.975
L25;8;WT;12:45-13:00;27.8
L25;8;WT;13:00-13:15;26.2
L25;8;WT;13:15-13:30;25.2
L25;8;WT;13:30-13:45;24.625
L25;8;WT;13:45-14:00;24.325
L25;8;WT;14:00-14:15;24.125
L25;8;WT;14:15-14:30;24.05
L25;8;WT;14:30-14:45;24.05
L25;8;WT;14:45-15:00;24.075
L25;8;WT;15:00-15:15;24.175
L25;8;WT;15:15-15:30;24.25
L25;8;WT;15:30-15:45;24.3
L25;8;WT;15:45-16:00;24.325
L25;8;WT;16:00-16:15;24.25
L25;8;WT;16:15-16:30;24.2
L25;8;WT;16:30-16:45;24.275
L25;8;WT;16:45-17:00;24.55
L25;8;WT;17:00-17:15;25.15
L25;8;WT;17:15-17:30;26.2
L25;8;WT;17:30-17:45;27.875
L25;8;WT;17:45-18:00;30.325
L25;8;WT;18:00-18:15;33.6
L25;8;WT;18:15-18:30;37.225
L25;8;WT;18:30-18:45;40.65
L25;8;WT;18:45-19:00;43.3
L25;8;WT;19:00-19:15;44.725
L25;8;WT;19:15-19:30;44.95
L25;8;WT;19:30-19:45;44.125
L25;8;WT;19:45-20:00;42.375
L25;8;WT;20:00-20:15;39.9
L25;8;WT;20:15-20:30;37.025
L25;8;WT;20:30-20:45;34.1
L25;8;WT;20:45-21:00;31.5
L25;8;WT;21:00-21:15;29.475
L25;8;WT;21:15-21:30;27.975
L25;8;WT;21:30-21:45;26.775
L25;8;WT;21:45-22:00;25.7
L25;8;WT;22:00-22:15;24.625
L25;8;WT;22:15-22:30;23.525
L25;8;WT;22:30-22:45;22.4
L25;8;WT;22:45-23:00;21.3
L25;8;WT;23:00-23:15;20.25
L25;8;WT;23:15-23:30;19.225
L25;8;WT;23:30-23:45;18.275
L25;8;WT;23:45-00:00;17.375
L25;9;SA;00:00-00:15;17.325000000000003
L25;9;SA;00:15-00:30;16.875
L25;9;SA;00:30-00:45;16.5375
L25;9;SA;00:45-01:00;16.2125
L25;9;SA;01:00-01:15;15.837499999999999
L25;9;SA;01:15-01:30;15.45
L25;9;SA;01:30-01:45;15.05
L25;9;SA;01:45-02:00;14.7
L25;9;SA;02:00-02:15;14.4
L25;9;SA;02:15-02:30;14.162500000000001
L25;9;SA;02:30-02:45;13.962499999999999
L25;9;SA;02:45-03:00;13.774999999999999
L25;9;SA;03:00-03:15;13.6125
L25;9;SA;03:15-03:30;13.4375
L25;9;SA;03:30-03:45;13.3125
L25;9;SA;03:45-04:00;13.2
L25;9;SA;04:00-04:15;13.1375
L25;9;SA;04:15-04:30;13.1125
L25;9;SA;04:30-04:45;13.1375
L25;9;SA;04:45-05:00;13.2
L25;9;SA;05:00-05:15;13.3
L25;9;SA;05:15-05:30;13.4375
L25;9;SA;05:30-05:45;13.6375
L25;9;SA;05:45-06:00;13.899999999999999
L25;9;SA;06:00-06:15;14.2875
L25;9;SA;06:15-06:30;15.0125
L25;9;SA;06:30-06:45;16.375
L25;9;SA;06:45-07:00;18.637500000000003
L25;9;SA;07:00-07:15;21.975
L25;9;SA;07:15-07:30;26.125
L25;9;SA;07:30-07:45;30.700000000000003
L25;9;SA;07:45-08:00;35.3125
L25;9;SA;08:00-08:15;39.599999999999994
L25;9;SA;08:15-08:30;43.25
L25;9;SA;08:30-08:45;45.9375
L25;9;SA;08:45-09:00;47.3625
L25;9;SA;09:00-09:15;47.3125
L25;9;SA;09:15-09:30;46.125
L25;9;SA;09:30-09:45;44.175
L25;9;SA;09:45-10:00;41.9125
L25;9;SA;10:00-10:15;39.7125
L25;9;SA;10:15-10:30;37.875
L25;9;SA;10:30-10:45;36.6375
L25;9;SA;10:45-11:00;36.2375
L25;9;SA;11:00-11:15;36.7875
L25;9;SA;11:15-11:30;37.7875
L25;9;SA;11:30-11:45;38.6
L25;9;SA;11:45-12:00;38.5625
L25;9;SA;12:00-12:15;37.225
L25;9;SA;12:15-12:30;34.974999999999994
L25;9;SA;12:30-12:45;32.325
L25;9;SA;12:45-13:00;29.875
L25;9;SA;13:00-13:15;28.025
L25;9;SA;13:15-13:30;26.7125
L25;9;SA;13:30-13:45;25.7
L25;9;SA;13:45-14:00;24.7875
L25;9;SA;14:00-14:15;23.7875
L25;9;SA;14:15-14:30;22.799999999999997
L25;9;SA;14:30-14:45;21.9375
L25;9;SA;14:45-15:00;21.3
L25;9;SA;15:00-15:15;21.0125
L25;9;SA;15:15-15:30;20.95
L25;9;SA;15:30-15:45;21.012500000000003
L25;9;SA;15:45-16:00;21.075
L25;9;SA;16:00-16:15;21.049999999999997
L25;9;SA;16:15-16:30;21.075
L25;9;SA;16:30-16:45;21.2875
L25;9;SA;16:45-17:00;21.887500000000003
L25;9;SA;17:00-17:15;23
L25;9;SA;17:15-17:30;24.675
L25;9;SA;17:30-17:45;26.925
L25;9;SA;17:45-18:00;29.762500000000003
L25;9;SA;18:00-18:15;33.125
L25;9;SA;18:15-18:30;36.6375
L25;9;SA;18:30-18:45;39.912499999999994
L25;9;SA;18:45-19:00;42.5
L25;9;SA;19:00-19:15;44.037499999999994
L25;9;SA;19:15-19:30;44.5125
L25;9;SA;19:30-19:45;44.0125
L25;9;SA;19:45-20:00;42.6125
L25;9;SA;20:00-20:15;40.400000000000006
L25;9;SA;20:15-20:30;37.6875
L25;9;SA;20:30-20:45;34.8
L25;9;SA;20:45-21:00;32.075
L25;9;SA;21:00-21:15;29.762500000000003
L25;9;SA;21:15-21:30;27.862499999999997
L25;9;SA;21:30-21:45;26.2625
L25;9;SA;21:45-22:00;24.9
L25;9;SA;22:00-22:15;23.65
L25;9;SA;22:15-22:30;22.5125
L25;9;SA;22:30-22:45;21.4375
L25;9;SA;22:45-23:00;20.375
L25;9;SA;23:00-23:15;19.3125
L25;9;SA;23:15-23:30;18.299999999999997
L25;9;SA;23:30-23:45;17.3625
L25;9;SA;23:45-00:00;16.549999999999997
L25;9;FT;00:00-00:15;15.925
L25;9;FT;00:15-00:30;15.412500000000001
L25;9;FT;00:30-00:45;15.024999999999999
L25;9;FT;00:45-01:00;14.7
L25;9;FT;01:00-01:15;14.425
L25;9;FT;01:15-01:30;14.175
L25;9;FT;01:30-01:45;13.962499999999999
L25;9;FT;01:45-02:00;13.775
L25;9;FT;02:00-02:15;13.625
L25;9;FT;02:15-02:30;13.5
L25;9;FT;02:30-02:45;13.399999999999999
L25;9;FT;02:45-03:00;13.325
L25;9;FT;03:00-03:15;13.25
L25;9;FT;03:15-03:30;13.1875
L25;9;FT;03:30-03:45;13.15
L25;9;FT;03:45-04:00;13.0875
L25;9;FT;04:00-04:15;13.0125
L25;9;FT;04:15-04:30;12.962499999999999
L25;9;FT;04:30-04:45;12.975
L25;9;FT;04:45-05:00;13.0875
L25;9;FT;05:00-05:15;13.3375
L25;9;FT;05:15-05:30;13.8
L25;9;FT;05:30-05:45;14.5375
L25;9;FT;05:45-06:00;15.625
L25;9;FT;06:00-06:15;17.1375
L25;9;FT;06:15-06:30;19.125
L25;9;FT;06:30-06:45;21.65
L25;9;FT;06:45-07:00;24.775
L25;9;FT;07:00-07:15;28.5125
L25;9;FT;07:15-07:30;32.625
L25;9;FT;07:30-07:45;36.85
L25;9;FT;07:45-08:00;40.8625
L25;9;FT;08:00-08:15;44.425
L25;9;FT;08:15-08:30;47.1875
L25;9;FT;08:30-08:45;48.9
L25;9;FT;08:45-09:00;49.2125
L25;9;FT;09:00-09:15;48
L25;9;FT;09:15-09:30;45.650000000000006
L25;9;FT;09:30-09:45;42.7
L25;9;FT;09:45-10:00;39.7125
L25;9;FT;10:00-10:15;37.1625
L25;9;FT;10:15-10:30;35.25
L25;9;FT;10:30-10:45;34.162499999999994
L25;9;FT;10:45-11:00;34.037499999999994
L25;9;FT;11:00-11:15;34.9125
L25;9;FT;11:15-11:30;36.2375
L25;9;FT;11:30-11:45;37.325
L25;9;FT;11:45-12:00;37.525
L25;9;FT;12:00-12:15;36.325
L25;9;FT;12:15-12:30;34.175
L25;9;FT;12:30-12:45;31.625
L25;9;FT;12:45-13:00;29.3
L25;9;FT;13:00-13:15;27.6625
L25;9;FT;13:15-13:30;26.6625
L25;9;FT;13:30-13:45;26.0625
L25;9;FT;13:45-14:00;25.700000000000003
L25;9;FT;14:00-14:15;25.3875
L25;9;FT;14:15-14:30;25.1125
L25;9;FT;14:30-14:45;24.8625
L25;9;FT;14:45-15:00;24.6625
L25;9;FT;15:00-15:15;24.5
L25;9;FT;15:15-15:30;24.35
L25;9;FT;15:30-15:45;24.225
L25;9;FT;15:45-16:00;24.0875
L25;9;FT;16:00-16:15;23.950000000000003
L25;9;FT;16:15-16:30;23.925
L25;9;FT;16:30-16:45;24.1625
L25;9;FT;16:45-17:00;24.775
L25;9;FT;17:00-17:15;25.9125
L25;9;FT;17:15-17:30;27.6
L25;9;FT;17:30-17:45;29.875
L25;9;FT;17:45-18:00;32.7625
L25;9;FT;18:00-18:15;36.2375
L25;9;FT;18:15-18:30;39.900000000000006
L25;9;FT;18:30-18:45;43.3
L25;9;FT;18:45-19:00;45.962500000000006
L25;9;FT;19:00-19:15;47.525000000000006
L25;9;FT;19:15-19:30;47.974999999999994
L25;9;FT;19:30-19:45;47.3875
L25;9;FT;19:45-20:00;45.849999999999994
L25;9;FT;20:00-20:15;43.475
L25;9;FT;20:15-20:30;40.6
L25;9;FT;20:30-20:45;37.5625
L25;9;FT;20:45-21:00;34.7375
L25;9;FT;21:00-21:15;32.3875
L25;9;FT;21:15-21:30;30.475
L25;9;FT;21:30-21:45;28.862499999999997
L25;9;FT;21:45-22:00;27.450000000000003
L25;9;FT;22:00-22:15;26.075000000000003
L25;9;FT;22:15-22:30;24.7375
L25;9;FT;22:30-22:45;23.425
L25;9;FT;22:45-23:00;22.1125
L25;9;FT;23:00-23:15;20.8
L25;9;FT;23:15-23:30;19.525
L25;9;FT;23:30-23:45;18.3625
L25;9;FT;23:45-00:00;17.375
L25;9;WT;00:00-00:15;17.049999999999997
L25;9;WT;00:15-00:30;16.275
L25;9;WT;00:30-00:45;15.6
L25;9;WT;00:45-01:00;15.0625
L25;9;WT;01:00-01:15;14.625
L25;9;WT;01:15-01:30;14.3125
L25;9;WT;01:30-01:45;14.0625
L25;9;WT;01:45-02:00;13.8875
L25;9;WT;02:00-02:15;13.7625
L25;9;WT;02:15-02:30;13.6375
L25;9;WT;02:30-02:45;13.5375
L25;9;WT;02:45-03:00;13.4375
L25;9;WT;03:00-03:15;13.3125
L25;9;WT;03:15-03:30;13.1875
L25;9;WT;03:30-03:45;13.075
L25;9;WT;03:45-04:00;12.9625
L25;9;WT;04:00-04:15;12.9
L25;9;WT;04:15-04:30;12.8875
L25;9;WT;04:30-04:45;12.9375
L25;9;WT;04:45-05:00;13.0875
L25;9;WT;05:00-05:15;13.350000000000001
L25;9;WT;05:15-05:30;13.7625
L25;9;WT;05:30-05:45;14.3875
L25;9;WT;05:45-06:00;15.2875
L25;9;WT;06:00-06:15;16.5
L25;9;WT;06:15-06:30;18.125
L25;9;WT;06:30-06:45;20.299999999999997
L25;9;WT;06:45-07:00;23.15
L25;9;WT;07:00-07:15;26.7125
L25;9;WT;07:15-07:30;30.775000000000002
L25;9;WT;07:30-07:45;35.05
L25;9;WT;07:45-08:00;39.25
L25;9;WT;08:00-08:15;43.0625
L25;9;WT;08:15-08:30;46.125
L25;9;WT;08:30-08:45;48
L25;9;WT;08:45-09:00;48.287499999999994
L25;9;WT;09:00-09:15;46.7625
L25;9;WT;09:15-09:30;43.95
L25;9;WT;09:30-09:45;40.5875
L25;9;WT;09:45-10:00;37.3875
L25;9;WT;10:00-10:15;34.962500000000006
L25;9;WT;10:15-10:30;33.4
L25;9;WT;10:30-10:45;32.6625
L25;9;WT;10:45-11:00;32.7625
L25;9;WT;11:00-11:15;33.5875
L25;9;WT;11:15-11:30;34.662499999999994
L25;9;WT;11:30-11:45;35.5
L25;9;WT;11:45-12:00;35.537499999999994
L25;9;WT;12:00-12:15;34.45
L25;9;WT;12:15-12:30;32.5375
L25;9;WT;12:30-12:45;30.3
L25;9;WT;12:45-13:00;28.262500000000003
L25;9;WT;13:00-13:15;26.775
L25;9;WT;13:15-13:30;25.8375
L25;9;WT;13:30-13:45;25.3
L25;9;WT;13:45-14:00;25.0125
L25;9;WT;14:00-14:15;24.825
L25;9;WT;14:15-14:30;24.7375
L25;9;WT;14:30-14:45;24.700000000000003
L25;9;WT;14:45-15:00;24.6625
L25;9;WT;15:00-15:15;24.637500000000003
L25;9;WT;15:15-15:30;24.6125
L25;9;WT;15:30-15:45;24.575000000000003
L25;9;WT;15:45-16:00;24.549999999999997
L25;9;WT;16:00-16:15;24.525
L25;9;WT;16:15-16:30;24.5875
L25;9;WT;16:30-16:45;24.8375
L25;9;WT;16:45-17:00;25.3625
L25;9;WT;17:00-17:15;26.25
L25;9;WT;17:15-17:30;27.625
L25;9;WT;17:30-17:45;29.6375
L25;9;WT;17:45-18:00;32.4125
L25;9;WT;18:00-18:15;35.9875
L25;9;WT;18:15-18:30;39.8875
L25;9;WT;18:30-18:45;43.55
L25;9;WT;18:45-19:00;46.425
L25;9;WT;19:00-19:15;48.05
L25;9;WT;19:15-19:30;48.4125
L25;9;WT;19:30-19:45;47.65
L25;9;WT;19:45-20:00;45.85
L25;9;WT;20:00-20:15;43.1875
L25;9;WT;20:15-20:30;40.025
L25;9;WT;20:30-20:45;36.7625
L25;9;WT;20:45-21:00;33.8125
L25;9;WT;21:00-21:15;31.462500000000002
L25;9;WT;21:15-21:30;29.675
L25;9;WT;21:30-21:45;28.237499999999997
L25;9;WT;21:45-22:00;26.975
L25;9;WT;22:00-22:15;25.775
L25;9;WT;22:15-22:30;24.575
L25;9;WT;22:30-22:45;23.4
L25;9;WT;22:45-23:00;22.225
L25;9;WT;23:00-23:15;21.0875
L25;9;WT;23:15-23:30;19.975
L25;9;WT;23:30-23:45;18.924999999999997
L25;9;WT;23:45-00:00;17.95
L25;10;SA;00:00-00:15;17.85
L25;10;SA;00:15-00:30;17.35
L25;10;SA;00:30-00:45;17
L25;10;SA;00:45-01:00;16.675
L25;10;SA;01:00-01:15;16.325
L25;10;SA;01:15-01:30;15.975
L25;10;SA;01:30-01:45;15.6
L25;10;SA;01:45-02:00;15.275
L25;10;SA;02:00-02:15;15
L25;10;SA;02:15-02:30;14.775
L25;10;SA;02:30-02:45;14.575
L25;10;SA;02:45-03:00;14.35
L25;10;SA;03:00-03:15;14.15
L25;10;SA;03:15-03:30;13.925
L25;10;SA;03:30-03:45;13.775
L25;10;SA;03:45-04:00;13.675
L25;10;SA;04:00-04:15;13.65
L25;10;SA;04:15-04:30;13.675
L25;10;SA;04:30-04:45;13.775
L25;10;SA;04:45-05:00;13.9
L25;10;SA;05:00-05:15;14.025
L25;10;SA;05:15-05:30;14.15
L25;10;SA;05:30-05:45;14.35
L25;10;SA;05:45-06:00;14.6
L25;10;SA;06:00-06:15;14.975
L25;10;SA;06:15-06:30;15.725
L25;10;SA;06:30-06:45;17.2
L25;10;SA;06:45-07:00;19.675
L25;10;SA;07:00-07:15;23.35
L25;10;SA;07:15-07:30;27.9
L25;10;SA;07:30-07:45;32.85
L25;10;SA;07:45-08:00;37.75
L25;10;SA;08:00-08:15;42.15
L25;10;SA;08:15-08:30;45.8
L25;10;SA;08:30-08:45;48.425
L25;10;SA;08:45-09:00;49.8
L25;10;SA;09:00-09:15;49.725
L25;10;SA;09:15-09:30;48.525
L25;10;SA;09:30-09:45;46.55
L25;10;SA;09:45-10:00;44.225
L25;10;SA;10:00-10:15;41.9
L25;10;SA;10:15-10:30;39.9
L25;10;SA;10:30-10:45;38.5
L25;10;SA;10:45-11:00;37.975
L25;10;SA;11:00-11:15;38.475
L25;10;SA;11:15-11:30;39.475
L25;10;SA;11:30-11:45;40.325
L25;10;SA;11:45-12:00;40.3
L25;10;SA;12:00-12:15;38.95
L25;10;SA;12:15-12:30;36.675
L25;10;SA;12:30-12:45;33.975
L25;10;SA;12:45-13:00;31.5
L25;10;SA;13:00-13:15;29.625
L25;10;SA;13:15-13:30;28.275
L25;10;SA;13:30-13:45;27.2
L25;10;SA;13:45-14:00;26.175
L25;10;SA;14:00-14:15;25
L25;10;SA;14:15-14:30;23.825
L25;10;SA;14:30-14:45;22.775
L25;10;SA;14:45-15:00;22
L25;10;SA;15:00-15:15;21.65
L25;10;SA;15:15-15:30;21.575
L25;10;SA;15:30-15:45;21.675
L25;10;SA;15:45-16:00;21.775
L25;10;SA;16:00-16:15;21.775
L25;10;SA;16:15-16:30;21.825
L25;10;SA;16:30-16:45;22.125
L25;10;SA;16:45-17:00;22.925
L25;10;SA;17:00-17:15;24.35
L25;10;SA;17:15-17:30;26.425
L25;10;SA;17:30-17:45;29.05
L25;10;SA;17:45-18:00;32.2
L25;10;SA;18:00-18:15;35.725
L25;10;SA;18:15-18:30;39.325
L25;10;SA;18:30-18:45;42.675
L25;10;SA;18:45-19:00;45.4
L25;10;SA;19:00-19:15;47.175
L25;10;SA;19:15-19:30;47.925
L25;10;SA;19:30-19:45;47.65
L25;10;SA;19:45-20:00;46.325
L25;10;SA;20:00-20:15;43.95
L25;10;SA;20:15-20:30;40.925
L25;10;SA;20:30-20:45;37.625
L25;10;SA;20:45-21:00;34.5
L25;10;SA;21:00-21:15;31.85
L25;10;SA;21:15-21:30;29.7
L25;10;SA;21:30-21:45;27.9
L25;10;SA;21:45-22:00;26.4
L25;10;SA;22:00-22:15;25.075
L25;10;SA;22:15-22:30;23.875
L25;10;SA;22:30-22:45;22.725
L25;10;SA;22:45-23:00;21.525
L25;10;SA;23:00-23:15;20.275
L25;10;SA;23:15-23:30;19.025
L25;10;SA;23:30-23:45;17.875
L25;10;SA;23:45-00:00;16.9
L25;10;FT;00:00-00:15;16.2
L25;10;FT;00:15-00:30;15.675
L25;10;FT;00:30-00:45;15.325
L25;10;FT;00:45-01:00;15.05
L25;10;FT;01:00-01:15;14.8
L25;10;FT;01:15-01:30;14.55
L25;10;FT;01:30-01:45;14.325
L25;10;FT;01:45-02:00;14.125
L25;10;FT;02:00-02:15;13.95
L25;10;FT;02:15-02:30;13.825
L25;10;FT;02:30-02:45;13.725
L25;10;FT;02:45-03:00;13.675
L25;10;FT;03:00-03:15;13.65
L25;10;FT;03:15-03:30;13.65
L25;10;FT;03:30-03:45;13.675
L25;10;FT;03:45-04:00;13.675
L25;10;FT;04:00-04:15;13.625
L25;10;FT;04:15-04:30;13.575
L25;10;FT;04:30-04:45;13.575
L25;10;FT;04:45-05:00;13.675
L25;10;FT;05:00-05:15;13.875
L25;10;FT;05:15-05:30;14.325
L25;10;FT;05:30-05:45;15.075
L25;10;FT;05:45-06:00;16.2
L25;10;FT;06:00-06:15;17.825
L25;10;FT;06:15-06:30;19.95
L25;10;FT;06:30-06:45;22.65
L25;10;FT;06:45-07:00;25.925
L25;10;FT;07:00-07:15;29.825
L25;10;FT;07:15-07:30;34.075
L25;10;FT;07:30-07:45;38.45
L25;10;FT;07:45-08:00;42.6
L25;10;FT;08:00-08:15;46.325
L25;10;FT;08:15-08:30;49.25
L25;10;FT;08:30-08:45;51.15
L25;10;FT;08:45-09:00;51.65
L25;10;FT;09:00-09:15;50.6
L25;10;FT;09:15-09:30;48.35
L25;10;FT;09:30-09:45;45.375
L25;10;FT;09:45-10:00;42.15
L25;10;FT;10:00-10:15;39.125
L25;10;FT;10:15-10:30;36.6
L25;10;FT;10:30-10:45;34.9
L25;10;FT;10:45-11:00;34.275
L25;10;FT;11:00-11:15;34.85
L25;10;FT;11:15-11:30;36.075
L25;10;FT;11:30-11:45;37.2
L25;10;FT;11:45-12:00;37.525
L25;10;FT;12:00-12:15;36.5
L25;10;FT;12:15-12:30;34.525
L25;10;FT;12:30-12:45;32.125
L25;10;FT;12:45-13:00;29.875
L25;10;FT;13:00-13:15;28.225
L25;10;FT;13:15-13:30;27.15
L25;10;FT;13:30-13:45;26.425
L25;10;FT;13:45-14:00;25.925
L25;10;FT;14:00-14:15;25.5
L25;10;FT;14:15-14:30;25.125
L25;10;FT;14:30-14:45;24.8
L25;10;FT;14:45-15:00;24.55
L25;10;FT;15:00-15:15;24.35
L25;10;FT;15:15-15:30;24.175
L25;10;FT;15:30-15:45;24.025
L25;10;FT;15:45-16:00;23.85
L25;10;FT;16:00-16:15;23.675
L25;10;FT;16:15-16:30;23.625
L25;10;FT;16:30-16:45;23.95
L25;10;FT;16:45-17:00;24.775
L25;10;FT;17:00-17:15;26.3
L25;10;FT;17:15-17:30;28.5
L25;10;FT;17:30-17:45;31.325
L25;10;FT;17:45-18:00;34.725
L25;10;FT;18:00-18:15;38.625
L25;10;FT;18:15-18:30;42.575
L25;10;FT;18:30-18:45;46.15
L25;10;FT;18:45-19:00;48.85
L25;10;FT;19:00-19:15;50.35
L25;10;FT;19:15-19:30;50.675
L25;10;FT;19:30-19:45;49.975
L25;10;FT;19:45-20:00;48.4
L25;10;FT;20:00-20:15;46.1
L25;10;FT;20:15-20:30;43.35
L25;10;FT;20:30-20:45;40.4
L25;10;FT;20:45-21:00;37.525
L25;10;FT;21:00-21:15;34.9
L25;10;FT;21:15-21:30;32.575
L25;10;FT;21:30-21:45;30.525
L25;10;FT;21:45-22:00;28.725
L25;10;FT;22:00-22:15;27.1
L25;10;FT;22:15-22:30;25.625
L25;10;FT;22:30-22:45;24.25
L25;10;FT;22:45-23:00;22.925
L25;10;FT;23:00-23:15;21.6
L25;10;FT;23:15-23:30;20.3
L25;10;FT;23:30-23:45;19.1
L25;10;FT;23:45-00:00;18.075
L25;10;WT;00:00-00:15;17.575
L25;10;WT;00:15-00:30;16.775
L25;10;WT;00:30-00:45;16.075
L25;10;WT;00:45-01:00;15.525
L25;10;WT;01:00-01:15;15.075
L25;10;WT;01:15-01:30;14.775
L25;10;WT;01:30-01:45;14.525
L25;10;WT;01:45-02:00;14.35
L25;10;WT;02:00-02:15;14.225
L25;10;WT;02:15-02:30;14.1
L25;10;WT;02:30-02:45;14
L25;10;WT;02:45-03:00;13.9
L25;10;WT;03:00-03:15;13.775
L25;10;WT;03:15-03:30;13.625
L25;10;WT;03:30-03:45;13.525
L25;10;WT;03:45-04:00;13.425
L25;10;WT;04:00-04:15;13.4
L25;10;WT;04:15-04:30;13.425
L25;10;WT;04:30-04:45;13.5
L25;10;WT;04:45-05:00;13.675
L25;10;WT;05:00-05:15;13.9
L25;10;WT;05:15-05:30;14.3
L25;10;WT;05:30-05:45;14.95
L25;10;WT;05:45-06:00;15.975
L25;10;WT;06:00-06:15;17.45
L25;10;WT;06:15-06:30;19.4
L25;10;WT;06:30-06:45;21.9
L25;10;WT;06:45-07:00;25
L25;10;WT;07:00-07:15;28.7
L25;10;WT;07:15-07:30;32.825
L25;10;WT;07:30-07:45;37.15
L25;10;WT;07:45-08:00;41.45
L25;10;WT;08:00-08:15;45.475
L25;10;WT;08:15-08:30;48.775
L25;10;WT;08:30-08:45;50.85
L25;10;WT;08:45-09:00;51.175
L25;10;WT;09:00-09:15;49.5
L25;10;WT;09:15-09:30;46.375
L25;10;WT;09:30-09:45;42.65
L25;10;WT;09:45-10:00;39.125
L25;10;WT;10:00-10:15;36.475
L25;10;WT;10:15-10:30;34.75
L25;10;WT;10:30-10:45;33.875
L25;10;WT;10:45-11:00;33.8
L25;10;WT;11:00-11:15;34.375
L25;10;WT;11:15-11:30;35.175
L25;10;WT;11:30-11:45;35.775
L25;10;WT;11:45-12:00;35.65
L25;10;WT;12:00-12:15;34.55
L25;10;WT;12:15-12:30;32.725
L25;10;WT;12:30-12:45;30.625
L25;10;WT;12:45-13:00;28.725
L25;10;WT;13:00-13:15;27.35
L25;10;WT;13:15-13:30;26.475
L25;10;WT;13:30-13:45;25.975
L25;10;WT;13:45-14:00;25.7
L25;10;WT;14:00-14:15;25.525
L25;10;WT;14:15-14:30;25.425
L25;10;WT;14:30-14:45;25.35
L25;10;WT;14:45-15:00;25.25
L25;10;WT;15:00-15:15;25.1
L25;10;WT;15:15-15:30;24.975
L25;10;WT;15:30-15:45;24.85
L25;10;WT;15:45-16:00;24.775
L25;10;WT;16:00-16:15;24.8
L25;10;WT;16:15-16:30;24.975
L25;10;WT;16:30-16:45;25.4
L25;10;WT;16:45-17:00;26.175
L25;10;WT;17:00-17:15;27.35
L25;10;WT;17:15-17:30;29.05
L25;10;WT;17:30-17:45;31.4
L25;10;WT;17:45-18:00;34.5
L25;10;WT;18:00-18:15;38.375
L25;10;WT;18:15-18:30;42.55
L25;10;WT;18:30-18:45;46.45
L25;10;WT;18:45-19:00;49.55
L25;10;WT;19:00-19:15;51.375
L25;10;WT;19:15-19:30;51.875
L25;10;WT;19:30-19:45;51.175
L25;10;WT;19:45-20:00;49.325
L25;10;WT;20:00-20:15;46.475
L25;10;WT;20:15-20:30;43.025
L25;10;WT;20:30-20:45;39.425
L25;10;WT;20:45-21:00;36.125
L25;10;WT;21:00-21:15;33.45
L25;10;WT;21:15-21:30;31.375
L25;10;WT;21:30-21:45;29.7
L25;10;WT;21:45-22:00;28.25
L25;10;WT;22:00-22:15;26.925
L25;10;WT;22:15-22:30;25.625
L25;10;WT;22:30-22:45;24.4
L25;10;WT;22:45-23:00;23.15
L25;10;WT;23:00-23:15;21.925
L25;10;WT;23:15-23:30;20.725
L25;10;WT;23:30-23:45;19.575
L25;10;WT;23:45-00:00;18.525
L25;11;SA;00:00-00:15;18.475
L25;11;SA;00:15-00:30;18.25
L25;11;SA;00:30-00:45;18.15
L25;11;SA;00:45-01:00;18.075
L25;11;SA;01:00-01:15;17.875
L25;11;SA;01:15-01:30;17.6
L25;11;SA;01:30-01:45;17.275
L25;11;SA;01:45-02:00;16.9
L25;11;SA;02:00-02:15;16.55
L25;11;SA;02:15-02:30;16.2
L25;11;SA;02:30-02:45;15.85
L25;11;SA;02:45-03:00;15.525
L25;11;SA;03:00-03:15;15.175
L25;11;SA;03:15-03:30;14.85
L25;11;SA;03:30-03:45;14.575
L25;11;SA;03:45-04:00;14.35
L25;11;SA;04:00-04:15;14.225
L25;11;SA;04:15-04:30;14.2
L25;11;SA;04:30-04:45;14.25
L25;11;SA;04:45-05:00;14.35
L25;11;SA;05:00-05:15;14.55
L25;11;SA;05:15-05:30;14.8
L25;11;SA;05:30-05:45;15.125
L25;11;SA;05:45-06:00;15.525
L25;11;SA;06:00-06:15;16.025
L25;11;SA;06:15-06:30;16.85
L25;11;SA;06:30-06:45;18.225
L25;11;SA;06:45-07:00;20.375
L25;11;SA;07:00-07:15;23.475
L25;11;SA;07:15-07:30;27.35
L25;11;SA;07:30-07:45;31.725
L25;11;SA;07:45-08:00;36.35
L25;11;SA;08:00-08:15;40.95
L25;11;SA;08:15-08:30;45.25
L25;11;SA;08:30-08:45;48.9
L25;11;SA;08:45-09:00;51.65
L25;11;SA;09:00-09:15;53.225
L25;11;SA;09:15-09:30;53.65
L25;11;SA;09:30-09:45;53.025
L25;11;SA;09:45-10:00;51.4
L25;11;SA;10:00-10:15;48.975
L25;11;SA;10:15-10:30;46.25
L25;11;SA;10:30-10:45;43.85
L25;11;SA;10:45-11:00;42.375
L25;11;SA;11:00-11:15;42.225
L25;11;SA;11:15-11:30;42.825
L25;11;SA;11:30-11:45;43.375
L25;11;SA;11:45-12:00;43.075
L25;11;SA;12:00-12:15;41.35
L25;11;SA;12:15-12:30;38.625
L25;11;SA;12:30-12:45;35.5
L25;11;SA;12:45-13:00;32.65
L25;11;SA;13:00-13:15;30.525
L25;11;SA;13:15-13:30;29.025
L25;11;SA;13:30-13:45;27.9
L25;11;SA;13:45-14:00;26.85
L25;11;SA;14:00-14:15;25.725
L25;11;SA;14:15-14:30;24.55
L25;11;SA;14:30-14:45;23.5
L25;11;SA;14:45-15:00;22.7
L25;11;SA;15:00-15:15;22.225
L25;11;SA;15:15-15:30;22.05
L25;11;SA;15:30-15:45;22
L25;11;SA;15:45-16:00;22
L25;11;SA;16:00-16:15;21.975
L25;11;SA;16:15-16:30;22.125
L25;11;SA;16:30-16:45;22.725
L25;11;SA;16:45-17:00;24.075
L25;11;SA;17:00-17:15;26.375
L25;11;SA;17:15-17:30;29.45
L25;11;SA;17:30-17:45;33.175
L25;11;SA;17:45-18:00;37.275
L25;11;SA;18:00-18:15;41.6
L25;11;SA;18:15-18:30;45.85
L25;11;SA;18:30-18:45;49.75
L25;11;SA;18:45-19:00;53.025
L25;11;SA;19:00-19:15;55.375
L25;11;SA;19:15-19:30;56.55
L25;11;SA;19:30-19:45;56.225
L25;11;SA;19:45-20:00;54.2
L25;11;SA;20:00-20:15;50.325
L25;11;SA;20:15-20:30;45.325
L25;11;SA;20:30-20:45;40.075
L25;11;SA;20:45-21:00;35.425
L25;11;SA;21:00-21:15;32.075
L25;11;SA;21:15-21:30;29.825
L25;11;SA;21:30-21:45;28.3
L25;11;SA;21:45-22:00;27.1
L25;11;SA;22:00-22:15;25.925
L25;11;SA;22:15-22:30;24.7
L25;11;SA;22:30-22:45;23.475
L25;11;SA;22:45-23:00;22.225
L25;11;SA;23:00-23:15;21
L25;11;SA;23:15-23:30;19.825
L25;11;SA;23:30-23:45;18.75
L25;11;SA;23:45-00:00;17.825
L25;11;FT;00:00-00:15;17.075
L25;11;FT;00:15-00:30;16.5
L25;11;FT;00:30-00:45;16.075
L25;11;FT;00:45-01:00;15.75
L25;11;FT;01:00-01:15;15.525
L25;11;FT;01:15-01:30;15.35
L25;11;FT;01:30-01:45;15.2
L25;11;FT;01:45-02:00;15.05
L25;11;FT;02:00-02:15;14.875
L25;11;FT;02:15-02:30;14.7
L25;11;FT;02:30-02:45;14.5
L25;11;FT;02:45-03:00;14.35
L25;11;FT;03:00-03:15;14.25
L25;11;FT;03:15-03:30;14.175
L25;11;FT;03:30-03:45;14.15
L25;11;FT;03:45-04:00;14.125
L25;11;FT;04:00-04:15;14.1
L25;11;FT;04:15-04:30;14.125
L25;11;FT;04:30-04:45;14.2
L25;11;FT;04:45-05:00;14.35
L25;11;FT;05:00-05:15;14.625
L25;11;FT;05:15-05:30;15.125
L25;11;FT;05:30-05:45;15.925
L25;11;FT;05:45-06:00;17.125
L25;11;FT;06:00-06:15;18.825
L25;11;FT;06:15-06:30;21.025
L25;11;FT;06:30-06:45;23.7
L25;11;FT;06:45-07:00;26.85
L25;11;FT;07:00-07:15;30.475
L25;11;FT;07:15-07:30;34.45
L25;11;FT;07:30-07:45;38.75
L25;11;FT;07:45-08:00;43.3
L25;11;FT;08:00-08:15;47.925
L25;11;FT;08:15-08:30;52.15
L25;11;FT;08:30-08:45;55.35
L25;11;FT;08:45-09:00;56.975
L25;11;FT;09:00-09:15;56.6
L25;11;FT;09:15-09:30;54.65
L25;11;FT;09:30-09:45;51.65
L25;11;FT;09:45-10:00;48.175
L25;11;FT;10:00-10:15;44.725
L25;11;FT;10:15-10:30;41.75
L25;11;FT;10:30-10:45;39.525
L25;11;FT;10:45-11:00;38.45
L25;11;FT;11:00-11:15;38.65
L25;11;FT;11:15-11:30;39.55
L25;11;FT;11:30-11:45;40.375
L25;11;FT;11:45-12:00;40.3
L25;11;FT;12:00-12:15;38.8
L25;11;FT;12:15-12:30;36.35
L25;11;FT;12:30-12:45;33.6
L25;11;FT;12:45-13:00;31.25
L25;11;FT;13:00-13:15;29.85
L25;11;FT;13:15-13:30;29.225
L25;11;FT;13:30-13:45;29.025
L25;11;FT;13:45-14:00;28.95
L25;11;FT;14:00-14:15;28.7
L25;11;FT;14:15-14:30;28.3
L25;11;FT;14:30-14:45;27.825
L25;11;FT;14:45-15:00;27.325
L25;11;FT;15:00-15:15;26.875
L25;11;FT;15:15-15:30;26.525
L25;11;FT;15:30-15:45;26.35
L25;11;FT;15:45-16:00;26.4
L25;11;FT;16:00-16:15;26.725
L25;11;FT;16:15-16:30;27.45
L25;11;FT;16:30-16:45;28.6
L25;11;FT;16:45-17:00;30.325
L25;11;FT;17:00-17:15;32.675
L25;11;FT;17:15-17:30;35.6
L25;11;FT;17:30-17:45;39.025
L25;11;FT;17:45-18:00;42.85
L25;11;FT;18:00-18:15;46.95
L25;11;FT;18:15-18:30;51.025
L25;11;FT;18:30-18:45;54.625
L25;11;FT;18:45-19:00;57.425
L25;11;FT;19:00-19:15;59.05
L25;11;FT;19:15-19:30;59.35
L25;11;FT;19:30-19:45;58.225
L25;11;FT;19:45-20:00;55.575
L25;11;FT;20:00-20:15;51.425
L25;11;FT;20:15-20:30;46.375
L25;11;FT;20:30-20:45;41.175
L25;11;FT;20:45-21:00;36.6
L25;11;FT;21:00-21:15;33.15
L25;11;FT;21:15-21:30;30.75
L25;11;FT;21:30-21:45;29.075
L25;11;FT;21:45-22:00;27.8
L25;11;FT;22:00-22:15;26.65
L25;11;FT;22:15-22:30;25.525
L25;11;FT;22:30-22:45;24.4
L25;11;FT;22:45-23:00;23.15
L25;11;FT;23:00-23:15;21.8
L25;11;FT;23:15-23:30;20.4
L25;11;FT;23:30-23:45;19.125
L25;11;FT;23:45-00:00;18.075
L25;11;WT;00:00-00:15;18.1
L25;11;WT;00:15-00:30;17.35
L25;11;WT;00:30-00:45;16.725
L25;11;WT;00:45-01:00;16.2
L25;11;WT;01:00-01:15;15.8
L25;11;WT;01:15-01:30;15.475
L25;11;WT;01:30-01:45;15.25
L25;11;WT;01:45-02:00;15.05
L25;11;WT;02:00-02:15;14.9
L25;11;WT;02:15-02:30;14.8
L25;11;WT;02:30-02:45;14.7
L25;11;WT;02:45-03:00;14.6
L25;11;WT;03:00-03:15;14.475
L25;11;WT;03:15-03:30;14.35
L25;11;WT;03:30-03:45;14.225
L25;11;WT;03:45-04:00;14.125
L25;11;WT;04:00-04:15;14.075
L25;11;WT;04:15-04:30;14.075
L25;11;WT;04:30-04:45;14.15
L25;11;WT;04:45-05:00;14.35
L25;11;WT;05:00-05:15;14.7
L25;11;WT;05:15-05:30;15.225
L25;11;WT;05:30-05:45;15.95
L25;11;WT;05:45-06:00;16.9
L25;11;WT;06:00-06:15;18.125
L25;11;WT;06:15-06:30;19.75
L25;11;WT;06:30-06:45;21.925
L25;11;WT;06:45-07:00;24.775
L25;11;WT;07:00-07:15;28.4
L25;11;WT;07:15-07:30;32.625
L25;11;WT;07:30-07:45;37.225
L25;11;WT;07:45-08:00;41.925
L25;11;WT;08:00-08:15;46.45
L25;11;WT;08:15-08:30;50.425
L25;11;WT;08:30-08:45;53.4
L25;11;WT;08:45-09:00;54.875
L25;11;WT;09:00-09:15;54.625
L25;11;WT;09:15-09:30;52.9
L25;11;WT;09:30-09:45;50.2
L25;11;WT;09:45-10:00;47
L25;11;WT;10:00-10:15;43.75
L25;11;WT;10:15-10:30;40.85
L25;11;WT;10:30-10:45;38.625
L25;11;WT;10:45-11:00;37.525
L25;11;WT;11:00-11:15;37.675
L25;11;WT;11:15-11:30;38.525
L25;11;WT;11:30-11:45;39.35
L25;11;WT;11:45-12:00;39.375
L25;11;WT;12:00-12:15;38.05
L25;11;WT;12:15-12:30;35.8
L25;11;WT;12:30-12:45;33.175
L25;11;WT;12:45-13:00;30.8
L25;11;WT;13:00-13:15;29.125
L25;11;WT;13:15-13:30;28.125
L25;11;WT;13:30-13:45;27.575
L25;11;WT;13:45-14:00;27.325
L25;11;WT;14:00-14:15;27.2
L25;11;WT;14:15-14:30;27.125
L25;11;WT;14:30-14:45;27.1
L25;11;WT;14:45-15:00;27.1
L25;11;WT;15:00-15:15;27.075
L25;11;WT;15:15-15:30;27.075
L25;11;WT;15:30-15:45;27.15
L25;11;WT;15:45-16:00;27.325
L25;11;WT;16:00-16:15;27.65
L25;11;WT;16:15-16:30;28.275
L25;11;WT;16:30-16:45;29.35
L25;11;WT;16:45-17:00;31.025
L25;11;WT;17:00-17:15;33.425
L25;11;WT;17:15-17:30;36.5
L25;11;WT;17:30-17:45;40.125
L25;11;WT;17:45-18:00;44.225
L25;11;WT;18:00-18:15;48.625
L25;11;WT;18:15-18:30;52.875
L25;11;WT;18:30-18:45;56.525
L25;11;WT;18:45-19:00;59.05
L25;11;WT;19:00-19:15;60.1
L25;11;WT;19:15-19:30;59.675
L25;11;WT;19:30-19:45;57.875
L25;11;WT;19:45-20:00;54.875
L25;11;WT;20:00-20:15;50.85
L25;11;WT;20:15-20:30;46.225
L25;11;WT;20:30-20:45;41.525
L25;11;WT;20:45-21:00;37.275
L25;11;WT;21:00-21:15;33.9
L25;11;WT;21:15-21:30;31.3
L25;11;WT;21:30-21:45;29.325
L25;11;WT;21:45-22:00;27.8
L25;11;WT;22:00-22:15;26.525
L25;11;WT;22:15-22:30;25.425
L25;11;WT;22:30-22:45;24.425
L25;11;WT;22:45-23:00;23.4
L25;11;WT;23:00-23:15;22.275
L25;11;WT;23:15-23:30;21.15
L25;11;WT;23:30-23:45;20.025
L25;11;WT;23:45-00:00;19
L25;12;SA;00:00-00:15;18.475
L25;12;SA;00:15-00:30;18.25
L25;12;SA;00:30-00:45;18.15
L25;12;SA;00:45-01:00;18.075
L25;12;SA;01:00-01:15;17.875
L25;12;SA;01:15-01:30;17.6
L25;12;SA;01:30-01:45;17.275
L25;12;SA;01:45-02:00;16.9
L25;12;SA;02:00-02:15;16.55
L25;12;SA;02:15-02:30;16.2
L25;12;SA;02:30-02:45;15.85
L25;12;SA;02:45-03:00;15.525
L25;12;SA;03:00-03:15;15.175
L25;12;SA;03:15-03:30;14.85
L25;12;SA;03:30-03:45;14.575
L25;12;SA;03:45-04:00;14.35
L25;12;SA;04:00-04:15;14.225
L25;12;SA;04:15-04:30;14.2
L25;12;SA;04:30-04:45;14.25
L25;12;SA;04:45-05:00;14.35
L25;12;SA;05:00-05:15;14.55
L25;12;SA;05:15-05:30;14.8
L25;12;SA;05:30-05:45;15.125
L25;12;SA;05:45-06:00;15.525
L25;12;SA;06:00-06:15;16.025
L25;12;SA;06:15-06:30;16.85
L25;12;SA;06:30-06:45;18.225
L25;12;SA;06:45-07:00;20.375
L25;12;SA;07:00-07:15;23.475
L25;12;SA;07:15-07:30;27.35
L25;12;SA;07:30-07:45;31.725
L25;12;SA;07:45-08:00;36.35
L25;12;SA;08:00-08:15;40.95
L25;12;SA;08:15-08:30;45.25
L25;12;SA;08:30-08:45;48.9
L25;12;SA;08:45-09:00;51.65
L25;12;SA;09:00-09:15;53.225
L25;12;SA;09:15-09:30;53.65
L25;12;SA;09:30-09:45;53.025
L25;12;SA;09:45-10:00;51.4
L25;12;SA;10:00-10:15;48.975
L25;12;SA;10:15-10:30;46.25
L25;12;SA;10:30-10:45;43.85
L25;12;SA;10:45-11:00;42.375
L25;12;SA;11:00-11:15;42.225
L25;12;SA;11:15-11:30;42.825
L25;12;SA;11:30-11:45;43.375
L25;12;SA;11:45-12:00;43.075
L25;12;SA;12:00-12:15;41.35
L25;12;SA;12:15-12:30;38.625
L25;12;SA;12:30-12:45;35.5
L25;12;SA;12:45-13:00;32.65
L25;12;SA;13:00-13:15;30.525
L25;12;SA;13:15-13:30;29.025
L25;12;SA;13:30-13:45;27.9
L25;12;SA;13:45-14:00;26.85
L25;12;SA;14:00-14:15;25.725
L25;12;SA;14:15-14:30;24.55
L25;12;SA;14:30-14:45;23.5
L25;12;SA;14:45-15:00;22.7
L25;12;SA;15:00-15:15;22.225
L25;12;SA;15:15-15:30;22.05
L25;12;SA;15:30-15:45;22
L25;12;SA;15:45-16:00;22
L25;12;SA;16:00-16:15;21.975
L25;12;SA;16:15-16:30;22.125
L25;12;SA;16:30-16:45;22.725
L25;12;SA;16:45-17:00;24.075
L25;12;SA;17:00-17:15;26.375
L25;12;SA;17:15-17:30;29.45
L25;12;SA;17:30-17:45;33.175
L25;12;SA;17:45-18:00;37.275
L25;12;SA;18:00-18:15;41.6
L25;12;SA;18:15-18:30;45.85
L25;12;SA;18:30-18:45;49.75
L25;12;SA;18:45-19:00;53.025
L25;12;SA;19:00-19:15;55.375
L25;12;SA;19:15-19:30;56.55
L25;12;SA;19:30-19:45;56.225
L25;12;SA;19:45-20:00;54.2
L25;12;SA;20:00-20:15;50.325
L25;12;SA;20:15-20:30;45.325
L25;12;SA;20:30-20:45;40.075
L25;12;SA;20:45-21:00;35.425
L25;12;SA;21:00-21:15;32.075
L25;12;SA;21:15-21:30;29.825
L25;12;SA;21:30-21:45;28.3
L25;12;SA;21:45-22:00;27.1
L25;12;SA;22:00-22:15;25.925
L25;12;SA;22:15-22:30;24.7
L25;12;SA;22:30-22:45;23.475
L25;12;SA;22:45-23:00;22.225
L25;12;SA;23:00-23:15;21
L25;12;SA;23:15-23:30;19.825
L25;12;SA;23:30-23:45;18.75
L25;12;SA;23:45-00:00;17.825
L25;12;FT;00:00-00:15;17.075
L25;12;FT;00:15-00:30;16.5
L25;12;FT;00:30-00:45;16.075
L25;12;FT;00:45-01:00;15.75
L25;12;FT;01:00-01:15;15.525
L25;12;FT;01:15-01:30;15.35
L25;12;FT;01:30-01:45;15.2
L25;12;FT;01:45-02:00;15.05
L25;12;FT;02:00-02:15;14.875
L25;12;FT;02:15-02:30;14.7
L25;12;FT;02:30-02:45;14.5
L25;12;FT;02:45-03:00;14.35
L25;12;FT;03:00-03:15;14.25
L25;12;FT;03:15-03:30;14.175
L25;12;FT;03:30-03:45;14.15
L25;12;FT;03:45-04:00;14.125
L25;12;FT;04:00-04:15;14.1
L25;12;FT;04:15-04:30;14.125
L25;12;FT;04:30-04:45;14.2
L25;12;FT;04:45-05:00;14.35
L25;12;FT;05:00-05:15;14.625
L25;12;FT;05:15-05:30;15.125
L25;12;FT;05:30-05:45;15.925
L25;12;FT;05:45-06:00;17.125
L25;12;FT;06:00-06:15;18.825
L25;12;FT;06:15-06:30;21.025
L25;12;FT;06:30-06:45;23.7
L25;12;FT;06:45-07:00;26.85
L25;12;FT;07:00-07:15;30.475
L25;12;FT;07:15-07:30;34.45
L25;12;FT;07:30-07:45;38.75
L25;12;FT;07:45-08:00;43.3
L25;12;FT;08:00-08:15;47.925
L25;12;FT;08:15-08:30;52.15
L25;12;FT;08:30-08:45;55.35
L25;12;FT;08:45-09:00;56.975
L25;12;FT;09:00-09:15;56.6
L25;12;FT;09:15-09:30;54.65
L25;12;FT;09:30-09:45;51.65
L25;12;FT;09:45-10:00;48.175
L25;12;FT;10:00-10:15;44.725
L25;12;FT;10:15-10:30;41.75
L25;12;FT;10:30-10:45;39.525
L25;12;FT;10:45-11:00;38.45
L25;12;FT;11:00-11:15;38.65
L25;12;FT;11:15-11:30;39.55
L25;12;FT;11:30-11:45;40.375
L25;12;FT;11:45-12:00;40.3
L25;12;FT;12:00-12:15;38.8
L25;12;FT;12:15-12:30;36.35
L25;12;FT;12:30-12:45;33.6
L25;12;FT;12:45-13:00;31.25
L25;12;FT;13:00-13:15;29.85
L25;12;FT;13:15-13:30;29.225
L25;12;FT;13:30-13:45;29.025
L25;12;FT;13:45-14:00;28.95
L25;12;FT;14:00-14:15;28.7
L25;12;FT;14:15-14:30;28.3
L25;12;FT;14:30-14:45;27.825
L25;12;FT;14:45-15:00;27.325
L25;12;FT;15:00-15:15;26.875
L25;12;FT;15:15-15:30;26.525
L25;12;FT;15:30-15:45;26.35
L25;12;FT;15:45-16:00;26.4
L25;12;FT;16:00-16:15;26.725
L25;12;FT;16:15-16:30;27.45
L25;12;FT;16:30-16:45;28.6
L25;12;FT;16:45-17:00;30.325
L25;12;FT;17:00-17:15;32.675
L25;12;FT;17:15-17:30;35.6
L25;12;FT;17:30-17:45;39.025
L25;12;FT;17:45-18:00;42.85
L25;12;FT;18:00-18:15;46.95
L25;12;FT;18:15-18:30;51.025
L25;12;FT;18:30-18:45;54.625
L25;12;FT;18:45-19:00;57.425
L25;12;FT;19:00-19:15;59.05
L25;12;FT;19:15-19:30;59.35
L25;12;FT;19:30-19:45;58.225
L25;12;FT;19:45-20:00;55.575
L25;12;FT;20:00-20:15;51.425
L25;12;FT;20:15-20:30;46.375
L25;12;FT;20:30-20:45;41.175
L25;12;FT;20:45-21:00;36.6
L25;12;FT;21:00-21:15;33.15
L25;12;FT;21:15-21:30;30.75
L25;12;FT;21:30-21:45;29.075
L25;12;FT;21:45-22:00;27.8
L25;12;FT;22:00-22:15;26.65
L25;12;FT;22:15-22:30;25.525
L25;12;FT;22:30-22:45;24.4
L25;12;FT;22:45-23:00;23.15
L25;12;FT;23:00-23:15;21.8
L25;12;FT;23:15-23:30;20.4
L25;12;FT;23:30-23:45;19.125
L25;12;FT;23:45-00:00;18.075
L25;12;WT;00:00-00:15;18.1
L25;12;WT;00:15-00:30;17.35
L25;12;WT;00:30-00:45;16.725
L25;12;WT;00:45-01:00;16.2
L25;12;WT;01:00-01:15;15.8
L25;12;WT;01:15-01:30;15.475
L25;12;WT;01:30-01:45;15.25
L25;12;WT;01:45-02:00;15.05
L25;12;WT;02:00-02:15;14.9
L25;12;WT;02:15-02:30;14.8
L25;12;WT;02:30-02:45;14.7
L25;12;WT;02:45-03:00;14.6
L25;12;WT;03:00-03:15;14.475
L25;12;WT;03:15-03:30;14.35
L25;12;WT;03:30-03:45;14.225
L25;12;WT;03:45-04:00;14.125
L25;12;WT;04:00-04:15;14.075
L25;12;WT;04:15-04:30;14.075
L25;12;WT;04:30-04:45;14.15
L25;12;WT;04:45-05:00;14.35
L25;12;WT;05:00-05:15;14.7
L25;12;WT;05:15-05:30;15.225
L25;12;WT;05:30-05:45;15.95
L25;12;WT;05:45-06:00;16.9
L25;12;WT;06:00-06:15;18.125
L25;12;WT;06:15-06:30;19.75
L25;12;WT;06:30-06:45;21.925
L25;12;WT;06:45-07:00;24.775
L25;12;WT;07:00-07:15;28.4
L25;12;WT;07:15-07:30;32.625
L25;12;WT;07:30-07:45;37.225
L25;12;WT;07:45-08:00;41.925
L25;12;WT;08:00-08:15;46.45
L25;12;WT;08:15-08:30;50.425
L25;12;WT;08:30-08:45;53.4
L25;12;WT;08:45-09:00;54.875
L25;12;WT;09:00-09:15;54.625
L25;12;WT;09:15-09:30;52.9
L25;12;WT;09:30-09:45;50.2
L25;12;WT;09:45-10:00;47
L25;12;WT;10:00-10:15;43.75
L25;12;WT;10:15-10:30;40.85
L25;12;WT;10:30-10:45;38.625
L25;12;WT;10:45-11:00;37.525
L25;12;WT;11:00-11:15;37.675
L25;12;WT;11:15-11:30;38.525
L25;12;WT;11:30-11:45;39.35
L25;12;WT;11:45-12:00;39.375
L25;12;WT;12:00-12:15;38.05
L25;12;WT;12:15-12:30;35.8
L25;12;WT;12:30-12:45;33.175
L25;12;WT;12:45-13:00;30.8
L25;12;WT;13:00-13:15;29.125
L25;12;WT;13:15-13:30;28.125
L25;12;WT;13:30-13:45;27.575
L25;12;WT;13:45-14:00;27.325
L25;12;WT;14:00-14:15;27.2
L25;12;WT;14:15-14:30;27.125
L25;12;WT;14:30-14:45;27.1
L25;12;WT;14:45-15:00;27.1
L25;12;WT;15:00-15:15;27.075
L25;12;WT;15:15-15:30;27.075
L25;12;WT;15:30-15:45;27.15
L25;12;WT;15:45-16:00;27.325
L25;12;WT;16:00-16:15;27.65
L25;12;WT;16:15-16:30;28.275
L25;12;WT;16:30-16:45;29.35
L25;12;WT;16:45-17:00;31.025
L25;12;WT;17:00-17:15;33.425
L25;12;WT;17:15-17:30;36.5
L25;12;WT;17:30-17:45;40.125
L25;12;WT;17:45-18:00;44.225
L25;12;WT;18:00-18:15;48.625
L25;12;WT;18:15-18:30;52.875
L25;12;WT;18:30-18:45;56.525
L25;12;WT;18:45-19:00;59.05
L25;12;WT;19:00-19:15;60.1
L25;12;WT;19:15-19:30;59.675
L25;12;WT;19:30-19:45;57.875
L25;12;WT;19:45-20:00;54.875
L25;12;WT;20:00-20:15;50.85
L25;12;WT;20:15-20:30;46.225
L25;12;WT;20:30-20:45;41.525
L25;12;WT;20:45-21:00;37.275
L25;12;WT;21:00-21:15;33.9
L25;12;WT;21:15-21:30;31.3
L25;12;WT;21:30-21:45;29.325
L25;12;WT;21:45-22:00;27.8
L25;12;WT;22:00-22:15;26.525
L25;12;WT;22:15-22:30;25.425
L25;12;WT;22:30-22:45;24.425
L25;12;WT;22:45-23:00;23.4
L25;12;WT;23:00-23:15;22.275
L25;12;WT;23:15-23:30;21.15
L25;12;WT;23:30-23:45;20.025
L25;12;WT;23:45-00:00;19
P25;1;SA;00:00-00:15;36.049
P25;1;SA;00:15-00:30;36.417
P25;1;SA;00:30-00:45;33.767
P25;1;SA;00:45-01:00;33.027
P25;1;SA;01:00-01:15;33.168
P25;1;SA;01:15-01:30;32.387
P25;1;SA;01:30-01:45;32.208
P25;1;SA;01:45-02:00;30.486
P25;1;SA;02:00-02:15;30.652
P25;1;SA;02:15-02:30;31.074
P25;1;SA;02:30-02:45;30.731
P25;1;SA;02:45-03:00;31.518
P25;1;SA;03:00-03:15;29.845
P25;1;SA;03:15-03:30;30.868
P25;1;SA;03:30-03:45;31.429
P25;1;SA;03:45-04:00;30.516
P25;1;SA;04:00-04:15;30.749
P25;1;SA;04:15-04:30;30.88
P25;1;SA;04:30-04:45;31.237
P25;1;SA;04:45-05:00;30.978
P25;1;SA;05:00-05:15;31.701
P25;1;SA;05:15-05:30;31.09
P25;1;SA;05:30-05:45;33.179
P25;1;SA;05:45-06:00;33.052
P25;1;SA;06:00-06:15;33.101
P25;1;SA;06:15-06:30;34.232
P25;1;SA;06:30-06:45;34.936
P25;1;SA;06:45-07:00;35.447
P25;1;SA;07:00-07:15;36.892
P25;1;SA;07:15-07:30;38.897
P25;1;SA;07:30-07:45;41.738
P25;1;SA;07:45-08:00;45.545
P25;1;SA;08:00-08:15;46.004
P25;1;SA;08:15-08:30;46.592
P25;1;SA;08:30-08:45;48.814
P25;1;SA;08:45-09:00;47.045
P25;1;SA;09:00-09:15;45.726
P25;1;SA;09:15-09:30;43.261
P25;1;SA;09:30-09:45;43.065
P25;1;SA;09:45-10:00;40.714
P25;1;SA;10:00-10:15;41.212
P25;1;SA;10:15-10:30;41.077
P25;1;SA;10:30-10:45;38.756
P25;1;SA;10:45-11:00;39.477
P25;1;SA;11:00-11:15;36.65
P25;1;SA;11:15-11:30;35.098
P25;1;SA;11:30-11:45;33.35
P25;1;SA;11:45-12:00;32.641
P25;1;SA;12:00-12:15;33.178
P25;1;SA;12:15-12:30;34.225
P25;1;SA;12:30-12:45;34.436
P25;1;SA;12:45-13:00;33.191
P25;1;SA;13:00-13:15;31.386
P25;1;SA;13:15-13:30;31.024
P25;1;SA;13:30-13:45;29.389
P25;1;SA;13:45-14:00;34.025
P25;1;SA;14:00-14:15;32.973
P25;1;SA;14:15-14:30;35.257
P25;1;SA;14:30-14:45;35.951
P25;1;SA;14:45-15:00;38.314
P25;1;SA;15:00-15:15;39.43
P25;1;SA;15:15-15:30;42.687
P25;1;SA;15:30-15:45;47.516
P25;1;SA;15:45-16:00;45.591
P25;1;SA;16:00-16:15;49.684
P25;1;SA;16:15-16:30;51.257
P25;1;SA;16:30-16:45;53.191
P25;1;SA;16:45-17:00;53.906
P25;1;SA;17:00-17:15;54.424
P25;1;SA;17:15-17:30;56.381
P25;1;SA;17:30-17:45;57.01
P25;1;SA;17:45-18:00;59.924
P25;1;SA;18:00-18:15;60.693
P25;1;SA;18:15-18:30;63.439
P25;1;SA;18:30-18:45;60.584
P25;1;SA;18:45-19:00;58.74
P25;1;SA;19:00-19:15;56.071
P25;1;SA;19:15-19:30;55.482
P25;1;SA;19:30-19:45;56.274
P25;1;SA;19:45-20:00;55.723
P25;1;SA;20:00-20:15;53.709
P25;1;SA;20:15-20:30;52.829
P25;1;SA;20:30-20:45;52.175
P25;1;SA;20:45-21:00;50.165
P25;1;SA;21:00-21:15;51.335
P25;1;SA;21:15-21:30;49.863
P25;1;SA;21:30-21:45;48.268
P25;1;SA;21:45-22:00;48.654
P25;1;SA;22:00-22:15;45.073
P25;1;SA;22:15-22:30;42.863
P25;1;SA;22:30-22:45;41.986
P25;1;SA;22:45-23:00;40.831
P25;1;SA;23:00-23:15;39.429
P25;1;SA;23:15-23:30;38.28
P25;1;SA;23:30-23:45;36.558
P25;1;SA;23:45-00:00;36.53
P25;1;FT;00:00-00:15;35.574
P25;1;FT;00:15-00:30;33.883
P25;1;FT;00:30-00:45;33.192
P25;1;FT;00:45-01:00;31.41
P25;1;FT;01:00-01:15;30.653
P25;1;FT;01:15-01:30;31.324
P25;1;FT;01:30-01:45;30.592
P25;1;FT;01:45-02:00;30.816
P25;1;FT;02:00-02:15;29.924
P25;1;FT;02:15-02:30;30.117
P25;1;FT;02:30-02:45;28.317
P25;1;FT;02:45-03:00;29.063
P25;1;FT;03:00-03:15;30.073
P25;1;FT;03:15-03:30;29.608
P25;1;FT;03:30-03:45;28.362
P25;1;FT;03:45-04:00;29.087
P25;1;FT;04:00-04:15;30.428
P25;1;FT;04:15-04:30;28.875
P25;1;FT;04:30-04:45;29.118
P25;1;FT;04:45-05:00;28.502
P25;1;FT;05:00-05:15;29.588
P25;1;FT;05:15-05:30;30.28
P25;1;FT;05:30-05:45;30.503
P25;1;FT;05:45-06:00;31.333
P25;1;FT;06:00-06:15;31.187
P25;1;FT;06:15-06:30;30.505
P25;1;FT;06:30-06:45;32.258
P25;1;FT;06:45-07:00;32.36
P25;1;FT;07:00-07:15;31.88
P25;1;FT;07:15-07:30;33.676
P25;1;FT;07:30-07:45;35.2
P25;1;FT;07:45-08:00;36.601
P25;1;FT;08:00-08:15;38.955
P25;1;FT;08:15-08:30;42.111
P25;1;FT;08:30-08:45;42.335
P25;1;FT;08:45-09:00;41.188
P25;1;FT;09:00-09:15;41.465
P25;1;FT;09:15-09:30;39.422
P25;1;FT;09:30-09:45;39.76
P25;1;FT;09:45-10:00;38.161
P25;1;FT;10:00-10:15;36.744
P25;1;FT;10:15-10:30;35.394
P25;1;FT;10:30-10:45;36.31
P25;1;FT;10:45-11:00;36.372
P25;1;FT;11:00-11:15;35.126
P25;1;FT;11:15-11:30;36.131
P25;1;FT;11:30-11:45;37.414
P25;1;FT;11:45-12:00;38.182
P25;1;FT;12:00-12:15;35.244
P25;1;FT;12:15-12:30;35.239
P25;1;FT;12:30-12:45;34.401
P25;1;FT;12:45-13:00;35.707
P25;1;FT;13:00-13:15;34.075
P25;1;FT;13:15-13:30;34.438
P25;1;FT;13:30-13:45;32.744
P25;1;FT;13:45-14:00;34.272
P25;1;FT;14:00-14:15;35.556
P25;1;FT;14:15-14:30;35.21
P25;1;FT;14:30-14:45;35.622
P25;1;FT;14:45-15:00;38.795
P25;1;FT;15:00-15:15;39.693
P25;1;FT;15:15-15:30;39.235
P25;1;FT;15:30-15:45;42.145
P25;1;FT;15:45-16:00;46.165
P25;1;FT;16:00-16:15;48.588
P25;1;FT;16:15-16:30;51.955
P25;1;FT;16:30-16:45;53.279
P25;1;FT;16:45-17:00;55.13
P25;1;FT;17:00-17:15;55.703
P25;1;FT;17:15-17:30;58.291
P25;1;FT;17:30-17:45;57.448
P25;1;FT;17:45-18:00;59.988
P25;1;FT;18:00-18:15;61.247
P25;1;FT;18:15-18:30;60.43
P25;1;FT;18:30-18:45;62.656
P25;1;FT;18:45-19:00;61.552
P25;1;FT;19:00-19:15;61.536
P25;1;FT;19:15-19:30;61.556
P25;1;FT;19:30-19:45;58.057
P25;1;FT;19:45-20:00;57.022
P25;1;FT;20:00-20:15;57.822
P25;1;FT;20:15-20:30;55.678
P25;1;FT;20:30-20:45;52.109
P25;1;FT;20:45-21:00;52.77
P25;1;FT;21:00-21:15;52.063
P25;1;FT;21:15-21:30;48.574
P25;1;FT;21:30-21:45;46.553
P25;1;FT;21:45-22:00;45.195
P25;1;FT;22:00-22:15;41.999
P25;1;FT;22:15-22:30;40.077
P25;1;FT;22:30-22:45;38.54
P25;1;FT;22:45-23:00;36.646
P25;1;FT;23:00-23:15;35.573
P25;1;FT;23:15-23:30;34.536
P25;1;FT;23:30-23:45;33.411
P25;1;FT;23:45-00:00;32.903
P25;1;WT;00:00-00:15;32.8
P25;1;WT;00:15-00:30;33.127
P25;1;WT;00:30-00:45;32.12
P25;1;WT;00:45-01:00;31.07
P25;1;WT;01:00-01:15;30.886
P25;1;WT;01:15-01:30;30.69
P25;1;WT;01:30-01:45;30.975
P25;1;WT;01:45-02:00;29.994
P25;1;WT;02:00-02:15;30.763
P25;1;WT;02:15-02:30;30.004
P25;1;WT;02:30-02:45;29.762
P25;1;WT;02:45-03:00;29.934
P25;1;WT;03:00-03:15;29.753
P25;1;WT;03:15-03:30;29.685
P25;1;WT;03:30-03:45;29.397
P25;1;WT;03:45-04:00;29.77
P25;1;WT;04:00-04:15;31.472
P25;1;WT;04:15-04:30;30.647
P25;1;WT;04:30-04:45;30.492
P25;1;WT;04:45-05:00;30.983
P25;1;WT;05:00-05:15;32.825
P25;1;WT;05:15-05:30;34.358
P25;1;WT;05:30-05:45;35.269
P25;1;WT;05:45-06:00;36.734
P25;1;WT;06:00-06:15;39.263
P25;1;WT;06:15-06:30;41.355
P25;1;WT;06:30-06:45;42.126
P25;1;WT;06:45-07:00;42.162
P25;1;WT;07:00-07:15;42.331
P25;1;WT;07:15-07:30;42.349
P25;1;WT;07:30-07:45;41.686
P25;1;WT;07:45-08:00;43.807
P25;1;WT;08:00-08:15;45.265
P25;1;WT;08:15-08:30;44.172
P25;1;WT;08:30-08:45;43.001
P25;1;WT;08:45-09:00;40.188
P25;1;WT;09:00-09:15;39.07
P25;1;WT;09:15-09:30;36.962
P25;1;WT;09:30-09:45;34.011
P25;1;WT;09:45-10:00;31.817
P25;1;WT;10:00-10:15;29.555
P25;1;WT;10:15-10:30;28.068
P25;1;WT;10:30-10:45;27.026
P25;1;WT;10:45-11:00;26.151
P25;1;WT;11:00-11:15;25.426
P25;1;WT;11:15-11:30;24.178
P25;1;WT;11:30-11:45;24.806
P25;1;WT;11:45-12:00;25.117
P25;1;WT;12:00-12:15;25.673
P25;1;WT;12:15-12:30;25.712
P25;1;WT;12:30-12:45;25.307
P25;1;WT;12:45-13:00;25.676
P25;1;WT;13:00-13:15;25.023
P25;1;WT;13:15-13:30;26.665
P25;1;WT;13:30-13:45;26.32
P25;1;WT;13:45-14:00;26.507
P25;1;WT;14:00-14:15;27.553
P25;1;WT;14:15-14:30;27.841
P25;1;WT;14:30-14:45;27.78
P25;1;WT;14:45-15:00;29.401
P25;1;WT;15:00-15:15;30.642
P25;1;WT;15:15-15:30;33.694
P25;1;WT;15:30-15:45;36.743
P25;1;WT;15:45-16:00;40.331
P25;1;WT;16:00-16:15;45.303
P25;1;WT;16:15-16:30;46.12
P25;1;WT;16:30-16:45;48.924
P25;1;WT;16:45-17:00;49.089
P25;1;WT;17:00-17:15;50.592
P25;1;WT;17:15-17:30;54.616
P25;1;WT;17:30-17:45;56.533
P25;1;WT;17:45-18:00;58.463
P25;1;WT;18:00-18:15;60.382
P25;1;WT;18:15-18:30;60.777
P25;1;WT;18:30-18:45;60.5
P25;1;WT;18:45-19:00;59.536
P25;1;WT;19:00-19:15;57.915
P25;1;WT;19:15-19:30;58.173
P25;1;WT;19:30-19:45;56.424
P25;1;WT;19:45-20:00;55.861
P25;1;WT;20:00-20:15;54.41
P25;1;WT;20:15-20:30;55.364
P25;1;WT;20:30-20:45;54.509
P25;1;WT;20:45-21:00;52.969
P25;1;WT;21:00-21:15;52.389
P25;1;WT;21:15-21:30;49.66
P25;1;WT;21:30-21:45;47.216
P25;1;WT;21:45-22:00;46.418
P25;1;WT;22:00-22:15;43.879
P25;1;WT;22:15-22:30;42.488
P25;1;WT;22:30-22:45;41.153
P25;1;WT;22:45-23:00;39.312
P25;1;WT;23:00-23:15;37.433
P25;1;WT;23:15-23:30;36.317
P25;1;WT;23:30-23:45;35.168
P25;1;WT;23:45-00:00;34.413
P25;2;SA;00:00-00:15;36.724
P25;2;SA;00:15-00:30;35.016
P25;2;SA;00:30-00:45;34.8
P25;2;SA;00:45-01:00;31.947
P25;2;SA;01:00-01:15;34.087
P25;2;SA;01:15-01:30;32.123
P25;2;SA;01:30-01:45;31.38
P25;2;SA;01:45-02:00;30.822
P25;2;SA;02:00-02:15;30.111
P25;2;SA;02:15-02:30;29.581
P25;2;SA;02:30-02:45;30.283
P25;2;SA;02:45-03:00;30.401
P25;2;SA;03:00-03:15;29.111
P25;2;SA;03:15-03:30;29.885
P25;2;SA;03:30-03:45;29.879
P25;2;SA;03:45-04:00;29.435
P25;2;SA;04:00-04:15;30.764
P25;2;SA;04:15-04:30;31.817
P25;2;SA;04:30-04:45;30.566
P25;2;SA;04:45-05:00;31.062
P25;2;SA;05:00-05:15;29.591
P25;2;SA;05:15-05:30;30.99
P25;2;SA;05:30-05:45;32.032
P25;2;SA;05:45-06:00;33.536
P25;2;SA;06:00-06:15;33.945
P25;2;SA;06:15-06:30;35.026
P25;2;SA;06:30-06:45;35.63
P25;2;SA;06:45-07:00;36.487
P25;2;SA;07:00-07:15;37.156
P25;2;SA;07:15-07:30;37.734
P25;2;SA;07:30-07:45;40.43
P25;2;SA;07:45-08:00;38.376
P25;2;SA;08:00-08:15;39.325
P25;2;SA;08:15-08:30;36.748
P25;2;SA;08:30-08:45;31.47
P25;2;SA;08:45-09:00;28.165
P25;2;SA;09:00-09:15;27.252
P25;2;SA;09:15-09:30;25.15
P25;2;SA;09:30-09:45;23.821
P25;2;SA;09:45-10:00;22.132
P25;2;SA;10:00-10:15;22.002
P25;2;SA;10:15-10:30;21.286
P25;2;SA;10:30-10:45;17.723
P25;2;SA;10:45-11:00;18.815
P25;2;SA;11:00-11:15;20.71
P25;2;SA;11:15-11:30;20.4
P25;2;SA;11:30-11:45;22.158
P25;2;SA;11:45-12:00;20.642
P25;2;SA;12:00-12:15;21.889
P25;2;SA;12:15-12:30;20.592
P25;2;SA;12:30-12:45;19.169
P25;2;SA;12:45-13:00;19.668
P25;2;SA;13:00-13:15;19.694
P25;2;SA;13:15-13:30;17.978
P25;2;SA;13:30-13:45;17.124
P25;2;SA;13:45-14:00;17.374
P25;2;SA;14:00-14:15;17.027
P25;2;SA;14:15-14:30;19.303
P25;2;SA;14:30-14:45;18.57
P25;2;SA;14:45-15:00;18.094
P25;2;SA;15:00-15:15;20.871
P25;2;SA;15:15-15:30;21.855
P25;2;SA;15:30-15:45;23.092
P25;2;SA;15:45-16:00;24.774
P25;2;SA;16:00-16:15;26.195
P25;2;SA;16:15-16:30;30.867
P25;2;SA;16:30-16:45;34.753
P25;2;SA;16:45-17:00;36.795
P25;2;SA;17:00-17:15;44.379
P25;2;SA;17:15-17:30;46.226
P25;2;SA;17:30-17:45;51.992
P25;2;SA;17:45-18:00;58.157
P25;2;SA;18:00-18:15;55.91
P25;2;SA;18:15-18:30;59.729
P25;2;SA;18:30-18:45;58.999
P25;2;SA;18:45-19:00;58.213
P25;2;SA;19:00-19:15;59.356
P25;2;SA;19:15-19:30;56.214
P25;2;SA;19:30-19:45;53.892
P25;2;SA;19:45-20:00;50.812
P25;2;SA;20:00-20:15;51.576
P25;2;SA;20:15-20:30;49.024
P25;2;SA;20:30-20:45;48.848
P25;2;SA;20:45-21:00;45.683
P25;2;SA;21:00-21:15;46.925
P25;2;SA;21:15-21:30;46.236
P25;2;SA;21:30-21:45;42.333
P25;2;SA;21:45-22:00;42.646
P25;2;SA;22:00-22:15;38.926
P25;2;SA;22:15-22:30;40.038
P25;2;SA;22:30-22:45;37.697
P25;2;SA;22:45-23:00;37.302
P25;2;SA;23:00-23:15;38.054
P25;2;SA;23:15-23:30;35.77
P25;2;SA;23:30-23:45;36.863
P25;2;SA;23:45-00:00;35.178
P25;2;FT;00:00-00:15;32.804
P25;2;FT;00:15-00:30;33.262
P25;2;FT;00:30-00:45;34.435
P25;2;FT;00:45-01:00;33.386
P25;2;FT;01:00-01:15;32.972
P25;2;FT;01:15-01:30;30.758
P25;2;FT;01:30-01:45;31.329
P25;2;FT;01:45-02:00;30.571
P25;2;FT;02:00-02:15;30.116
P25;2;FT;02:15-02:30;30.939
P25;2;FT;02:30-02:45;29.819
P25;2;FT;02:45-03:00;29.693
P25;2;FT;03:00-03:15;31.48
P25;2;FT;03:15-03:30;29.9
P25;2;FT;03:30-03:45;29.977
P25;2;FT;03:45-04:00;30.524
P25;2;FT;04:00-04:15;30.777
P25;2;FT;04:15-04:30;31.462
P25;2;FT;04:30-04:45;32.399
P25;2;FT;04:45-05:00;31.427
P25;2;FT;05:00-05:15;31.028
P25;2;FT;05:15-05:30;33.121
P25;2;FT;05:30-05:45;32.147
P25;2;FT;05:45-06:00;34.087
P25;2;FT;06:00-06:15;31.499
P25;2;FT;06:15-06:30;32.912
P25;2;FT;06:30-06:45;34.892
P25;2;FT;06:45-07:00;34.976
P25;2;FT;07:00-07:15;34.619
P25;2;FT;07:15-07:30;35.992
P25;2;FT;07:30-07:45;37.247
P25;2;FT;07:45-08:00;36.97
P25;2;FT;08:00-08:15;36.07
P25;2;FT;08:15-08:30;33.686
P25;2;FT;08:30-08:45;32.841
P25;2;FT;08:45-09:00;31.714
P25;2;FT;09:00-09:15;35.309
P25;2;FT;09:15-09:30;31.775
P25;2;FT;09:30-09:45;29.664
P25;2;FT;09:45-10:00;26.944
P25;2;FT;10:00-10:15;27.595
P25;2;FT;10:15-10:30;27.377
P25;2;FT;10:30-10:45;28.606
P25;2;FT;10:45-11:00;26.267
P25;2;FT;11:00-11:15;27.889
P25;2;FT;11:15-11:30;26.797
P25;2;FT;11:30-11:45;26.866
P25;2;FT;11:45-12:00;28.2
P25;2;FT;12:00-12:15;27.245
P25;2;FT;12:15-12:30;26.28
P25;2;FT;12:30-12:45;24.327
P25;2;FT;12:45-13:00;22.831
P25;2;FT;13:00-13:15;22.815
P25;2;FT;13:15-13:30;21.598
P25;2;FT;13:30-13:45;20.838
P25;2;FT;13:45-14:00;19.093
P25;2;FT;14:00-14:15;20.695
P25;2;FT;14:15-14:30;23.794
P25;2;FT;14:30-14:45;23.758
P25;2;FT;14:45-15:00;23.082
P25;2;FT;15:00-15:15;22.519
P25;2;FT;15:15-15:30;24.182
P25;2;FT;15:30-15:45;25.477
P25;2;FT;15:45-16:00;26.267
P25;2;FT;16:00-16:15;26.36
P25;2;FT;16:15-16:30;31.202
P25;2;FT;16:30-16:45;36.421
P25;2;FT;16:45-17:00;37.362
P25;2;FT;17:00-17:15;42.65
P25;2;FT;17:15-17:30;47.028
P25;2;FT;17:30-17:45;52.29
P25;2;FT;17:45-18:00;55.952
P25;2;FT;18:00-18:15;58.285
P25;2;FT;18:15-18:30;56.4
P25;2;FT;18:30-18:45;55.389
P25;2;FT;18:45-19:00;54.858
P25;2;FT;19:00-19:15;55.274
P25;2;FT;19:15-19:30;58.225
P25;2;FT;19:30-19:45;55.776
P25;2;FT;19:45-20:00;55.59
P25;2;FT;20:00-20:15;55.812
P25;2;FT;20:15-20:30;55.232
P25;2;FT;20:30-20:45;52.09
P25;2;FT;20:45-21:00;51.96
P25;2;FT;21:00-21:15;47.4
P25;2;FT;21:15-21:30;47.594
P25;2;FT;21:30-21:45;44.128
P25;2;FT;21:45-22:00;40.816
P25;2;FT;22:00-22:15;42.69
P25;2;FT;22:15-22:30;39.106
P25;2;FT;22:30-22:45;38.645
P25;2;FT;22:45-23:00;36.853
P25;2;FT;23:00-23:15;33.338
P25;2;FT;23:15-23:30;33.652
P25;2;FT;23:30-23:45;32.88
P25;2;FT;23:45-00:00;31.265
P25;2;WT;00:00-00:15;31.606
P25;2;WT;00:15-00:30;30.536
P25;2;WT;00:30-00:45;30.504
P25;2;WT;00:45-01:00;29.502
P25;2;WT;01:00-01:15;29.317
P25;2;WT;01:15-01:30;29.907
P25;2;WT;01:30-01:45;28.83
P25;2;WT;01:45-02:00;29.016
P25;2;WT;02:00-02:15;29.325
P25;2;WT;02:15-02:30;29.33
P25;2;WT;02:30-02:45;29.534
P25;2;WT;02:45-03:00;29.045
P25;2;WT;03:00-03:15;29.656
P25;2;WT;03:15-03:30;29.222
P25;2;WT;03:30-03:45;29.794
P25;2;WT;03:45-04:00;29.451
P25;2;WT;04:00-04:15;30.486
P25;2;WT;04:15-04:30;30.324
P25;2;WT;04:30-04:45;30.879
P25;2;WT;04:45-05:00;31.278
P25;2;WT;05:00-05:15;33.539
P25;2;WT;05:15-05:30;34.025
P25;2;WT;05:30-05:45;35.414
P25;2;WT;05:45-06:00;36.761
P25;2;WT;06:00-06:15;39.4
P25;2;WT;06:15-06:30;41.085
P25;2;WT;06:30-06:45;42.69
P25;2;WT;06:45-07:00;41.638
P25;2;WT;07:00-07:15;41.885
P25;2;WT;07:15-07:30;41.087
P25;2;WT;07:30-07:45;39.859
P25;2;WT;07:45-08:00;38.794
P25;2;WT;08:00-08:15;35.827
P25;2;WT;08:15-08:30;32.42
P25;2;WT;08:30-08:45;29.428
P25;2;WT;08:45-09:00;27.359
P25;2;WT;09:00-09:15;24.838
P25;2;WT;09:15-09:30;22.168
P25;2;WT;09:30-09:45;21.088
P25;2;WT;09:45-10:00;19.165
P25;2;WT;10:00-10:15;18.053
P25;2;WT;10:15-10:30;16.453
P25;2;WT;10:30-10:45;15.32
P25;2;WT;10:45-11:00;14.072
P25;2;WT;11:00-11:15;12.823
P25;2;WT;11:15-11:30;12.646
P25;2;WT;11:30-11:45;12.318
P25;2;WT;11:45-12:00;13.895
P25;2;WT;12:00-12:15;14.091
P25;2;WT;12:15-12:30;13.302
P25;2;WT;12:30-12:45;13.215
P25;2;WT;12:45-13:00;13.166
P25;2;WT;13:00-13:15;13.103
P25;2;WT;13:15-13:30;13.596
P25;2;WT;13:30-13:45;14.366
P25;2;WT;13:45-14:00;15.415
P25;2;WT;14:00-14:15;14.018
P25;2;WT;14:15-14:30;13.679
P25;2;WT;14:30-14:45;14.295
P25;2;WT;14:45-15:00;14.935
P25;2;WT;15:00-15:15;16.239
P25;2;WT;15:15-15:30;17.489
P25;2;WT;15:30-15:45;19.644
P25;2;WT;15:45-16:00;21.82
P25;2;WT;16:00-16:15;24.808
P25;2;WT;16:15-16:30;27.584
P25;2;WT;16:30-16:45;31.856
P25;2;WT;16:45-17:00;34.571
P25;2;WT;17:00-17:15;38.785
P25;2;WT;17:15-17:30;42.39
P25;2;WT;17:30-17:45;46.858
P25;2;WT;17:45-18:00;48.845
P25;2;WT;18:00-18:15;51.99
P25;2;WT;18:15-18:30;55.019
P25;2;WT;18:30-18:45;53.95
P25;2;WT;18:45-19:00;54.043
P25;2;WT;19:00-19:15;54.036
P25;2;WT;19:15-19:30;53.068
P25;2;WT;19:30-19:45;51.726
P25;2;WT;19:45-20:00;50.724
P25;2;WT;20:00-20:15;51.159
P25;2;WT;20:15-20:30;51.651
P25;2;WT;20:30-20:45;49.647
P25;2;WT;20:45-21:00;49.109
P25;2;WT;21:00-21:15;48.227
P25;2;WT;21:15-21:30;45.984
P25;2;WT;21:30-21:45;44.489
P25;2;WT;21:45-22:00;42.706
P25;2;WT;22:00-22:15;40.587
P25;2;WT;22:15-22:30;38.707
P25;2;WT;22:30-22:45;37.498
P25;2;WT;22:45-23:00;35.814
P25;2;WT;23:00-23:15;34.249
P25;2;WT;23:15-23:30;33.18
P25;2;WT;23:30-23:45;33.13
P25;2;WT;23:45-00:00;31.926
P25;3;SA;00:00-00:15;32.636
P25;3;SA;00:15-00:30;32.478
P25;3;SA;00:30-00:45;29.628
P25;3;SA;00:45-01:00;32.381
P25;3;SA;01:00-01:15;31.927
P25;3;SA;01:15-01:30;30.924
P25;3;SA;01:30-01:45;31.252
P25;3;SA;01:45-02:00;31.857
P25;3;SA;02:00-02:15;32.367
P25;3;SA;02:15-02:30;32.176
P25;3;SA;02:30-02:45;32.62
P25;3;SA;02:45-03:00;31.547
P25;3;SA;03:00-03:15;31.866
P25;3;SA;03:15-03:30;30.034
P25;3;SA;03:30-03:45;30.418
P25;3;SA;03:45-04:00;31.816
P25;3;SA;04:00-04:15;33.598
P25;3;SA;04:15-04:30;31.955
P25;3;SA;04:30-04:45;32.037
P25;3;SA;04:45-05:00;31.359
P25;3;SA;05:00-05:15;32.038
P25;3;SA;05:15-05:30;34.268
P25;3;SA;05:30-05:45;33.4
P25;3;SA;05:45-06:00;36.755
P25;3;SA;06:00-06:15;35.564
P25;3;SA;06:15-06:30;35.157
P25;3;SA;06:30-06:45;36.669
P25;3;SA;06:45-07:00;33.01
P25;3;SA;07:00-07:15;32.944
P25;3;SA;07:15-07:30;31.579
P25;3;SA;07:30-07:45;28.302
P25;3;SA;07:45-08:00;28.079
P25;3;SA;08:00-08:15;27.044
P25;3;SA;08:15-08:30;24.847
P25;3;SA;08:30-08:45;22.512
P25;3;SA;08:45-09:00;20.696
P25;3;SA;09:00-09:15;19.815
P25;3;SA;09:15-09:30;18.151
P25;3;SA;09:30-09:45;15.721
P25;3;SA;09:45-10:00;13.441
P25;3;SA;10:00-10:15;12.245
P25;3;SA;10:15-10:30;11.827
P25;3;SA;10:30-10:45;11.19
P25;3;SA;10:45-11:00;11.83
P25;3;SA;11:00-11:15;11.865
P25;3;SA;11:15-11:30;11.225
P25;3;SA;11:30-11:45;13.625
P25;3;SA;11:45-12:00;15.941
P25;3;SA;12:00-12:15;15.49
P25;3;SA;12:15-12:30;13.728
P25;3;SA;12:30-12:45;14.303
P25;3;SA;12:45-13:00;15.147
P25;3;SA;13:00-13:15;14.258
P25;3;SA;13:15-13:30;12.663
P25;3;SA;13:30-13:45;13.269
P25;3;SA;13:45-14:00;12.828
P25;3;SA;14:00-14:15;12.407
P25;3;SA;14:15-14:30;10.582
P25;3;SA;14:30-14:45;11.556
P25;3;SA;14:45-15:00;10.588
P25;3;SA;15:00-15:15;12.207
P25;3;SA;15:15-15:30;13.472
P25;3;SA;15:30-15:45;13.941
P25;3;SA;15:45-16:00;15.355
P25;3;SA;16:00-16:15;15.866
P25;3;SA;16:15-16:30;16.984
P25;3;SA;16:30-16:45;19.331
P25;3;SA;16:45-17:00;22.582
P25;3;SA;17:00-17:15;23.221
P25;3;SA;17:15-17:30;29.011
P25;3;SA;17:30-17:45;34.018
P25;3;SA;17:45-18:00;37.431
P25;3;SA;18:00-18:15;43.43
P25;3;SA;18:15-18:30;46.559
P25;3;SA;18:30-18:45;47.926
P25;3;SA;18:45-19:00;52.697
P25;3;SA;19:00-19:15;51.627
P25;3;SA;19:15-19:30;49.664
P25;3;SA;19:30-19:45;52.268
P25;3;SA;19:45-20:00;50.295
P25;3;SA;20:00-20:15;50.105
P25;3;SA;20:15-20:30;49.568
P25;3;SA;20:30-20:45;50.37
P25;3;SA;20:45-21:00;45.682
P25;3;SA;21:00-21:15;48.219
P25;3;SA;21:15-21:30;46.937
P25;3;SA;21:30-21:45;42.818
P25;3;SA;21:45-22:00;43.733
P25;3;SA;22:00-22:15;40.244
P25;3;SA;22:15-22:30;40.947
P25;3;SA;22:30-22:45;38.56
P25;3;SA;22:45-23:00;37.453
P25;3;SA;23:00-23:15;37.883
P25;3;SA;23:15-23:30;38.616
P25;3;SA;23:30-23:45;33.74
P25;3;SA;23:45-00:00;32.578
P25;3;FT;00:00-00:15;32.049
P25;3;FT;00:15-00:30;32.532
P25;3;FT;00:30-00:45;30.314
P25;3;FT;00:45-01:00;32.535
P25;3;FT;01:00-01:15;29.993
P25;3;FT;01:15-01:30;31.439
P25;3;FT;01:30-01:45;30.515
P25;3;FT;01:45-02:00;28.688
P25;3;FT;02:00-02:15;29.686
P25;3;FT;02:15-02:30;31.712
P25;3;FT;02:30-02:45;29.038
P25;3;FT;02:45-03:00;30.139
P25;3;FT;03:00-03:15;29.424
P25;3;FT;03:15-03:30;28.811
P25;3;FT;03:30-03:45;30.821
P25;3;FT;03:45-04:00;30.37
P25;3;FT;04:00-04:15;30.315
P25;3;FT;04:15-04:30;30.041
P25;3;FT;04:30-04:45;30.215
P25;3;FT;04:45-05:00;29.533
P25;3;FT;05:00-05:15;32.168
P25;3;FT;05:15-05:30;31.624
P25;3;FT;05:30-05:45;32.443
P25;3;FT;05:45-06:00;33.561
P25;3;FT;06:00-06:15;33.953
P25;3;FT;06:15-06:30;33.005
P25;3;FT;06:30-06:45;36.305
P25;3;FT;06:45-07:00;34.352
P25;3;FT;07:00-07:15;29.114
P25;3;FT;07:15-07:30;26.441
P25;3;FT;07:30-07:45;25.987
P25;3;FT;07:45-08:00;22.92
P25;3;FT;08:00-08:15;23.761
P25;3;FT;08:15-08:30;21.562
P25;3;FT;08:30-08:45;20.462
P25;3;FT;08:45-09:00;19.746
P25;3;FT;09:00-09:15;18.37
P25;3;FT;09:15-09:30;17.088
P25;3;FT;09:30-09:45;17.213
P25;3;FT;09:45-10:00;18.343
P25;3;FT;10:00-10:15;16.211
P25;3;FT;10:15-10:30;15.924
P25;3;FT;10:30-10:45;16.843
P25;3;FT;10:45-11:00;15.92
P25;3;FT;11:00-11:15;15.367
P25;3;FT;11:15-11:30;15.723
P25;3;FT;11:30-11:45;15.214
P25;3;FT;11:45-12:00;17.925
P25;3;FT;12:00-12:15;18.22
P25;3;FT;12:15-12:30;17.336
P25;3;FT;12:30-12:45;17.514
P25;3;FT;12:45-13:00;17.192
P25;3;FT;13:00-13:15;15.078
P25;3;FT;13:15-13:30;14.494
P25;3;FT;13:30-13:45;16.044
P25;3;FT;13:45-14:00;16.186
P25;3;FT;14:00-14:15;14.738
P25;3;FT;14:15-14:30;16.955
P25;3;FT;14:30-14:45;16.21
P25;3;FT;14:45-15:00;15.62
P25;3;FT;15:00-15:15;18.632
P25;3;FT;15:15-15:30;20.344
P25;3;FT;15:30-15:45;20.858
P25;3;FT;15:45-16:00;21.127
P25;3;FT;16:00-16:15;21.895
P25;3;FT;16:15-16:30;23.839
P25;3;FT;16:30-16:45;25.533
P25;3;FT;16:45-17:00;26.602
P25;3;FT;17:00-17:15;27.291
P25;3;FT;17:15-17:30;28.763
P25;3;FT;17:30-17:45;35.898
P25;3;FT;17:45-18:00;43.726
P25;3;FT;18:00-18:15;45.318
P25;3;FT;18:15-18:30;50.34
P25;3;FT;18:30-18:45;50.094
P25;3;FT;18:45-19:00;52.851
P25;3;FT;19:00-19:15;54.213
P25;3;FT;19:15-19:30;52.348
P25;3;FT;19:30-19:45;53.294
P25;3;FT;19:45-20:00;53.766
P25;3;FT;20:00-20:15;53.715
P25;3;FT;20:15-20:30;52.468
P25;3;FT;20:30-20:45;50.235
P25;3;FT;20:45-21:00;47.021
P25;3;FT;21:00-21:15;45.943
P25;3;FT;21:15-21:30;44.638
P25;3;FT;21:30-21:45;42.476
P25;3;FT;21:45-22:00;40.584
P25;3;FT;22:00-22:15;39.748
P25;3;FT;22:15-22:30;36.957
P25;3;FT;22:30-22:45;36.69
P25;3;FT;22:45-23:00;34.555
P25;3;FT;23:00-23:15;32.947
P25;3;FT;23:15-23:30;30.184
P25;3;FT;23:30-23:45;31.172
P25;3;FT;23:45-00:00;29.69
P25;3;WT;00:00-00:15;29.429
P25;3;WT;00:15-00:30;30.155
P25;3;WT;00:30-00:45;29.708
P25;3;WT;00:45-01:00;29.462
P25;3;WT;01:00-01:15;29.063
P25;3;WT;01:15-01:30;29.286
P25;3;WT;01:30-01:45;29.409
P25;3;WT;01:45-02:00;28.543
P25;3;WT;02:00-02:15;29.071
P25;3;WT;02:15-02:30;29.399
P25;3;WT;02:30-02:45;29.608
P25;3;WT;02:45-03:00;29.857
P25;3;WT;03:00-03:15;30.183
P25;3;WT;03:15-03:30;29.94
P25;3;WT;03:30-03:45;30.382
P25;3;WT;03:45-04:00;30.638
P25;3;WT;04:00-04:15;31.023
P25;3;WT;04:15-04:30;31.345
P25;3;WT;04:30-04:45;30.921
P25;3;WT;04:45-05:00;31.302
P25;3;WT;05:00-05:15;34.849
P25;3;WT;05:15-05:30;35.765
P25;3;WT;05:30-05:45;37.966
P25;3;WT;05:45-06:00;39.687
P25;3;WT;06:00-06:15;41.596
P25;3;WT;06:15-06:30;45.106
P25;3;WT;06:30-06:45;43.694
P25;3;WT;06:45-07:00;41.567
P25;3;WT;07:00-07:15;37.983
P25;3;WT;07:15-07:30;33.394
P25;3;WT;07:30-07:45;28.735
P25;3;WT;07:45-08:00;26.717
P25;3;WT;08:00-08:15;24.015
P25;3;WT;08:15-08:30;21.567
P25;3;WT;08:30-08:45;18.655
P25;3;WT;08:45-09:00;16.747
P25;3;WT;09:00-09:15;15.247
P25;3;WT;09:15-09:30;13.291
P25;3;WT;09:30-09:45;11.967
P25;3;WT;09:45-10:00;11.961
P25;3;WT;10:00-10:15;10.463
P25;3;WT;10:15-10:30;10.62
P25;3;WT;10:30-10:45;10.093
P25;3;WT;10:45-11:00;10.101
P25;3;WT;11:00-11:15;9.633
P25;3;WT;11:15-11:30;9.616
P25;3;WT;11:30-11:45;9.686
P25;3;WT;11:45-12:00;9.478
P25;3;WT;12:00-12:15;9.576
P25;3;WT;12:15-12:30;9.45
P25;3;WT;12:30-12:45;8.865
P25;3;WT;12:45-13:00;8.761
P25;3;WT;13:00-13:15;8.39
P25;3;WT;13:15-13:30;9.016
P25;3;WT;13:30-13:45;8.985
P25;3;WT;13:45-14:00;8.808
P25;3;WT;14:00-14:15;8.696
P25;3;WT;14:15-14:30;8.96
P25;3;WT;14:30-14:45;9.34
P25;3;WT;14:45-15:00;9.631
P25;3;WT;15:00-15:15;10.424
P25;3;WT;15:15-15:30;11.195
P25;3;WT;15:30-15:45;12.782
P25;3;WT;15:45-16:00;13.988
P25;3;WT;16:00-16:15;15.077
P25;3;WT;16:15-16:30;17.691
P25;3;WT;16:30-16:45;18.946
P25;3;WT;16:45-17:00;21.55
P25;3;WT;17:00-17:15;23.447
P25;3;WT;17:15-17:30;27.828
P25;3;WT;17:30-17:45;33.1
P25;3;WT;17:45-18:00;37.875
P25;3;WT;18:00-18:15;43.939
P25;3;WT;18:15-18:30;48.042
P25;3;WT;18:30-18:45;50.824
P25;3;WT;18:45-19:00;53.069
P25;3;WT;19:00-19:15;53.362
P25;3;WT;19:15-19:30;54.25
P25;3;WT;19:30-19:45;52.906
P25;3;WT;19:45-20:00;51.773
P25;3;WT;20:00-20:15;52.521
P25;3;WT;20:15-20:30;52.42
P25;3;WT;20:30-20:45;49.073
P25;3;WT;20:45-21:00;48.695
P25;3;WT;21:00-21:15;47.42
P25;3;WT;21:15-21:30;45.714
P25;3;WT;21:30-21:45;43.323
P25;3;WT;21:45-22:00;42.393
P25;3;WT;22:00-22:15;40.679
P25;3;WT;22:15-22:30;38.756
P25;3;WT;22:30-22:45;36.58
P25;3;WT;22:45-23:00;34.88
P25;3;WT;23:00-23:15;33.861
P25;3;WT;23:15-23:30;32.322
P25;3;WT;23:30-23:45;31.961
P25;3;WT;23:45-00:00;30.603
P25;4;SA;00:00-00:15;31.553
P25;4;SA;00:15-00:30;29.177
P25;4;SA;00:30-00:45;29.196
P25;4;SA;00:45-01:00;28.716
P25;4;SA;01:00-01:15;28.987
P25;4;SA;01:15-01:30;28.592
P25;4;SA;01:30-01:45;30.033
P25;4;SA;01:45-02:00;28.706
P25;4;SA;02:00-02:15;28.813
P25;4;SA;02:15-02:30;28.209
P25;4;SA;02:30-02:45;27.042
P25;4;SA;02:45-03:00;27.682
P25;4;SA;03:00-03:15;27.929
P25;4;SA;03:15-03:30;27.311
P25;4;SA;03:30-03:45;28.633
P25;4;SA;03:45-04:00;27.62
P25;4;SA;04:00-04:15;29.739
P25;4;SA;04:15-04:30;30.163
P25;4;SA;04:30-04:45;29.115
P25;4;SA;04:45-05:00;29.307
P25;4;SA;05:00-05:15;29.993
P25;4;SA;05:15-05:30;31.103
P25;4;SA;05:30-05:45;33.939
P25;4;SA;05:45-06:00;32.593
P25;4;SA;06:00-06:15;32.748
P25;4;SA;06:15-06:30;31.736
P25;4;SA;06:30-06:45;31.812
P25;4;SA;06:45-07:00;29.692
P25;4;SA;07:00-07:15;28.991
P25;4;SA;07:15-07:30;26.884
P25;4;SA;07:30-07:45;26.997
P25;4;SA;07:45-08:00;26.554
P25;4;SA;08:00-08:15;26.421
P25;4;SA;08:15-08:30;26.151
P25;4;SA;08:30-08:45;24.433
P25;4;SA;08:45-09:00;23.731
P25;4;SA;09:00-09:15;22.654
P25;4;SA;09:15-09:30;23.06
P25;4;SA;09:30-09:45;20.722
P25;4;SA;09:45-10:00;18.797
P25;4;SA;10:00-10:15;15.594
P25;4;SA;10:15-10:30;15.76
P25;4;SA;10:30-10:45;16.783
P25;4;SA;10:45-11:00;18.041
P25;4;SA;11:00-11:15;17.579
P25;4;SA;11:15-11:30;18.011
P25;4;SA;11:30-11:45;17.157
P25;4;SA;11:45-12:00;18.338
P25;4;SA;12:00-12:15;17.316
P25;4;SA;12:15-12:30;16.842
P25;4;SA;12:30-12:45;15.335
P25;4;SA;12:45-13:00;14.362
P25;4;SA;13:00-13:15;13.098
P25;4;SA;13:15-13:30;11.984
P25;4;SA;13:30-13:45;12.525
P25;4;SA;13:45-14:00;11.48
P25;4;SA;14:00-14:15;10.79
P25;4;SA;14:15-14:30;10.013
P25;4;SA;14:30-14:45;10.16
P25;4;SA;14:45-15:00;11.012
P25;4;SA;15:00-15:15;11.016
P25;4;SA;15:15-15:30;11.824
P25;4;SA;15:30-15:45;11.664
P25;4;SA;15:45-16:00;11.41
P25;4;SA;16:00-16:15;13.042
P25;4;SA;16:15-16:30;17.175
P25;4;SA;16:30-16:45;17.923
P25;4;SA;16:45-17:00;17.81
P25;4;SA;17:00-17:15;16.397
P25;4;SA;17:15-17:30;17.082
P25;4;SA;17:30-17:45;19.386
P25;4;SA;17:45-18:00;21.532
P25;4;SA;18:00-18:15;24.428
P25;4;SA;18:15-18:30;24.798
P25;4;SA;18:30-18:45;28.31
P25;4;SA;18:45-19:00;30.097
P25;4;SA;19:00-19:15;34.325
P25;4;SA;19:15-19:30;36.701
P25;4;SA;19:30-19:45;40.692
P25;4;SA;19:45-20:00;43.476
P25;4;SA;20:00-20:15;46.487
P25;4;SA;20:15-20:30;47.07
P25;4;SA;20:30-20:45;48.49
P25;4;SA;20:45-21:00;47.426
P25;4;SA;21:00-21:15;45.249
P25;4;SA;21:15-21:30;44.348
P25;4;SA;21:30-21:45;42.768
P25;4;SA;21:45-22:00;41.8
P25;4;SA;22:00-22:15;40.602
P25;4;SA;22:15-22:30;38.838
P25;4;SA;22:30-22:45;36.931
P25;4;SA;22:45-23:00;37.69
P25;4;SA;23:00-23:15;35.289
P25;4;SA;23:15-23:30;34.637
P25;4;SA;23:30-23:45;34.638
P25;4;SA;23:45-00:00;32.327
P25;4;FT;00:00-00:15;33.931
P25;4;FT;00:15-00:30;31.793
P25;4;FT;00:30-00:45;29.258
P25;4;FT;00:45-01:00;29.097
P25;4;FT;01:00-01:15;28.906
P25;4;FT;01:15-01:30;30.57
P25;4;FT;01:30-01:45;28.434
P25;4;FT;01:45-02:00;29.335
P25;4;FT;02:00-02:15;28.127
P25;4;FT;02:15-02:30;29.333
P25;4;FT;02:30-02:45;28.784
P25;4;FT;02:45-03:00;28.021
P25;4;FT;03:00-03:15;28.924
P25;4;FT;03:15-03:30;30.335
P25;4;FT;03:30-03:45;30.183
P25;4;FT;03:45-04:00;31.091
P25;4;FT;04:00-04:15;30.905
P25;4;FT;04:15-04:30;30.333
P25;4;FT;04:30-04:45;31.731
P25;4;FT;04:45-05:00;30.034
P25;4;FT;05:00-05:15;31.08
P25;4;FT;05:15-05:30;33.76
P25;4;FT;05:30-05:45;32.931
P25;4;FT;05:45-06:00;33.313
P25;4;FT;06:00-06:15;31.787
P25;4;FT;06:15-06:30;32.625
P25;4;FT;06:30-06:45;33.398
P25;4;FT;06:45-07:00;29.964
P25;4;FT;07:00-07:15;28.847
P25;4;FT;07:15-07:30;26.375
P25;4;FT;07:30-07:45;24.51
P25;4;FT;07:45-08:00;21.403
P25;4;FT;08:00-08:15;21.884
P25;4;FT;08:15-08:30;21.069
P25;4;FT;08:30-08:45;19.893
P25;4;FT;08:45-09:00;17.69
P25;4;FT;09:00-09:15;17.062
P25;4;FT;09:15-09:30;17.493
P25;4;FT;09:30-09:45;18.134
P25;4;FT;09:45-10:00;19.089
P25;4;FT;10:00-10:15;15.834
P25;4;FT;10:15-10:30;16.733
P25;4;FT;10:30-10:45;16.856
P25;4;FT;10:45-11:00;15.045
P25;4;FT;11:00-11:15;13.538
P25;4;FT;11:15-11:30;14.976
P25;4;FT;11:30-11:45;17.813
P25;4;FT;11:45-12:00;17.999
P25;4;FT;12:00-12:15;17.178
P25;4;FT;12:15-12:30;14.709
P25;4;FT;12:30-12:45;14.284
P25;4;FT;12:45-13:00;13.459
P25;4;FT;13:00-13:15;12.563
P25;4;FT;13:15-13:30;12.358
P25;4;FT;13:30-13:45;9.962
P25;4;FT;13:45-14:00;11.349
P25;4;FT;14:00-14:15;11.201
P25;4;FT;14:15-14:30;9.268
P25;4;FT;14:30-14:45;10.207
P25;4;FT;14:45-15:00;10.259
P25;4;FT;15:00-15:15;11.152
P25;4;FT;15:15-15:30;11.648
P25;4;FT;15:30-15:45;11.654
P25;4;FT;15:45-16:00;11.548
P25;4;FT;16:00-16:15;12.901
P25;4;FT;16:15-16:30;14.641
P25;4;FT;16:30-16:45;14.331
P25;4;FT;16:45-17:00;14.447
P25;4;FT;17:00-17:15;17.008
P25;4;FT;17:15-17:30;18.155
P25;4;FT;17:30-17:45;21.377
P25;4;FT;17:45-18:00;22.341
P25;4;FT;18:00-18:15;24.7
P25;4;FT;18:15-18:30;28.852
P25;4;FT;18:30-18:45;29.537
P25;4;FT;18:45-19:00;31.223
P25;4;FT;19:00-19:15;36.847
P25;4;FT;19:15-19:30;40.365
P25;4;FT;19:30-19:45;40.371
P25;4;FT;19:45-20:00;43.467
P25;4;FT;20:00-20:15;46.785
P25;4;FT;20:15-20:30;47.116
P25;4;FT;20:30-20:45;46.613
P25;4;FT;20:45-21:00;45.642
P25;4;FT;21:00-21:15;42.949
P25;4;FT;21:15-21:30;42.003
P25;4;FT;21:30-21:45;42.093
P25;4;FT;21:45-22:00;40.8
P25;4;FT;22:00-22:15;38.848
P25;4;FT;22:15-22:30;38.181
P25;4;FT;22:30-22:45;36.476
P25;4;FT;22:45-23:00;33.252
P25;4;FT;23:00-23:15;31.828
P25;4;FT;23:15-23:30;30.606
P25;4;FT;23:30-23:45;29.898
P25;4;FT;23:45-00:00;29.28
P25;4;WT;00:00-00:15;29.786
P25;4;WT;00:15-00:30;29.637
P25;4;WT;00:30-00:45;28.264
P25;4;WT;00:45-01:00;28.495
P25;4;WT;01:00-01:15;28.205
P25;4;WT;01:15-01:30;27.96
P25;4;WT;01:30-01:45;29.572
P25;4;WT;01:45-02:00;27.76
P25;4;WT;02:00-02:15;27.96
P25;4;WT;02:15-02:30;27.931
P25;4;WT;02:30-02:45;27.357
P25;4;WT;02:45-03:00;28.092
P25;4;WT;03:00-03:15;28.703
P25;4;WT;03:15-03:30;28.552
P25;4;WT;03:30-03:45;28.969
P25;4;WT;03:45-04:00;29.327
P25;4;WT;04:00-04:15;29.659
P25;4;WT;04:15-04:30;30.028
P25;4;WT;04:30-04:45;29.852
P25;4;WT;04:45-05:00;29.872
P25;4;WT;05:00-05:15;33.633
P25;4;WT;05:15-05:30;34.2
P25;4;WT;05:30-05:45;37.003
P25;4;WT;05:45-06:00;36.819
P25;4;WT;06:00-06:15;39.158
P25;4;WT;06:15-06:30;40.53
P25;4;WT;06:30-06:45;38.555
P25;4;WT;06:45-07:00;35.473
P25;4;WT;07:00-07:15;32.072
P25;4;WT;07:15-07:30;27.909
P25;4;WT;07:30-07:45;23.831
P25;4;WT;07:45-08:00;21.099
P25;4;WT;08:00-08:15;19.83
P25;4;WT;08:15-08:30;17.17
P25;4;WT;08:30-08:45;15.755
P25;4;WT;08:45-09:00;14.196
P25;4;WT;09:00-09:15;12.494
P25;4;WT;09:15-09:30;11.246
P25;4;WT;09:30-09:45;10.499
P25;4;WT;09:45-10:00;10.054
P25;4;WT;10:00-10:15;9.312
P25;4;WT;10:15-10:30;8.744
P25;4;WT;10:30-10:45;8.457
P25;4;WT;10:45-11:00;8.148
P25;4;WT;11:00-11:15;7.775
P25;4;WT;11:15-11:30;7.247
P25;4;WT;11:30-11:45;7.243
P25;4;WT;11:45-12:00;7.491
P25;4;WT;12:00-12:15;7.143
P25;4;WT;12:15-12:30;6.749
P25;4;WT;12:30-12:45;6.995
P25;4;WT;12:45-13:00;7.024
P25;4;WT;13:00-13:15;6.965
P25;4;WT;13:15-13:30;8.012
P25;4;WT;13:30-13:45;8.164
P25;4;WT;13:45-14:00;7.349
P25;4;WT;14:00-14:15;7.338
P25;4;WT;14:15-14:30;8.099
P25;4;WT;14:30-14:45;8.085
P25;4;WT;14:45-15:00;7.954
P25;4;WT;15:00-15:15;8.084
P25;4;WT;15:15-15:30;8.44
P25;4;WT;15:30-15:45;9.289
P25;4;WT;15:45-16:00;11.017
P25;4;WT;16:00-16:15;10.769
P25;4;WT;16:15-16:30;11.469
P25;4;WT;16:30-16:45;12.55
P25;4;WT;16:45-17:00;12.336
P25;4;WT;17:00-17:15;13.976
P25;4;WT;17:15-17:30;16.011
P25;4;WT;17:30-17:45;18.472
P25;4;WT;17:45-18:00;20.747
P25;4;WT;18:00-18:15;23.68
P25;4;WT;18:15-18:30;28.222
P25;4;WT;18:30-18:45;31.117
P25;4;WT;18:45-19:00;34.779
P25;4;WT;19:00-19:15;36.512
P25;4;WT;19:15-19:30;39.026
P25;4;WT;19:30-19:45;42.351
P25;4;WT;19:45-20:00;47.431
P25;4;WT;20:00-20:15;49.525
P25;4;WT;20:15-20:30;49.727
P25;4;WT;20:30-20:45;47.793
P25;4;WT;20:45-21:00;47.133
P25;4;WT;21:00-21:15;45.969
P25;4;WT;21:15-21:30;42.742
P25;4;WT;21:30-21:45;42.056
P25;4;WT;21:45-22:00;40.66
P25;4;WT;22:00-22:15;39.019
P25;4;WT;22:15-22:30;37.826
P25;4;WT;22:30-22:45;36.402
P25;4;WT;22:45-23:00;35.047
P25;4;WT;23:00-23:15;33.215
P25;4;WT;23:15-23:30;31.358
P25;4;WT;23:30-23:45;30.34
P25;4;WT;23:45-00:00;29.307
P25;5;SA;00:00-00:15;24.391
P25;5;SA;00:15-00:30;24.977
P25;5;SA;00:30-00:45;24.342
P25;5;SA;00:45-01:00;23.533
P25;5;SA;01:00-01:15;23.005
P25;5;SA;01:15-01:30;23.663
P25;5;SA;01:30-01:45;21.681
P25;5;SA;01:45-02:00;22.869
P25;5;SA;02:00-02:15;23.318
P25;5;SA;02:15-02:30;20.877
P25;5;SA;02:30-02:45;20.627
P25;5;SA;02:45-03:00;21.026
P25;5;SA;03:00-03:15;23.359
P25;5;SA;03:15-03:30;20.195
P25;5;SA;03:30-03:45;20.003
P25;5;SA;03:45-04:00;19.534
P25;5;SA;04:00-04:15;20.857
P25;5;SA;04:15-04:30;22.145
P25;5;SA;04:30-04:45;21.745
P25;5;SA;04:45-05:00;21.752
P25;5;SA;05:00-05:15;20.786
P25;5;SA;05:15-05:30;22.572
P25;5;SA;05:30-05:45;22.788
P25;5;SA;05:45-06:00;19.99
P25;5;SA;06:00-06:15;17.883
P25;5;SA;06:15-06:30;14.58
P25;5;SA;06:30-06:45;12.469
P25;5;SA;06:45-07:00;11.589
P25;5;SA;07:00-07:15;10.612
P25;5;SA;07:15-07:30;11.218
P25;5;SA;07:30-07:45;11.569
P25;5;SA;07:45-08:00;11.647
P25;5;SA;08:00-08:15;11.405
P25;5;SA;08:15-08:30;12.051
P25;5;SA;08:30-08:45;10.192
P25;5;SA;08:45-09:00;10.543
P25;5;SA;09:00-09:15;11.245
P25;5;SA;09:15-09:30;10.096
P25;5;SA;09:30-09:45;8.974
P25;5;SA;09:45-10:00;9.564
P25;5;SA;10:00-10:15;8.87
P25;5;SA;10:15-10:30;8.206
P25;5;SA;10:30-10:45;9.448
P25;5;SA;10:45-11:00;8.065
P25;5;SA;11:00-11:15;8.491
P25;5;SA;11:15-11:30;7.536
P25;5;SA;11:30-11:45;6.061
P25;5;SA;11:45-12:00;5.835
P25;5;SA;12:00-12:15;7.612
P25;5;SA;12:15-12:30;7.399
P25;5;SA;12:30-12:45;7.617
P25;5;SA;12:45-13:00;7.46
P25;5;SA;13:00-13:15;6.488
P25;5;SA;13:15-13:30;6.864
P25;5;SA;13:30-13:45;5.348
P25;5;SA;13:45-14:00;5.646
P25;5;SA;14:00-14:15;6.22
P25;5;SA;14:15-14:30;7.141
P25;5;SA;14:30-14:45;5.32
P25;5;SA;14:45-15:00;5.705
P25;5;SA;15:00-15:15;5.282
P25;5;SA;15:15-15:30;5.764
P25;5;SA;15:30-15:45;6.26
P25;5;SA;15:45-16:00;6.052
P25;5;SA;16:00-16:15;5.745
P25;5;SA;16:15-16:30;6.47
P25;5;SA;16:30-16:45;7.582
P25;5;SA;16:45-17:00;8.995
P25;5;SA;17:00-17:15;9.309
P25;5;SA;17:15-17:30;11.351
P25;5;SA;17:30-17:45;13.303
P25;5;SA;17:45-18:00;12.818
P25;5;SA;18:00-18:15;14.508
P25;5;SA;18:15-18:30;15.001
P25;5;SA;18:30-18:45;18.008
P25;5;SA;18:45-19:00;17.807
P25;5;SA;19:00-19:15;17.453
P25;5;SA;19:15-19:30;20.253
P25;5;SA;19:30-19:45;24.61
P25;5;SA;19:45-20:00;24.318
P25;5;SA;20:00-20:15;26.137
P25;5;SA;20:15-20:30;28.725
P25;5;SA;20:30-20:45;30.256
P25;5;SA;20:45-21:00;35.204
P25;5;SA;21:00-21:15;34.919
P25;5;SA;21:15-21:30;32.356
P25;5;SA;21:30-21:45;30.52
P25;5;SA;21:45-22:00;32.772
P25;5;SA;22:00-22:15;33.22
P25;5;SA;22:15-22:30;30.214
P25;5;SA;22:30-22:45;30.647
P25;5;SA;22:45-23:00;30.404
P25;5;SA;23:00-23:15;29.736
P25;5;SA;23:15-23:30;27.95
P25;5;SA;23:30-23:45;27.53
P25;5;SA;23:45-00:00;25.47
P25;5;FT;00:00-00:15;25.588
P25;5;FT;00:15-00:30;23.889
P25;5;FT;00:30-00:45;23.866
P25;5;FT;00:45-01:00;23.053
P25;5;FT;01:00-01:15;22.405
P25;5;FT;01:15-01:30;22.783
P25;5;FT;01:30-01:45;22.568
P25;5;FT;01:45-02:00;20.96
P25;5;FT;02:00-02:15;23.055
P25;5;FT;02:15-02:30;20.76
P25;5;FT;02:30-02:45;21.62
P25;5;FT;02:45-03:00;21.23
P25;5;FT;03:00-03:15;22.411
P25;5;FT;03:15-03:30;21.418
P25;5;FT;03:30-03:45;21.723
P25;5;FT;03:45-04:00;22.282
P25;5;FT;04:00-04:15;23.13
P25;5;FT;04:15-04:30;22.547
P25;5;FT;04:30-04:45;22.617
P25;5;FT;04:45-05:00;23.084
P25;5;FT;05:00-05:15;22.799
P25;5;FT;05:15-05:30;22.993
P25;5;FT;05:30-05:45;22.505
P25;5;FT;05:45-06:00;18.566
P25;5;FT;06:00-06:15;17.349
P25;5;FT;06:15-06:30;16.209
P25;5;FT;06:30-06:45;15.212
P25;5;FT;06:45-07:00;11.608
P25;5;FT;07:00-07:15;12.093
P25;5;FT;07:15-07:30;10.799
P25;5;FT;07:30-07:45;10.897
P25;5;FT;07:45-08:00;10.649
P25;5;FT;08:00-08:15;13.678
P25;5;FT;08:15-08:30;11.38
P25;5;FT;08:30-08:45;11.184
P25;5;FT;08:45-09:00;10.016
P25;5;FT;09:00-09:15;10.544
P25;5;FT;09:15-09:30;11.061
P25;5;FT;09:30-09:45;8.792
P25;5;FT;09:45-10:00;10.12
P25;5;FT;10:00-10:15;8.591
P25;5;FT;10:15-10:30;7.552
P25;5;FT;10:30-10:45;7.411
P25;5;FT;10:45-11:00;7.11
P25;5;FT;11:00-11:15;7.964
P25;5;FT;11:15-11:30;7.723
P25;5;FT;11:30-11:45;8.847
P25;5;FT;11:45-12:00;8.718
P25;5;FT;12:00-12:15;8.074
P25;5;FT;12:15-12:30;8.723
P25;5;FT;12:30-12:45;8.361
P25;5;FT;12:45-13:00;7.655
P25;5;FT;13:00-13:15;7.878
P25;5;FT;13:15-13:30;6.916
P25;5;FT;13:30-13:45;6.445
P25;5;FT;13:45-14:00;5.395
P25;5;FT;14:00-14:15;5.953
P25;5;FT;14:15-14:30;6.337
P25;5;FT;14:30-14:45;6.869
P25;5;FT;14:45-15:00;6.457
P25;5;FT;15:00-15:15;6.038
P25;5;FT;15:15-15:30;5.836
P25;5;FT;15:30-15:45;5.481
P25;5;FT;15:45-16:00;5.687
P25;5;FT;16:00-16:15;5.593
P25;5;FT;16:15-16:30;5.796
P25;5;FT;16:30-16:45;6.603
P25;5;FT;16:45-17:00;7.963
P25;5;FT;17:00-17:15;8.462
P25;5;FT;17:15-17:30;9.988
P25;5;FT;17:30-17:45;11.669
P25;5;FT;17:45-18:00;13.223
P25;5;FT;18:00-18:15;16.325
P25;5;FT;18:15-18:30;17.833
P25;5;FT;18:30-18:45;19.199
P25;5;FT;18:45-19:00;21.196
P25;5;FT;19:00-19:15;22.33
P25;5;FT;19:15-19:30;24.292
P25;5;FT;19:30-19:45;24.807
P25;5;FT;19:45-20:00;26.271
P25;5;FT;20:00-20:15;31.159
P25;5;FT;20:15-20:30;33.23
P25;5;FT;20:30-20:45;34.237
P25;5;FT;20:45-21:00;36.312
P25;5;FT;21:00-21:15;36.56
P25;5;FT;21:15-21:30;35.187
P25;5;FT;21:30-21:45;35.689
P25;5;FT;21:45-22:00;34.076
P25;5;FT;22:00-22:15;31.794
P25;5;FT;22:15-22:30;31.926
P25;5;FT;22:30-22:45;30.087
P25;5;FT;22:45-23:00;27.434
P25;5;FT;23:00-23:15;25.35
P25;5;FT;23:15-23:30;26.804
P25;5;FT;23:30-23:45;25.188
P25;5;FT;23:45-00:00;22.926
P25;5;WT;00:00-00:15;22.005
P25;5;WT;00:15-00:30;21.581
P25;5;WT;00:30-00:45;21.812
P25;5;WT;00:45-01:00;21.449
P25;5;WT;01:00-01:15;21.665
P25;5;WT;01:15-01:30;21.249
P25;5;WT;01:30-01:45;21.56
P25;5;WT;01:45-02:00;20.857
P25;5;WT;02:00-02:15;21.799
P25;5;WT;02:15-02:30;22.015
P25;5;WT;02:30-02:45;21.292
P25;5;WT;02:45-03:00;21.182
P25;5;WT;03:00-03:15;21.377
P25;5;WT;03:15-03:30;21.152
P25;5;WT;03:30-03:45;21.03
P25;5;WT;03:45-04:00;21.861
P25;5;WT;04:00-04:15;22.018
P25;5;WT;04:15-04:30;22.994
P25;5;WT;04:30-04:45;23.141
P25;5;WT;04:45-05:00;23.501
P25;5;WT;05:00-05:15;26.136
P25;5;WT;05:15-05:30;25.669
P25;5;WT;05:30-05:45;25.8
P25;5;WT;05:45-06:00;25.083
P25;5;WT;06:00-06:15;23.087
P25;5;WT;06:15-06:30;21.997
P25;5;WT;06:30-06:45;20.138
P25;5;WT;06:45-07:00;16.793
P25;5;WT;07:00-07:15;15.197
P25;5;WT;07:15-07:30;13.781
P25;5;WT;07:30-07:45;12.381
P25;5;WT;07:45-08:00;12.946
P25;5;WT;08:00-08:15;11.675
P25;5;WT;08:15-08:30;10.064
P25;5;WT;08:30-08:45;9.205
P25;5;WT;08:45-09:00;8.639
P25;5;WT;09:00-09:15;8.313
P25;5;WT;09:15-09:30;7.895
P25;5;WT;09:30-09:45;6.391
P25;5;WT;09:45-10:00;5.559
P25;5;WT;10:00-10:15;5.123
P25;5;WT;10:15-10:30;5.023
P25;5;WT;10:30-10:45;4.9
P25;5;WT;10:45-11:00;4.919
P25;5;WT;11:00-11:15;5.211
P25;5;WT;11:15-11:30;4.588
P25;5;WT;11:30-11:45;5.077
P25;5;WT;11:45-12:00;5.355
P25;5;WT;12:00-12:15;5.082
P25;5;WT;12:15-12:30;4.796
P25;5;WT;12:30-12:45;5.618
P25;5;WT;12:45-13:00;5.571
P25;5;WT;13:00-13:15;5.35
P25;5;WT;13:15-13:30;4.82
P25;5;WT;13:30-13:45;4.675
P25;5;WT;13:45-14:00;4.286
P25;5;WT;14:00-14:15;5.011
P25;5;WT;14:15-14:30;4.845
P25;5;WT;14:30-14:45;4.632
P25;5;WT;14:45-15:00;4.362
P25;5;WT;15:00-15:15;4.745
P25;5;WT;15:15-15:30;4.655
P25;5;WT;15:30-15:45;4.51
P25;5;WT;15:45-16:00;4.663
P25;5;WT;16:00-16:15;6.417
P25;5;WT;16:15-16:30;6.659
P25;5;WT;16:30-16:45;6.855
P25;5;WT;16:45-17:00;7.422
P25;5;WT;17:00-17:15;8.085
P25;5;WT;17:15-17:30;9.286
P25;5;WT;17:30-17:45;11.025
P25;5;WT;17:45-18:00;13.457
P25;5;WT;18:00-18:15;15.306
P25;5;WT;18:15-18:30;17.345
P25;5;WT;18:30-18:45;19.67
P25;5;WT;18:45-19:00;21.127
P25;5;WT;19:00-19:15;22.807
P25;5;WT;19:15-19:30;23.958
P25;5;WT;19:30-19:45;26.113
P25;5;WT;19:45-20:00;28.576
P25;5;WT;20:00-20:15;31.828
P25;5;WT;20:15-20:30;35.381
P25;5;WT;20:30-20:45;36.488
P25;5;WT;20:45-21:00;38.191
P25;5;WT;21:00-21:15;37.747
P25;5;WT;21:15-21:30;37.123
P25;5;WT;21:30-21:45;36.356
P25;5;WT;21:45-22:00;34.215
P25;5;WT;22:00-22:15;31.74
P25;5;WT;22:15-22:30;30.635
P25;5;WT;22:30-22:45;29.824
P25;5;WT;22:45-23:00;28.408
P25;5;WT;23:00-23:15;26.628
P25;5;WT;23:15-23:30;25.64
P25;5;WT;23:30-23:45;24.803
P25;5;WT;23:45-00:00;23.314
P25;6;SA;00:00-00:15;26.624
P25;6;SA;00:15-00:30;25.617
P25;6;SA;00:30-00:45;23.998
P25;6;SA;00:45-01:00;25.119
P25;6;SA;01:00-01:15;24.51
P25;6;SA;01:15-01:30;23.034
P25;6;SA;01:30-01:45;24.63
P25;6;SA;01:45-02:00;21.065
P25;6;SA;02:00-02:15;22.777
P25;6;SA;02:15-02:30;22.269
P25;6;SA;02:30-02:45;22.767
P25;6;SA;02:45-03:00;24.016
P25;6;SA;03:00-03:15;22.883
P25;6;SA;03:15-03:30;22.193
P25;6;SA;03:30-03:45;21.075
P25;6;SA;03:45-04:00;21.463
P25;6;SA;04:00-04:15;21.931
P25;6;SA;04:15-04:30;23.947
P25;6;SA;04:30-04:45;23.707
P25;6;SA;04:45-05:00;23.087
P25;6;SA;05:00-05:15;22.657
P25;6;SA;05:15-05:30;21.477
P25;6;SA;05:30-05:45;19.964
P25;6;SA;05:45-06:00;15.604
P25;6;SA;06:00-06:15;14.57
P25;6;SA;06:15-06:30;13.023
P25;6;SA;06:30-06:45;13.219
P25;6;SA;06:45-07:00;11.523
P25;6;SA;07:00-07:15;11.815
P25;6;SA;07:15-07:30;11.296
P25;6;SA;07:30-07:45;9.927
P25;6;SA;07:45-08:00;11.446
P25;6;SA;08:00-08:15;11.929
P25;6;SA;08:15-08:30;12.123
P25;6;SA;08:30-08:45;11.659
P25;6;SA;08:45-09:00;11.594
P25;6;SA;09:00-09:15;10.027
P25;6;SA;09:15-09:30;9.661
P25;6;SA;09:30-09:45;7.428
P25;6;SA;09:45-10:00;7.043
P25;6;SA;10:00-10:15;7.187
P25;6;SA;10:15-10:30;7.045
P25;6;SA;10:30-10:45;5.776
P25;6;SA;10:45-11:00;5.104
P25;6;SA;11:00-11:15;5.346
P25;6;SA;11:15-11:30;6.255
P25;6;SA;11:30-11:45;6.526
P25;6;SA;11:45-12:00;7.124
P25;6;SA;12:00-12:15;7.362
P25;6;SA;12:15-12:30;6.613
P25;6;SA;12:30-12:45;5.98
P25;6;SA;12:45-13:00;5.589
P25;6;SA;13:00-13:15;5.322
P25;6;SA;13:15-13:30;5.986
P25;6;SA;13:30-13:45;7.015
P25;6;SA;13:45-14:00;7.019
P25;6;SA;14:00-14:15;7.024
P25;6;SA;14:15-14:30;7.253
P25;6;SA;14:30-14:45;5.994
P25;6;SA;14:45-15:00;5.029
P25;6;SA;15:00-15:15;6.484
P25;6;SA;15:15-15:30;6.835
P25;6;SA;15:30-15:45;6.526
P25;6;SA;15:45-16:00;5.875
P25;6;SA;16:00-16:15;6.109
P25;6;SA;16:15-16:30;8.867
P25;6;SA;16:30-16:45;7.716
P25;6;SA;16:45-17:00;7.8
P25;6;SA;17:00-17:15;8.377
P25;6;SA;17:15-17:30;8.653
P25;6;SA;17:30-17:45;8.909
P25;6;SA;17:45-18:00;9.924
P25;6;SA;18:00-18:15;12.585
P25;6;SA;18:15-18:30;12.661
P25;6;SA;18:30-18:45;13.802
P25;6;SA;18:45-19:00;14.586
P25;6;SA;19:00-19:15;15.857
P25;6;SA;19:15-19:30;16.422
P25;6;SA;19:30-19:45;17.21
P25;6;SA;19:45-20:00;20.074
P25;6;SA;20:00-20:15;22.108
P25;6;SA;20:15-20:30;25.665
P25;6;SA;20:30-20:45;27.851
P25;6;SA;20:45-21:00;29.408
P25;6;SA;21:00-21:15;33.791
P25;6;SA;21:15-21:30;35.318
P25;6;SA;21:30-21:45;36.022
P25;6;SA;21:45-22:00;37.028
P25;6;SA;22:00-22:15;36.178
P25;6;SA;22:15-22:30;34.977
P25;6;SA;22:30-22:45;32.801
P25;6;SA;22:45-23:00;31.044
P25;6;SA;23:00-23:15;28.94
P25;6;SA;23:15-23:30;27.933
P25;6;SA;23:30-23:45;29.462
P25;6;SA;23:45-00:00;27.381
P25;6;FT;00:00-00:15;26.048
P25;6;FT;00:15-00:30;26.148
P25;6;FT;00:30-00:45;27.136
P25;6;FT;00:45-01:00;24.83
P25;6;FT;01:00-01:15;25.684
P25;6;FT;01:15-01:30;22.745
P25;6;FT;01:30-01:45;22.474
P25;6;FT;01:45-02:00;22.486
P25;6;FT;02:00-02:15;21.304
P25;6;FT;02:15-02:30;24.252
P25;6;FT;02:30-02:45;23.584
P25;6;FT;02:45-03:00;21.331
P25;6;FT;03:00-03:15;21.681
P25;6;FT;03:15-03:30;20.716
P25;6;FT;03:30-03:45;20.511
P25;6;FT;03:45-04:00;20.281
P25;6;FT;04:00-04:15;22.759
P25;6;FT;04:15-04:30;22.784
P25;6;FT;04:30-04:45;22.448
P25;6;FT;04:45-05:00;21.605
P25;6;FT;05:00-05:15;21.845
P25;6;FT;05:15-05:30;20.102
P25;6;FT;05:30-05:45;16.775
P25;6;FT;05:45-06:00;13.598
P25;6;FT;06:00-06:15;11.539
P25;6;FT;06:15-06:30;10.794
P25;6;FT;06:30-06:45;9.41
P25;6;FT;06:45-07:00;8.526
P25;6;FT;07:00-07:15;8.648
P25;6;FT;07:15-07:30;9.64
P25;6;FT;07:30-07:45;8.665
P25;6;FT;07:45-08:00;7.58
P25;6;FT;08:00-08:15;7.947
P25;6;FT;08:15-08:30;8.889
P25;6;FT;08:30-08:45;10.782
P25;6;FT;08:45-09:00;9.337
P25;6;FT;09:00-09:15;7.758
P25;6;FT;09:15-09:30;7.371
P25;6;FT;09:30-09:45;7.655
P25;6;FT;09:45-10:00;6.863
P25;6;FT;10:00-10:15;6.813
P25;6;FT;10:15-10:30;7.491
P25;6;FT;10:30-10:45;6.464
P25;6;FT;10:45-11:00;6.662
P25;6;FT;11:00-11:15;6.365
P25;6;FT;11:15-11:30;7.727
P25;6;FT;11:30-11:45;7.304
P25;6;FT;11:45-12:00;9.603
P25;6;FT;12:00-12:15;9.597
P25;6;FT;12:15-12:30;8.866
P25;6;FT;12:30-12:45;9.521
P25;6;FT;12:45-13:00;8.213
P25;6;FT;13:00-13:15;7.227
P25;6;FT;13:15-13:30;6.849
P25;6;FT;13:30-13:45;6.787
P25;6;FT;13:45-14:00;5.86
P25;6;FT;14:00-14:15;6.98
P25;6;FT;14:15-14:30;6.86
P25;6;FT;14:30-14:45;7.628
P25;6;FT;14:45-15:00;7.041
P25;6;FT;15:00-15:15;7.715
P25;6;FT;15:15-15:30;8.56
P25;6;FT;15:30-15:45;9.093
P25;6;FT;15:45-16:00;9.466
P25;6;FT;16:00-16:15;8.46
P25;6;FT;16:15-16:30;8.651
P25;6;FT;16:30-16:45;7.94
P25;6;FT;16:45-17:00;8.52
P25;6;FT;17:00-17:15;11.464
P25;6;FT;17:15-17:30;11.283
P25;6;FT;17:30-17:45;11.677
P25;6;FT;17:45-18:00;13.087
P25;6;FT;18:00-18:15;14.873
P25;6;FT;18:15-18:30;15.349
P25;6;FT;18:30-18:45;17.622
P25;6;FT;18:45-19:00;19.413
P25;6;FT;19:00-19:15;22.5
P25;6;FT;19:15-19:30;22.295
P25;6;FT;19:30-19:45;25.134
P25;6;FT;19:45-20:00;27.986
P25;6;FT;20:00-20:15;31.598
P25;6;FT;20:15-20:30;29.593
P25;6;FT;20:30-20:45;33.07
P25;6;FT;20:45-21:00;36.253
P25;6;FT;21:00-21:15;38.456
P25;6;FT;21:15-21:30;37.931
P25;6;FT;21:30-21:45;37.609
P25;6;FT;21:45-22:00;38.642
P25;6;FT;22:00-22:15;36.024
P25;6;FT;22:15-22:30;35.675
P25;6;FT;22:30-22:45;32.391
P25;6;FT;22:45-23:00;29.915
P25;6;FT;23:00-23:15;29.139
P25;6;FT;23:15-23:30;28.108
P25;6;FT;23:30-23:45;27.52
P25;6;FT;23:45-00:00;24.96
P25;6;WT;00:00-00:15;25.14
P25;6;WT;00:15-00:30;23.933
P25;6;WT;00:30-00:45;23.034
P25;6;WT;00:45-01:00;23.625
P25;6;WT;01:00-01:15;23.073
P25;6;WT;01:15-01:30;22.456
P25;6;WT;01:30-01:45;22.812
P25;6;WT;01:45-02:00;22.061
P25;6;WT;02:00-02:15;23.328
P25;6;WT;02:15-02:30;22.235
P25;6;WT;02:30-02:45;22.235
P25;6;WT;02:45-03:00;21.893
P25;6;WT;03:00-03:15;22.513
P25;6;WT;03:15-03:30;21.939
P25;6;WT;03:30-03:45;21.148
P25;6;WT;03:45-04:00;21.36
P25;6;WT;04:00-04:15;22.635
P25;6;WT;04:15-04:30;22.571
P25;6;WT;04:30-04:45;23.761
P25;6;WT;04:45-05:00;23.292
P25;6;WT;05:00-05:15;26.222
P25;6;WT;05:15-05:30;23.793
P25;6;WT;05:30-05:45;22.078
P25;6;WT;05:45-06:00;20.438
P25;6;WT;06:00-06:15;19.156
P25;6;WT;06:15-06:30;18.005
P25;6;WT;06:30-06:45;18.299
P25;6;WT;06:45-07:00;16.809
P25;6;WT;07:00-07:15;15.047
P25;6;WT;07:15-07:30;13.255
P25;6;WT;07:30-07:45;12.603
P25;6;WT;07:45-08:00;12.35
P25;6;WT;08:00-08:15;11.31
P25;6;WT;08:15-08:30;10.409
P25;6;WT;08:30-08:45;9.817
P25;6;WT;08:45-09:00;8.833
P25;6;WT;09:00-09:15;7.9
P25;6;WT;09:15-09:30;7.019
P25;6;WT;09:30-09:45;7.044
P25;6;WT;09:45-10:00;6.786
P25;6;WT;10:00-10:15;6.561
P25;6;WT;10:15-10:30;6.056
P25;6;WT;10:30-10:45;5.19
P25;6;WT;10:45-11:00;5.706
P25;6;WT;11:00-11:15;5.372
P25;6;WT;11:15-11:30;4.914
P25;6;WT;11:30-11:45;4.887
P25;6;WT;11:45-12:00;5.479
P25;6;WT;12:00-12:15;5.907
P25;6;WT;12:15-12:30;5.506
P25;6;WT;12:30-12:45;5.525
P25;6;WT;12:45-13:00;5.494
P25;6;WT;13:00-13:15;4.82
P25;6;WT;13:15-13:30;5.011
P25;6;WT;13:30-13:45;4.741
P25;6;WT;13:45-14:00;5.147
P25;6;WT;14:00-14:15;5.066
P25;6;WT;14:15-14:30;4.886
P25;6;WT;14:30-14:45;4.593
P25;6;WT;14:45-15:00;4.51
P25;6;WT;15:00-15:15;4.933
P25;6;WT;15:15-15:30;5.133
P25;6;WT;15:30-15:45;5.745
P25;6;WT;15:45-16:00;5.854
P25;6;WT;16:00-16:15;5.592
P25;6;WT;16:15-16:30;6.016
P25;6;WT;16:30-16:45;7.121
P25;6;WT;16:45-17:00;7.765
P25;6;WT;17:00-17:15;9.296
P25;6;WT;17:15-17:30;9.8
P25;6;WT;17:30-17:45;11.84
P25;6;WT;17:45-18:00;14.496
P25;6;WT;18:00-18:15;16.874
P25;6;WT;18:15-18:30;18.142
P25;6;WT;18:30-18:45;20.926
P25;6;WT;18:45-19:00;22.936
P25;6;WT;19:00-19:15;23.887
P25;6;WT;19:15-19:30;24.781
P25;6;WT;19:30-19:45;26.491
P25;6;WT;19:45-20:00;28.309
P25;6;WT;20:00-20:15;30.67
P25;6;WT;20:15-20:30;32.491
P25;6;WT;20:30-20:45;33.502
P25;6;WT;20:45-21:00;35.665
P25;6;WT;21:00-21:15;37.861
P25;6;WT;21:15-21:30;37.958
P25;6;WT;21:30-21:45;38.883
P25;6;WT;21:45-22:00;37.353
P25;6;WT;22:00-22:15;36.011
P25;6;WT;22:15-22:30;34.002
P25;6;WT;22:30-22:45;32.422
P25;6;WT;22:45-23:00;30.766
P25;6;WT;23:00-23:15;29.604
P25;6;WT;23:15-23:30;29.13
P25;6;WT;23:30-23:45;26.768
P25;6;WT;23:45-00:00;26.969
P25;7;SA;00:00-00:15;27.064
P25;7;SA;00:15-00:30;26.84
P25;7;SA;00:30-00:45;25.609
P25;7;SA;00:45-01:00;28.152
P25;7;SA;01:00-01:15;24.852
P25;7;SA;01:15-01:30;24.565
P25;7;SA;01:30-01:45;26.393
P25;7;SA;01:45-02:00;24.175
P25;7;SA;02:00-02:15;24.429
P25;7;SA;02:15-02:30;24.498
P25;7;SA;02:30-02:45;23.903
P25;7;SA;02:45-03:00;23.579
P25;7;SA;03:00-03:15;22.409
P25;7;SA;03:15-03:30;22.526
P25;7;SA;03:30-03:45;23.12
P25;7;SA;03:45-04:00;23.441
P25;7;SA;04:00-04:15;24.827
P25;7;SA;04:15-04:30;24.123
P25;7;SA;04:30-04:45;23.557
P25;7;SA;04:45-05:00;25.68
P25;7;SA;05:00-05:15;26.588
P25;7;SA;05:15-05:30;25.566
P25;7;SA;05:30-05:45;23.554
P25;7;SA;05:45-06:00;22.175
P25;7;SA;06:00-06:15;18.656
P25;7;SA;06:15-06:30;17.894
P25;7;SA;06:30-06:45;18.36
P25;7;SA;06:45-07:00;14.546
P25;7;SA;07:00-07:15;15.509
P25;7;SA;07:15-07:30;15.103
P25;7;SA;07:30-07:45;14.77
P25;7;SA;07:45-08:00;14.376
P25;7;SA;08:00-08:15;14.545
P25;7;SA;08:15-08:30;12.596
P25;7;SA;08:30-08:45;12.253
P25;7;SA;08:45-09:00;12.33
P25;7;SA;09:00-09:15;14.305
P25;7;SA;09:15-09:30;12.444
P25;7;SA;09:30-09:45;11.227
P25;7;SA;09:45-10:00;11.466
P25;7;SA;10:00-10:15;11.589
P25;7;SA;10:15-10:30;10.638
P25;7;SA;10:30-10:45;12.935
P25;7;SA;10:45-11:00;12.684
P25;7;SA;11:00-11:15;12.057
P25;7;SA;11:15-11:30;11.643
P25;7;SA;11:30-11:45;11.72
P25;7;SA;11:45-12:00;11.544
P25;7;SA;12:00-12:15;11.1
P25;7;SA;12:15-12:30;10.692
P25;7;SA;12:30-12:45;10.452
P25;7;SA;12:45-13:00;9.726
P25;7;SA;13:00-13:15;9.441
P25;7;SA;13:15-13:30;9.261
P25;7;SA;13:30-13:45;9.553
P25;7;SA;13:45-14:00;9.488
P25;7;SA;14:00-14:15;10.143
P25;7;SA;14:15-14:30;7.469
P25;7;SA;14:30-14:45;9.071
P25;7;SA;14:45-15:00;8.893
P25;7;SA;15:00-15:15;10.076
P25;7;SA;15:15-15:30;8.602
P25;7;SA;15:30-15:45;9.497
P25;7;SA;15:45-16:00;9.576
P25;7;SA;16:00-16:15;9.759
P25;7;SA;16:15-16:30;12.033
P25;7;SA;16:30-16:45;10.746
P25;7;SA;16:45-17:00;11.684
P25;7;SA;17:00-17:15;10.714
P25;7;SA;17:15-17:30;11.13
P25;7;SA;17:30-17:45;11.642
P25;7;SA;17:45-18:00;15.031
P25;7;SA;18:00-18:15;15.284
P25;7;SA;18:15-18:30;15.654
P25;7;SA;18:30-18:45;19.428
P25;7;SA;18:45-19:00;22.518
P25;7;SA;19:00-19:15;21.964
P25;7;SA;19:15-19:30;22.948
P25;7;SA;19:30-19:45;21.277
P25;7;SA;19:45-20:00;22.826
P25;7;SA;20:00-20:15;27.667
P25;7;SA;20:15-20:30;31.353
P25;7;SA;20:30-20:45;32.275
P25;7;SA;20:45-21:00;33.285
P25;7;SA;21:00-21:15;35.474
P25;7;SA;21:15-21:30;37.343
P25;7;SA;21:30-21:45;36.055
P25;7;SA;21:45-22:00;37.892
P25;7;SA;22:00-22:15;35.548
P25;7;SA;22:15-22:30;35.415
P25;7;SA;22:30-22:45;34.683
P25;7;SA;22:45-23:00;33.787
P25;7;SA;23:00-23:15;31.477
P25;7;SA;23:15-23:30;31.253
P25;7;SA;23:30-23:45;30.95
P25;7;SA;23:45-00:00;29.34
P25;7;FT;00:00-00:15;28.64
P25;7;FT;00:15-00:30;28.07
P25;7;FT;00:30-00:45;25.033
P25;7;FT;00:45-01:00;25.584
P25;7;FT;01:00-01:15;23.947
P25;7;FT;01:15-01:30;25.655
P25;7;FT;01:30-01:45;24.471
P25;7;FT;01:45-02:00;24.866
P25;7;FT;02:00-02:15;24.825
P25;7;FT;02:15-02:30;23.785
P25;7;FT;02:30-02:45;25.71
P25;7;FT;02:45-03:00;25.152
P25;7;FT;03:00-03:15;23.58
P25;7;FT;03:15-03:30;22.799
P25;7;FT;03:30-03:45;22.735
P25;7;FT;03:45-04:00;22.974
P25;7;FT;04:00-04:15;24.712
P25;7;FT;04:15-04:30;24.576
P25;7;FT;04:30-04:45;25.062
P25;7;FT;04:45-05:00;23.583
P25;7;FT;05:00-05:15;24.648
P25;7;FT;05:15-05:30;23.698
P25;7;FT;05:30-05:45;23.479
P25;7;FT;05:45-06:00;20.217
P25;7;FT;06:00-06:15;17.672
P25;7;FT;06:15-06:30;15.256
P25;7;FT;06:30-06:45;13.568
P25;7;FT;06:45-07:00;11.95
P25;7;FT;07:00-07:15;12.054
P25;7;FT;07:15-07:30;9.965
P25;7;FT;07:30-07:45;9.477
P25;7;FT;07:45-08:00;10.295
P25;7;FT;08:00-08:15;11.28
P25;7;FT;08:15-08:30;11.595
P25;7;FT;08:30-08:45;9.889
P25;7;FT;08:45-09:00;10.673
P25;7;FT;09:00-09:15;11.347
P25;7;FT;09:15-09:30;10.362
P25;7;FT;09:30-09:45;10.27
P25;7;FT;09:45-10:00;9.587
P25;7;FT;10:00-10:15;9.4
P25;7;FT;10:15-10:30;11.831
P25;7;FT;10:30-10:45;10.159
P25;7;FT;10:45-11:00;9.957
P25;7;FT;11:00-11:15;9.25
P25;7;FT;11:15-11:30;9.264
P25;7;FT;11:30-11:45;9.799
P25;7;FT;11:45-12:00;9.472
P25;7;FT;12:00-12:15;8.484
P25;7;FT;12:15-12:30;11.786
P25;7;FT;12:30-12:45;11.052
P25;7;FT;12:45-13:00;9.698
P25;7;FT;13:00-13:15;7.494
P25;7;FT;13:15-13:30;7.44
P25;7;FT;13:30-13:45;7.962
P25;7;FT;13:45-14:00;8.783
P25;7;FT;14:00-14:15;6.967
P25;7;FT;14:15-14:30;8.37
P25;7;FT;14:30-14:45;7.636
P25;7;FT;14:45-15:00;6.541
P25;7;FT;15:00-15:15;5.496
P25;7;FT;15:15-15:30;6.855
P25;7;FT;15:30-15:45;7.086
P25;7;FT;15:45-16:00;8.253
P25;7;FT;16:00-16:15;8.216
P25;7;FT;16:15-16:30;8.67
P25;7;FT;16:30-16:45;8.139
P25;7;FT;16:45-17:00;8.489
P25;7;FT;17:00-17:15;9.936
P25;7;FT;17:15-17:30;10.981
P25;7;FT;17:30-17:45;11.894
P25;7;FT;17:45-18:00;13.897
P25;7;FT;18:00-18:15;15.166
P25;7;FT;18:15-18:30;16.907
P25;7;FT;18:30-18:45;17.257
P25;7;FT;18:45-19:00;17.549
P25;7;FT;19:00-19:15;20.244
P25;7;FT;19:15-19:30;23.128
P25;7;FT;19:30-19:45;25.592
P25;7;FT;19:45-20:00;28.244
P25;7;FT;20:00-20:15;27.592
P25;7;FT;20:15-20:30;30.42
P25;7;FT;20:30-20:45;32.951
P25;7;FT;20:45-21:00;36.826
P25;7;FT;21:00-21:15;37.953
P25;7;FT;21:15-21:30;39.142
P25;7;FT;21:30-21:45;39.93
P25;7;FT;21:45-22:00;37.234
P25;7;FT;22:00-22:15;36.48
P25;7;FT;22:15-22:30;34.748
P25;7;FT;22:30-22:45;33.926
P25;7;FT;22:45-23:00;31.166
P25;7;FT;23:00-23:15;30.88
P25;7;FT;23:15-23:30;27.956
P25;7;FT;23:30-23:45;26.671
P25;7;FT;23:45-00:00;25.001
P25;7;WT;00:00-00:15;24.854
P25;7;WT;00:15-00:30;24.301
P25;7;WT;00:30-00:45;23.861
P25;7;WT;00:45-01:00;23.159
P25;7;WT;01:00-01:15;22.576
P25;7;WT;01:15-01:30;23.176
P25;7;WT;01:30-01:45;23.025
P25;7;WT;01:45-02:00;22.892
P25;7;WT;02:00-02:15;22.202
P25;7;WT;02:15-02:30;23.167
P25;7;WT;02:30-02:45;23.2
P25;7;WT;02:45-03:00;22.495
P25;7;WT;03:00-03:15;23.248
P25;7;WT;03:15-03:30;22.628
P25;7;WT;03:30-03:45;22.455
P25;7;WT;03:45-04:00;22.903
P25;7;WT;04:00-04:15;23.278
P25;7;WT;04:15-04:30;23.821
P25;7;WT;04:30-04:45;24.828
P25;7;WT;04:45-05:00;24.001
P25;7;WT;05:00-05:15;25.444
P25;7;WT;05:15-05:30;24.943
P25;7;WT;05:30-05:45;24.323
P25;7;WT;05:45-06:00;22.9
P25;7;WT;06:00-06:15;21.202
P25;7;WT;06:15-06:30;19.102
P25;7;WT;06:30-06:45;19.338
P25;7;WT;06:45-07:00;15.929
P25;7;WT;07:00-07:15;14.944
P25;7;WT;07:15-07:30;14.365
P25;7;WT;07:30-07:45;12.596
P25;7;WT;07:45-08:00;12.507
P25;7;WT;08:00-08:15;12.3
P25;7;WT;08:15-08:30;10.692
P25;7;WT;08:30-08:45;9.302
P25;7;WT;08:45-09:00;9.725
P25;7;WT;09:00-09:15;8.816
P25;7;WT;09:15-09:30;7.837
P25;7;WT;09:30-09:45;7.356
P25;7;WT;09:45-10:00;6.989
P25;7;WT;10:00-10:15;6.297
P25;7;WT;10:15-10:30;6.085
P25;7;WT;10:30-10:45;5.85
P25;7;WT;10:45-11:00;6.119
P25;7;WT;11:00-11:15;6.751
P25;7;WT;11:15-11:30;6.213
P25;7;WT;11:30-11:45;6.112
P25;7;WT;11:45-12:00;6.443
P25;7;WT;12:00-12:15;6.167
P25;7;WT;12:15-12:30;5.596
P25;7;WT;12:30-12:45;5.573
P25;7;WT;12:45-13:00;5.26
P25;7;WT;13:00-13:15;5.101
P25;7;WT;13:15-13:30;5.305
P25;7;WT;13:30-13:45;5.246
P25;7;WT;13:45-14:00;5.139
P25;7;WT;14:00-14:15;5.987
P25;7;WT;14:15-14:30;5.583
P25;7;WT;14:30-14:45;5.9
P25;7;WT;14:45-15:00;6.116
P25;7;WT;15:00-15:15;6.333
P25;7;WT;15:15-15:30;6.43
P25;7;WT;15:30-15:45;6.252
P25;7;WT;15:45-16:00;6.603
P25;7;WT;16:00-16:15;7.222
P25;7;WT;16:15-16:30;7.156
P25;7;WT;16:30-16:45;7.859
P25;7;WT;16:45-17:00;8.694
P25;7;WT;17:00-17:15;9.671
P25;7;WT;17:15-17:30;11.044
P25;7;WT;17:30-17:45;13.213
P25;7;WT;17:45-18:00;14.077
P25;7;WT;18:00-18:15;15.245
P25;7;WT;18:15-18:30;17.673
P25;7;WT;18:30-18:45;18.164
P25;7;WT;18:45-19:00;20.249
P25;7;WT;19:00-19:15;20.901
P25;7;WT;19:15-19:30;22.423
P25;7;WT;19:30-19:45;24.037
P25;7;WT;19:45-20:00;26.711
P25;7;WT;20:00-20:15;29.966
P25;7;WT;20:15-20:30;32.046
P25;7;WT;20:30-20:45;33.854
P25;7;WT;20:45-21:00;36.351
P25;7;WT;21:00-21:15;37.818
P25;7;WT;21:15-21:30;38.295
P25;7;WT;21:30-21:45;39.156
P25;7;WT;21:45-22:00;37.46
P25;7;WT;22:00-22:15;34.88
P25;7;WT;22:15-22:30;34.419
P25;7;WT;22:30-22:45;32.564
P25;7;WT;22:45-23:00;31.754
P25;7;WT;23:00-23:15;30.29
P25;7;WT;23:15-23:30;28.793
P25;7;WT;23:30-23:45;27.379
P25;7;WT;23:45-00:00;26.776
P25;8;SA;00:00-00:15;26.738
P25;8;SA;00:15-00:30;25.779
P25;8;SA;00:30-00:45;26.348
P25;8;SA;00:45-01:00;25.614
P25;8;SA;01:00-01:15;25.722
P25;8;SA;01:15-01:30;24.576
P25;8;SA;01:30-01:45;26.654
P25;8;SA;01:45-02:00;24.511
P25;8;SA;02:00-02:15;23.599
P25;8;SA;02:15-02:30;25.158
P25;8;SA;02:30-02:45;23.932
P25;8;SA;02:45-03:00;24.069
P25;8;SA;03:00-03:15;23.943
P25;8;SA;03:15-03:30;25.516
P25;8;SA;03:30-03:45;23.775
P25;8;SA;03:45-04:00;23.236
P25;8;SA;04:00-04:15;25.608
P25;8;SA;04:15-04:30;24.027
P25;8;SA;04:30-04:45;24.981
P25;8;SA;04:45-05:00;24.121
P25;8;SA;05:00-05:15;23.401
P25;8;SA;05:15-05:30;24.341
P25;8;SA;05:30-05:45;28.021
P25;8;SA;05:45-06:00;25.789
P25;8;SA;06:00-06:15;24.945
P25;8;SA;06:15-06:30;22.974
P25;8;SA;06:30-06:45;21.02
P25;8;SA;06:45-07:00;19.135
P25;8;SA;07:00-07:15;18.578
P25;8;SA;07:15-07:30;15.907
P25;8;SA;07:30-07:45;19.457
P25;8;SA;07:45-08:00;18.292
P25;8;SA;08:00-08:15;19.691
P25;8;SA;08:15-08:30;19.431
P25;8;SA;08:30-08:45;20.021
P25;8;SA;08:45-09:00;18.369
P25;8;SA;09:00-09:15;18.148
P25;8;SA;09:15-09:30;16.596
P25;8;SA;09:30-09:45;14.982
P25;8;SA;09:45-10:00;13.744
P25;8;SA;10:00-10:15;10.417
P25;8;SA;10:15-10:30;11.601
P25;8;SA;10:30-10:45;13.722
P25;8;SA;10:45-11:00;13.997
P25;8;SA;11:00-11:15;14.152
P25;8;SA;11:15-11:30;11.028
P25;8;SA;11:30-11:45;13.123
P25;8;SA;11:45-12:00;13.044
P25;8;SA;12:00-12:15;12.87
P25;8;SA;12:15-12:30;11.413
P25;8;SA;12:30-12:45;10.523
P25;8;SA;12:45-13:00;8.934
P25;8;SA;13:00-13:15;7.462
P25;8;SA;13:15-13:30;8.137
P25;8;SA;13:30-13:45;8.783
P25;8;SA;13:45-14:00;7.757
P25;8;SA;14:00-14:15;8.61
P25;8;SA;14:15-14:30;8.091
P25;8;SA;14:30-14:45;8.731
P25;8;SA;14:45-15:00;6.253
P25;8;SA;15:00-15:15;7.305
P25;8;SA;15:15-15:30;6.674
P25;8;SA;15:30-15:45;7.761
P25;8;SA;15:45-16:00;7.467
P25;8;SA;16:00-16:15;7.013
P25;8;SA;16:15-16:30;9.869
P25;8;SA;16:30-16:45;10.958
P25;8;SA;16:45-17:00;11.114
P25;8;SA;17:00-17:15;12.171
P25;8;SA;17:15-17:30;13.103
P25;8;SA;17:30-17:45;15.491
P25;8;SA;17:45-18:00;16.283
P25;8;SA;18:00-18:15;17.386
P25;8;SA;18:15-18:30;17.907
P25;8;SA;18:30-18:45;19.462
P25;8;SA;18:45-19:00;19.774
P25;8;SA;19:00-19:15;21.472
P25;8;SA;19:15-19:30;22.679
P25;8;SA;19:30-19:45;27.006
P25;8;SA;19:45-20:00;31.242
P25;8;SA;20:00-20:15;34.139
P25;8;SA;20:15-20:30;37.509
P25;8;SA;20:30-20:45;37.964
P25;8;SA;20:45-21:00;37.699
P25;8;SA;21:00-21:15;35.223
P25;8;SA;21:15-21:30;35.387
P25;8;SA;21:30-21:45;33.033
P25;8;SA;21:45-22:00;33.317
P25;8;SA;22:00-22:15;32.957
P25;8;SA;22:15-22:30;31.324
P25;8;SA;22:30-22:45;32.258
P25;8;SA;22:45-23:00;32.364
P25;8;SA;23:00-23:15;29.055
P25;8;SA;23:15-23:30;28.365
P25;8;SA;23:30-23:45;26.545
P25;8;SA;23:45-00:00;26.247
P25;8;FT;00:00-00:15;26.744
P25;8;FT;00:15-00:30;25.624
P25;8;FT;00:30-00:45;25.139
P25;8;FT;00:45-01:00;24.868
P25;8;FT;01:00-01:15;24.744
P25;8;FT;01:15-01:30;24.142
P25;8;FT;01:30-01:45;23.075
P25;8;FT;01:45-02:00;24.13
P25;8;FT;02:00-02:15;22.67
P25;8;FT;02:15-02:30;25.067
P25;8;FT;02:30-02:45;23.908
P25;8;FT;02:45-03:00;24.59
P25;8;FT;03:00-03:15;27.172
P25;8;FT;03:15-03:30;23.795
P25;8;FT;03:30-03:45;23.4
P25;8;FT;03:45-04:00;22.957
P25;8;FT;04:00-04:15;23.896
P25;8;FT;04:15-04:30;23.355
P25;8;FT;04:30-04:45;26.802
P25;8;FT;04:45-05:00;24.593
P25;8;FT;05:00-05:15;25.291
P25;8;FT;05:15-05:30;24.445
P25;8;FT;05:30-05:45;25.174
P25;8;FT;05:45-06:00;25.184
P25;8;FT;06:00-06:15;23.929
P25;8;FT;06:15-06:30;24.431
P25;8;FT;06:30-06:45;23.586
P25;8;FT;06:45-07:00;19.191
P25;8;FT;07:00-07:15;18.554
P25;8;FT;07:15-07:30;16.754
P25;8;FT;07:30-07:45;13.687
P25;8;FT;07:45-08:00;11.564
P25;8;FT;08:00-08:15;14.677
P25;8;FT;08:15-08:30;14.264
P25;8;FT;08:30-08:45;13.7
P25;8;FT;08:45-09:00;13.193
P25;8;FT;09:00-09:15;12.267
P25;8;FT;09:15-09:30;12.114
P25;8;FT;09:30-09:45;13.819
P25;8;FT;09:45-10:00;12.38
P25;8;FT;10:00-10:15;11.631
P25;8;FT;10:15-10:30;11.275
P25;8;FT;10:30-10:45;10.726
P25;8;FT;10:45-11:00;10.643
P25;8;FT;11:00-11:15;10.559
P25;8;FT;11:15-11:30;9.991
P25;8;FT;11:30-11:45;11.46
P25;8;FT;11:45-12:00;11.159
P25;8;FT;12:00-12:15;10.189
P25;8;FT;12:15-12:30;10.892
P25;8;FT;12:30-12:45;10.166
P25;8;FT;12:45-13:00;9.95
P25;8;FT;13:00-13:15;8.713
P25;8;FT;13:15-13:30;9.726
P25;8;FT;13:30-13:45;9.303
P25;8;FT;13:45-14:00;7.871
P25;8;FT;14:00-14:15;8.697
P25;8;FT;14:15-14:30;8.639
P25;8;FT;14:30-14:45;7.979
P25;8;FT;14:45-15:00;7.777
P25;8;FT;15:00-15:15;6.738
P25;8;FT;15:15-15:30;6.913
P25;8;FT;15:30-15:45;8.603
P25;8;FT;15:45-16:00;9.597
P25;8;FT;16:00-16:15;8.982
P25;8;FT;16:15-16:30;9.576
P25;8;FT;16:30-16:45;10.603
P25;8;FT;16:45-17:00;11.563
P25;8;FT;17:00-17:15;12.772
P25;8;FT;17:15-17:30;15.819
P25;8;FT;17:30-17:45;17.253
P25;8;FT;17:45-18:00;17.721
P25;8;FT;18:00-18:15;20.037
P25;8;FT;18:15-18:30;21.391
P25;8;FT;18:30-18:45;23.779
P25;8;FT;18:45-19:00;25.494
P25;8;FT;19:00-19:15;29.417
P25;8;FT;19:15-19:30;30.364
P25;8;FT;19:30-19:45;33.613
P25;8;FT;19:45-20:00;36.091
P25;8;FT;20:00-20:15;40.942
P25;8;FT;20:15-20:30;41.84
P25;8;FT;20:30-20:45;41.164
P25;8;FT;20:45-21:00;40.959
P25;8;FT;21:00-21:15;42.646
P25;8;FT;21:15-21:30;36.529
P25;8;FT;21:30-21:45;37.573
P25;8;FT;21:45-22:00;35.05
P25;8;FT;22:00-22:15;35.355
P25;8;FT;22:15-22:30;34.271
P25;8;FT;22:30-22:45;30.848
P25;8;FT;22:45-23:00;31.389
P25;8;FT;23:00-23:15;27.076
P25;8;FT;23:15-23:30;29.821
P25;8;FT;23:30-23:45;27.421
P25;8;FT;23:45-00:00;25.636
P25;8;WT;00:00-00:15;25.278
P25;8;WT;00:15-00:30;25.369
P25;8;WT;00:30-00:45;24.124
P25;8;WT;00:45-01:00;23.263
P25;8;WT;01:00-01:15;23.071
P25;8;WT;01:15-01:30;22.836
P25;8;WT;01:30-01:45;22.558
P25;8;WT;01:45-02:00;23.001
P25;8;WT;02:00-02:15;22.658
P25;8;WT;02:15-02:30;23.075
P25;8;WT;02:30-02:45;22.919
P25;8;WT;02:45-03:00;23.605
P25;8;WT;03:00-03:15;22.435
P25;8;WT;03:15-03:30;22.64
P25;8;WT;03:30-03:45;22.879
P25;8;WT;03:45-04:00;22.629
P25;8;WT;04:00-04:15;23.551
P25;8;WT;04:15-04:30;24.322
P25;8;WT;04:30-04:45;24.411
P25;8;WT;04:45-05:00;24.324
P25;8;WT;05:00-05:15;25.815
P25;8;WT;05:15-05:30;26.502
P25;8;WT;05:30-05:45;27.868
P25;8;WT;05:45-06:00;28.004
P25;8;WT;06:00-06:15;30.103
P25;8;WT;06:15-06:30;29.496
P25;8;WT;06:30-06:45;27.627
P25;8;WT;06:45-07:00;23.35
P25;8;WT;07:00-07:15;20.373
P25;8;WT;07:15-07:30;18.639
P25;8;WT;07:30-07:45;15.675
P25;8;WT;07:45-08:00;14.656
P25;8;WT;08:00-08:15;14.094
P25;8;WT;08:15-08:30;12.718
P25;8;WT;08:30-08:45;12.103
P25;8;WT;08:45-09:00;10.883
P25;8;WT;09:00-09:15;10.773
P25;8;WT;09:15-09:30;9.673
P25;8;WT;09:30-09:45;8.307
P25;8;WT;09:45-10:00;7.965
P25;8;WT;10:00-10:15;7.293
P25;8;WT;10:15-10:30;6.774
P25;8;WT;10:30-10:45;6.377
P25;8;WT;10:45-11:00;6.115
P25;8;WT;11:00-11:15;6.4
P25;8;WT;11:15-11:30;5.721
P25;8;WT;11:30-11:45;5.875
P25;8;WT;11:45-12:00;6.29
P25;8;WT;12:00-12:15;5.982
P25;8;WT;12:15-12:30;5.968
P25;8;WT;12:30-12:45;5.411
P25;8;WT;12:45-13:00;5.361
P25;8;WT;13:00-13:15;4.887
P25;8;WT;13:15-13:30;4.687
P25;8;WT;13:30-13:45;5.15
P25;8;WT;13:45-14:00;4.951
P25;8;WT;14:00-14:15;5.436
P25;8;WT;14:15-14:30;5.304
P25;8;WT;14:30-14:45;5.659
P25;8;WT;14:45-15:00;6.423
P25;8;WT;15:00-15:15;7.177
P25;8;WT;15:15-15:30;7.289
P25;8;WT;15:30-15:45;8.432
P25;8;WT;15:45-16:00;8.883
P25;8;WT;16:00-16:15;8.186
P25;8;WT;16:15-16:30;8.339
P25;8;WT;16:30-16:45;8.98
P25;8;WT;16:45-17:00;9.806
P25;8;WT;17:00-17:15;10.826
P25;8;WT;17:15-17:30;13.111
P25;8;WT;17:30-17:45;15.739
P25;8;WT;17:45-18:00;17.66
P25;8;WT;18:00-18:15;18.682
P25;8;WT;18:15-18:30;20.248
P25;8;WT;18:30-18:45;23.938
P25;8;WT;18:45-19:00;26.492
P25;8;WT;19:00-19:15;28.427
P25;8;WT;19:15-19:30;30.118
P25;8;WT;19:30-19:45;31.266
P25;8;WT;19:45-20:00;34.672
P25;8;WT;20:00-20:15;38.081
P25;8;WT;20:15-20:30;39.376
P25;8;WT;20:30-20:45;39.32
P25;8;WT;20:45-21:00;39.724
P25;8;WT;21:00-21:15;39.048
P25;8;WT;21:15-21:30;38.287
P25;8;WT;21:30-21:45;37.176
P25;8;WT;21:45-22:00;36.092
P25;8;WT;22:00-22:15;34.773
P25;8;WT;22:15-22:30;33.639
P25;8;WT;22:30-22:45;31.692
P25;8;WT;22:45-23:00;30.379
P25;8;WT;23:00-23:15;27.971
P25;8;WT;23:15-23:30;27.241
P25;8;WT;23:30-23:45;26.73
P25;8;WT;23:45-00:00;25.434
P25;9;SA;00:00-00:15;25.475
P25;9;SA;00:15-00:30;24.664
P25;9;SA;00:30-00:45;23.909
P25;9;SA;00:45-01:00;24.065
P25;9;SA;01:00-01:15;23.589
P25;9;SA;01:15-01:30;23.053
P25;9;SA;01:30-01:45;22.685
P25;9;SA;01:45-02:00;22.469
P25;9;SA;02:00-02:15;21.34
P25;9;SA;02:15-02:30;21.698
P25;9;SA;02:30-02:45;21.64
P25;9;SA;02:45-03:00;21.145
P25;9;SA;03:00-03:15;21.695
P25;9;SA;03:15-03:30;22.028
P25;9;SA;03:30-03:45;21.215
P25;9;SA;03:45-04:00;21.507
P25;9;SA;04:00-04:15;22.727
P25;9;SA;04:15-04:30;22.651
P25;9;SA;04:30-04:45;22.854
P25;9;SA;04:45-05:00;23.046
P25;9;SA;05:00-05:15;23.609
P25;9;SA;05:15-05:30;22.464
P25;9;SA;05:30-05:45;24.393
P25;9;SA;05:45-06:00;24.156
P25;9;SA;06:00-06:15;24.831
P25;9;SA;06:15-06:30;25.075
P25;9;SA;06:30-06:45;26.962
P25;9;SA;06:45-07:00;26.816
P25;9;SA;07:00-07:15;26.5
P25;9;SA;07:15-07:30;24.809
P25;9;SA;07:30-07:45;23.634
P25;9;SA;07:45-08:00;21.418
P25;9;SA;08:00-08:15;20.233
P25;9;SA;08:15-08:30;16.617
P25;9;SA;08:30-08:45;16.014
P25;9;SA;08:45-09:00;15.263
P25;9;SA;09:00-09:15;14.386
P25;9;SA;09:15-09:30;13.617
P25;9;SA;09:30-09:45;13.941
P25;9;SA;09:45-10:00;12.029
P25;9;SA;10:00-10:15;10.979
P25;9;SA;10:15-10:30;9.559
P25;9;SA;10:30-10:45;10.731
P25;9;SA;10:45-11:00;10.154
P25;9;SA;11:00-11:15;8.842
P25;9;SA;11:15-11:30;8.66
P25;9;SA;11:30-11:45;8.523
P25;9;SA;11:45-12:00;8.282
P25;9;SA;12:00-12:15;7.89
P25;9;SA;12:15-12:30;9.131
P25;9;SA;12:30-12:45;9.24
P25;9;SA;12:45-13:00;9.122
P25;9;SA;13:00-13:15;8.335
P25;9;SA;13:15-13:30;7.862
P25;9;SA;13:30-13:45;7.578
P25;9;SA;13:45-14:00;8.448
P25;9;SA;14:00-14:15;8.35
P25;9;SA;14:15-14:30;7.191
P25;9;SA;14:30-14:45;6.785
P25;9;SA;14:45-15:00;7.052
P25;9;SA;15:00-15:15;7.511
P25;9;SA;15:15-15:30;7.402
P25;9;SA;15:30-15:45;6.819
P25;9;SA;15:45-16:00;8.944
P25;9;SA;16:00-16:15;9.702
P25;9;SA;16:15-16:30;10.126
P25;9;SA;16:30-16:45;10.177
P25;9;SA;16:45-17:00;9.376
P25;9;SA;17:00-17:15;11.198
P25;9;SA;17:15-17:30;12.768
P25;9;SA;17:30-17:45;16.891
P25;9;SA;17:45-18:00;19.734
P25;9;SA;18:00-18:15;22.877
P25;9;SA;18:15-18:30;26.187
P25;9;SA;18:30-18:45;30.136
P25;9;SA;18:45-19:00;34.696
P25;9;SA;19:00-19:15;37.676
P25;9;SA;19:15-19:30;39.689
P25;9;SA;19:30-19:45;38.998
P25;9;SA;19:45-20:00;39.748
P25;9;SA;20:00-20:15;38.36
P25;9;SA;20:15-20:30;36.742
P25;9;SA;20:30-20:45;35.106
P25;9;SA;20:45-21:00;34.279
P25;9;SA;21:00-21:15;33.026
P25;9;SA;21:15-21:30;34.972
P25;9;SA;21:30-21:45;33.786
P25;9;SA;21:45-22:00;33.98
P25;9;SA;22:00-22:15;33.357
P25;9;SA;22:15-22:30;31.411
P25;9;SA;22:30-22:45;30.682
P25;9;SA;22:45-23:00;31.022
P25;9;SA;23:00-23:15;28.675
P25;9;SA;23:15-23:30;28.34
P25;9;SA;23:30-23:45;26.559
P25;9;SA;23:45-00:00;26.574
P25;9;FT;00:00-00:15;25.794
P25;9;FT;00:15-00:30;24.614
P25;9;FT;00:30-00:45;24.671
P25;9;FT;00:45-01:00;23.774
P25;9;FT;01:00-01:15;23.182
P25;9;FT;01:15-01:30;23.058
P25;9;FT;01:30-01:45;21.98
P25;9;FT;01:45-02:00;21.532
P25;9;FT;02:00-02:15;21.639
P25;9;FT;02:15-02:30;21.477
P25;9;FT;02:30-02:45;21.048
P25;9;FT;02:45-03:00;21.703
P25;9;FT;03:00-03:15;20.711
P25;9;FT;03:15-03:30;21.063
P25;9;FT;03:30-03:45;20.933
P25;9;FT;03:45-04:00;21.288
P25;9;FT;04:00-04:15;21.686
P25;9;FT;04:15-04:30;22.38
P25;9;FT;04:30-04:45;21.629
P25;9;FT;04:45-05:00;21.529
P25;9;FT;05:00-05:15;21.097
P25;9;FT;05:15-05:30;22.093
P25;9;FT;05:30-05:45;22.912
P25;9;FT;05:45-06:00;23.43
P25;9;FT;06:00-06:15;24.356
P25;9;FT;06:15-06:30;24.775
P25;9;FT;06:30-06:45;26.069
P25;9;FT;06:45-07:00;26.157
P25;9;FT;07:00-07:15;24.393
P25;9;FT;07:15-07:30;21.478
P25;9;FT;07:30-07:45;21.987
P25;9;FT;07:45-08:00;20.393
P25;9;FT;08:00-08:15;19.925
P25;9;FT;08:15-08:30;20.363
P25;9;FT;08:30-08:45;21.284
P25;9;FT;08:45-09:00;20.521
P25;9;FT;09:00-09:15;21.079
P25;9;FT;09:15-09:30;22.115
P25;9;FT;09:30-09:45;20.006
P25;9;FT;09:45-10:00;17.161
P25;9;FT;10:00-10:15;15.88
P25;9;FT;10:15-10:30;14.231
P25;9;FT;10:30-10:45;13.091
P25;9;FT;10:45-11:00;12.34
P25;9;FT;11:00-11:15;12.772
P25;9;FT;11:15-11:30;13.603
P25;9;FT;11:30-11:45;13.978
P25;9;FT;11:45-12:00;13.772
P25;9;FT;12:00-12:15;14.264
P25;9;FT;12:15-12:30;11.912
P25;9;FT;12:30-12:45;11.656
P25;9;FT;12:45-13:00;12.498
P25;9;FT;13:00-13:15;11.859
P25;9;FT;13:15-13:30;10.452
P25;9;FT;13:30-13:45;9.081
P25;9;FT;13:45-14:00;8.277
P25;9;FT;14:00-14:15;9.18
P25;9;FT;14:15-14:30;9.005
P25;9;FT;14:30-14:45;7.813
P25;9;FT;14:45-15:00;8.633
P25;9;FT;15:00-15:15;8.462
P25;9;FT;15:15-15:30;9.167
P25;9;FT;15:30-15:45;9.089
P25;9;FT;15:45-16:00;9.711
P25;9;FT;16:00-16:15;9.975
P25;9;FT;16:15-16:30;10.3
P25;9;FT;16:30-16:45;12.098
P25;9;FT;16:45-17:00;14.127
P25;9;FT;17:00-17:15;15.647
P25;9;FT;17:15-17:30;17.814
P25;9;FT;17:30-17:45;20.755
P25;9;FT;17:45-18:00;21.112
P25;9;FT;18:00-18:15;24.313
P25;9;FT;18:15-18:30;29.161
P25;9;FT;18:30-18:45;34.361
P25;9;FT;18:45-19:00;36.063
P25;9;FT;19:00-19:15;42.8
P25;9;FT;19:15-19:30;43.666
P25;9;FT;19:30-19:45;45.248
P25;9;FT;19:45-20:00;45.427
P25;9;FT;20:00-20:15;44.636
P25;9;FT;20:15-20:30;42.591
P25;9;FT;20:30-20:45;40.762
P25;9;FT;20:45-21:00;39.86
P25;9;FT;21:00-21:15;38.571
P25;9;FT;21:15-21:30;37.199
P25;9;FT;21:30-21:45;36.221
P25;9;FT;21:45-22:00;33.853
P25;9;FT;22:00-22:15;33.832
P25;9;FT;22:15-22:30;31.952
P25;9;FT;22:30-22:45;31.988
P25;9;FT;22:45-23:00;29.165
P25;9;FT;23:00-23:15;26.78
P25;9;FT;23:15-23:30;25.108
P25;9;FT;23:30-23:45;23.733
P25;9;FT;23:45-00:00;23.156
P25;9;WT;00:00-00:15;24.093
P25;9;WT;00:15-00:30;23.575
P25;9;WT;00:30-00:45;22.943
P25;9;WT;00:45-01:00;21.997
P25;9;WT;01:00-01:15;22.287
P25;9;WT;01:15-01:30;22.117
P25;9;WT;01:30-01:45;21.573
P25;9;WT;01:45-02:00;21.871
P25;9;WT;02:00-02:15;21.457
P25;9;WT;02:15-02:30;21.524
P25;9;WT;02:30-02:45;21.925
P25;9;WT;02:45-03:00;21.999
P25;9;WT;03:00-03:15;21.098
P25;9;WT;03:15-03:30;21.402
P25;9;WT;03:30-03:45;21.389
P25;9;WT;03:45-04:00;21.287
P25;9;WT;04:00-04:15;21.995
P25;9;WT;04:15-04:30;22.509
P25;9;WT;04:30-04:45;22.829
P25;9;WT;04:45-05:00;23.035
P25;9;WT;05:00-05:15;26.116
P25;9;WT;05:15-05:30;26.569
P25;9;WT;05:30-05:45;28.013
P25;9;WT;05:45-06:00;30.286
P25;9;WT;06:00-06:15;32.97
P25;9;WT;06:15-06:30;35.467
P25;9;WT;06:30-06:45;36.664
P25;9;WT;06:45-07:00;35.488
P25;9;WT;07:00-07:15;33.249
P25;9;WT;07:15-07:30;29.154
P25;9;WT;07:30-07:45;25.174
P25;9;WT;07:45-08:00;21.895
P25;9;WT;08:00-08:15;19.85
P25;9;WT;08:15-08:30;17.553
P25;9;WT;08:30-08:45;15.385
P25;9;WT;08:45-09:00;14.136
P25;9;WT;09:00-09:15;12.719
P25;9;WT;09:15-09:30;11.266
P25;9;WT;09:30-09:45;10.064
P25;9;WT;09:45-10:00;8.899
P25;9;WT;10:00-10:15;8.527
P25;9;WT;10:15-10:30;7.92
P25;9;WT;10:30-10:45;7.302
P25;9;WT;10:45-11:00;6.916
P25;9;WT;11:00-11:15;7.121
P25;9;WT;11:15-11:30;6.578
P25;9;WT;11:30-11:45;6.477
P25;9;WT;11:45-12:00;7.376
P25;9;WT;12:00-12:15;6.882
P25;9;WT;12:15-12:30;7.273
P25;9;WT;12:30-12:45;7.432
P25;9;WT;12:45-13:00;7.026
P25;9;WT;13:00-13:15;6.491
P25;9;WT;13:15-13:30;6.379
P25;9;WT;13:30-13:45;6.517
P25;9;WT;13:45-14:00;6.266
P25;9;WT;14:00-14:15;6.738
P25;9;WT;14:15-14:30;6.15
P25;9;WT;14:30-14:45;5.791
P25;9;WT;14:45-15:00;5.777
P25;9;WT;15:00-15:15;5.841
P25;9;WT;15:15-15:30;6.103
P25;9;WT;15:30-15:45;6.13
P25;9;WT;15:45-16:00;6.807
P25;9;WT;16:00-16:15;7.517
P25;9;WT;16:15-16:30;8.993
P25;9;WT;16:30-16:45;10.204
P25;9;WT;16:45-17:00;11.883
P25;9;WT;17:00-17:15;14.074
P25;9;WT;17:15-17:30;16.48
P25;9;WT;17:30-17:45;18.472
P25;9;WT;17:45-18:00;21.427
P25;9;WT;18:00-18:15;25.898
P25;9;WT;18:15-18:30;30.26
P25;9;WT;18:30-18:45;34.339
P25;9;WT;18:45-19:00;37.699
P25;9;WT;19:00-19:15;40.452
P25;9;WT;19:15-19:30;42.865
P25;9;WT;19:30-19:45;44.544
P25;9;WT;19:45-20:00;45.615
P25;9;WT;20:00-20:15;45.568
P25;9;WT;20:15-20:30;43.481
P25;9;WT;20:30-20:45;41.437
P25;9;WT;20:45-21:00;40.025
P25;9;WT;21:00-21:15;38.869
P25;9;WT;21:15-21:30;37.391
P25;9;WT;21:30-21:45;36.2
P25;9;WT;21:45-22:00;35.622
P25;9;WT;22:00-22:15;34.724
P25;9;WT;22:15-22:30;33.424
P25;9;WT;22:30-22:45;31.47
P25;9;WT;22:45-23:00;29.97
P25;9;WT;23:00-23:15;28.155
P25;9;WT;23:15-23:30;27.334
P25;9;WT;23:30-23:45;26.494
P25;9;WT;23:45-00:00;25.543
P25;10;SA;00:00-00:15;28.924
P25;10;SA;00:15-00:30;28.624
P25;10;SA;00:30-00:45;26.482
P25;10;SA;00:45-01:00;26.551
P25;10;SA;01:00-01:15;26.86
P25;10;SA;01:15-01:30;25.953
P25;10;SA;01:30-01:45;26.163
P25;10;SA;01:45-02:00;25.885
P25;10;SA;02:00-02:15;25.848
P25;10;SA;02:15-02:30;25.169
P25;10;SA;02:30-02:45;25.137
P25;10;SA;02:45-03:00;25.086
P25;10;SA;03:00-03:15;24.559
P25;10;SA;03:15-03:30;24.539
P25;10;SA;03:30-03:45;24.173
P25;10;SA;03:45-04:00;24.223
P25;10;SA;04:00-04:15;25.407
P25;10;SA;04:15-04:30;24.849
P25;10;SA;04:30-04:45;25.583
P25;10;SA;04:45-05:00;25.043
P25;10;SA;05:00-05:15;25.742
P25;10;SA;05:15-05:30;26.118
P25;10;SA;05:30-05:45;27.145
P25;10;SA;05:45-06:00;26.944
P25;10;SA;06:00-06:15;27.758
P25;10;SA;06:15-06:30;27.542
P25;10;SA;06:30-06:45;29.446
P25;10;SA;06:45-07:00;31.605
P25;10;SA;07:00-07:15;33.689
P25;10;SA;07:15-07:30;34.802
P25;10;SA;07:30-07:45;36.92
P25;10;SA;07:45-08:00;36.303
P25;10;SA;08:00-08:15;35.937
P25;10;SA;08:15-08:30;36.053
P25;10;SA;08:30-08:45;33.999
P25;10;SA;08:45-09:00;31.781
P25;10;SA;09:00-09:15;30.029
P25;10;SA;09:15-09:30;29.07
P25;10;SA;09:30-09:45;28.845
P25;10;SA;09:45-10:00;25.718
P25;10;SA;10:00-10:15;24.255
P25;10;SA;10:15-10:30;21.246
P25;10;SA;10:30-10:45;22.941
P25;10;SA;10:45-11:00;22.83
P25;10;SA;11:00-11:15;22.957
P25;10;SA;11:15-11:30;20.069
P25;10;SA;11:30-11:45;19.548
P25;10;SA;11:45-12:00;19.63
P25;10;SA;12:00-12:15;17.016
P25;10;SA;12:15-12:30;18.465
P25;10;SA;12:30-12:45;22.01
P25;10;SA;12:45-13:00;19.847
P25;10;SA;13:00-13:15;19.268
P25;10;SA;13:15-13:30;18.102
P25;10;SA;13:30-13:45;17.028
P25;10;SA;13:45-14:00;15.112
P25;10;SA;14:00-14:15;16.196
P25;10;SA;14:15-14:30;15.608
P25;10;SA;14:30-14:45;15.433
P25;10;SA;14:45-15:00;15.937
P25;10;SA;15:00-15:15;17.827
P25;10;SA;15:15-15:30;17.724
P25;10;SA;15:30-15:45;15.763
P25;10;SA;15:45-16:00;16.996
P25;10;SA;16:00-16:15;16.791
P25;10;SA;16:15-16:30;17.728
P25;10;SA;16:30-16:45;19.657
P25;10;SA;16:45-17:00;23.524
P25;10;SA;17:00-17:15;28.235
P25;10;SA;17:15-17:30;30.04
P25;10;SA;17:30-17:45;33.228
P25;10;SA;17:45-18:00;38.383
P25;10;SA;18:00-18:15;41.721
P25;10;SA;18:15-18:30;45.137
P25;10;SA;18:30-18:45;50.05
P25;10;SA;18:45-19:00;51.753
P25;10;SA;19:00-19:15;51.879
P25;10;SA;19:15-19:30;49.426
P25;10;SA;19:30-19:45;47.406
P25;10;SA;19:45-20:00;45.209
P25;10;SA;20:00-20:15;44.439
P25;10;SA;20:15-20:30;43.07
P25;10;SA;20:30-20:45;42.357
P25;10;SA;20:45-21:00;40.126
P25;10;SA;21:00-21:15;39.27
P25;10;SA;21:15-21:30;39.847
P25;10;SA;21:30-21:45;38.274
P25;10;SA;21:45-22:00;37.15
P25;10;SA;22:00-22:15;36.397
P25;10;SA;22:15-22:30;34.827
P25;10;SA;22:30-22:45;35.673
P25;10;SA;22:45-23:00;33.871
P25;10;SA;23:00-23:15;32.935
P25;10;SA;23:15-23:30;31.926
P25;10;SA;23:30-23:45;30.184
P25;10;SA;23:45-00:00;29.738
P25;10;FT;00:00-00:15;28.605
P25;10;FT;00:15-00:30;27.664
P25;10;FT;00:30-00:45;26.46
P25;10;FT;00:45-01:00;25.845
P25;10;FT;01:00-01:15;25.133
P25;10;FT;01:15-01:30;25.27
P25;10;FT;01:30-01:45;23.586
P25;10;FT;01:45-02:00;23.212
P25;10;FT;02:00-02:15;23.92
P25;10;FT;02:15-02:30;23.407
P25;10;FT;02:30-02:45;23.166
P25;10;FT;02:45-03:00;23.447
P25;10;FT;03:00-03:15;23.223
P25;10;FT;03:15-03:30;24.035
P25;10;FT;03:30-03:45;24.017
P25;10;FT;03:45-04:00;23.64
P25;10;FT;04:00-04:15;23.41
P25;10;FT;04:15-04:30;23.91
P25;10;FT;04:30-04:45;23.44
P25;10;FT;04:45-05:00;24.238
P25;10;FT;05:00-05:15;24.818
P25;10;FT;05:15-05:30;25.279
P25;10;FT;05:30-05:45;26.306
P25;10;FT;05:45-06:00;26.57
P25;10;FT;06:00-06:15;26.245
P25;10;FT;06:15-06:30;27.26
P25;10;FT;06:30-06:45;27.596
P25;10;FT;06:45-07:00;29.93
P25;10;FT;07:00-07:15;31.574
P25;10;FT;07:15-07:30;31.323
P25;10;FT;07:30-07:45;31.433
P25;10;FT;07:45-08:00;30.742
P25;10;FT;08:00-08:15;30.396
P25;10;FT;08:15-08:30;29.257
P25;10;FT;08:30-08:45;26.41
P25;10;FT;08:45-09:00;25.483
P25;10;FT;09:00-09:15;24.912
P25;10;FT;09:15-09:30;25.419
P25;10;FT;09:30-09:45;24.492
P25;10;FT;09:45-10:00;22.904
P25;10;FT;10:00-10:15;20.453
P25;10;FT;10:15-10:30;19.266
P25;10;FT;10:30-10:45;17.571
P25;10;FT;10:45-11:00;17.173
P25;10;FT;11:00-11:15;16.333
P25;10;FT;11:15-11:30;15.74
P25;10;FT;11:30-11:45;18.021
P25;10;FT;11:45-12:00;19.321
P25;10;FT;12:00-12:15;18.504
P25;10;FT;12:15-12:30;17.692
P25;10;FT;12:30-12:45;16.643
P25;10;FT;12:45-13:00;15.871
P25;10;FT;13:00-13:15;15.042
P25;10;FT;13:15-13:30;16.232
P25;10;FT;13:30-13:45;15.555
P25;10;FT;13:45-14:00;15.841
P25;10;FT;14:00-14:15;15.489
P25;10;FT;14:15-14:30;16.103
P25;10;FT;14:30-14:45;14.183
P25;10;FT;14:45-15:00;15.3
P25;10;FT;15:00-15:15;17.11
P25;10;FT;15:15-15:30;18.791
P25;10;FT;15:30-15:45;19.099
P25;10;FT;15:45-16:00;18.775
P25;10;FT;16:00-16:15;19.81
P25;10;FT;16:15-16:30;22.072
P25;10;FT;16:30-16:45;25.813
P25;10;FT;16:45-17:00;27.47
P25;10;FT;17:00-17:15;30.784
P25;10;FT;17:15-17:30;31.808
P25;10;FT;17:30-17:45;35.177
P25;10;FT;17:45-18:00;37.647
P25;10;FT;18:00-18:15;42.219
P25;10;FT;18:15-18:30;45.932
P25;10;FT;18:30-18:45;48.211
P25;10;FT;18:45-19:00;48.62
P25;10;FT;19:00-19:15;47.789
P25;10;FT;19:15-19:30;48.178
P25;10;FT;19:30-19:45;45.696
P25;10;FT;19:45-20:00;46.366
P25;10;FT;20:00-20:15;43.93
P25;10;FT;20:15-20:30;42.958
P25;10;FT;20:30-20:45;42.041
P25;10;FT;20:45-21:00;41.478
P25;10;FT;21:00-21:15;38.453
P25;10;FT;21:15-21:30;38.317
P25;10;FT;21:30-21:45;36.164
P25;10;FT;21:45-22:00;35.361
P25;10;FT;22:00-22:15;34.887
P25;10;FT;22:15-22:30;33.858
P25;10;FT;22:30-22:45;32.2
P25;10;FT;22:45-23:00;30.234
P25;10;FT;23:00-23:15;28.53
P25;10;FT;23:15-23:30;27.275
P25;10;FT;23:30-23:45;27.159
P25;10;FT;23:45-00:00;25.892
P25;10;WT;00:00-00:15;26.458
P25;10;WT;00:15-00:30;25.844
P25;10;WT;00:30-00:45;24.991
P25;10;WT;00:45-01:00;25.137
P25;10;WT;01:00-01:15;24.577
P25;10;WT;01:15-01:30;24.422
P25;10;WT;01:30-01:45;23.961
P25;10;WT;01:45-02:00;23.817
P25;10;WT;02:00-02:15;23.911
P25;10;WT;02:15-02:30;23.85
P25;10;WT;02:30-02:45;23.667
P25;10;WT;02:45-03:00;23.491
P25;10;WT;03:00-03:15;23.578
P25;10;WT;03:15-03:30;23.4
P25;10;WT;03:30-03:45;23.632
P25;10;WT;03:45-04:00;23.658
P25;10;WT;04:00-04:15;24.067
P25;10;WT;04:15-04:30;24.776
P25;10;WT;04:30-04:45;25.732
P25;10;WT;04:45-05:00;25.84
P25;10;WT;05:00-05:15;28.341
P25;10;WT;05:15-05:30;28.71
P25;10;WT;05:30-05:45;30.025
P25;10;WT;05:45-06:00;31.028
P25;10;WT;06:00-06:15;33.841
P25;10;WT;06:15-06:30;35.215
P25;10;WT;06:30-06:45;37.62
P25;10;WT;06:45-07:00;37.407
P25;10;WT;07:00-07:15;37.967
P25;10;WT;07:15-07:30;37.742
P25;10;WT;07:30-07:45;38.157
P25;10;WT;07:45-08:00;35.696
P25;10;WT;08:00-08:15;33.925
P25;10;WT;08:15-08:30;30.457
P25;10;WT;08:30-08:45;27.974
P25;10;WT;08:45-09:00;24.467
P25;10;WT;09:00-09:15;22.015
P25;10;WT;09:15-09:30;19.871
P25;10;WT;09:30-09:45;18.592
P25;10;WT;09:45-10:00;17.42
P25;10;WT;10:00-10:15;15.612
P25;10;WT;10:15-10:30;14.301
P25;10;WT;10:30-10:45;13.054
P25;10;WT;10:45-11:00;12.761
P25;10;WT;11:00-11:15;11.736
P25;10;WT;11:15-11:30;11.154
P25;10;WT;11:30-11:45;11.82
P25;10;WT;11:45-12:00;11.926
P25;10;WT;12:00-12:15;12.132
P25;10;WT;12:15-12:30;12.092
P25;10;WT;12:30-12:45;11.743
P25;10;WT;12:45-13:00;11.206
P25;10;WT;13:00-13:15;10.837
P25;10;WT;13:15-13:30;10.669
P25;10;WT;13:30-13:45;10.308
P25;10;WT;13:45-14:00;10.373
P25;10;WT;14:00-14:15;10.172
P25;10;WT;14:15-14:30;10.486
P25;10;WT;14:30-14:45;10.494
P25;10;WT;14:45-15:00;10.707
P25;10;WT;15:00-15:15;11.462
P25;10;WT;15:15-15:30;12.347
P25;10;WT;15:30-15:45;12.886
P25;10;WT;15:45-16:00;14.106
P25;10;WT;16:00-16:15;15.92
P25;10;WT;16:15-16:30;18.205
P25;10;WT;16:30-16:45;19.687
P25;10;WT;16:45-17:00;22.118
P25;10;WT;17:00-17:15;25.52
P25;10;WT;17:15-17:30;29.429
P25;10;WT;17:30-17:45;32.929
P25;10;WT;17:45-18:00;38.986
P25;10;WT;18:00-18:15;45.434
P25;10;WT;18:15-18:30;50.167
P25;10;WT;18:30-18:45;50.955
P25;10;WT;18:45-19:00;50.557
P25;10;WT;19:00-19:15;50.489
P25;10;WT;19:15-19:30;49.156
P25;10;WT;19:30-19:45;48.073
P25;10;WT;19:45-20:00;47.353
P25;10;WT;20:00-20:15;46.956
P25;10;WT;20:15-20:30;45.884
P25;10;WT;20:30-20:45;44.21
P25;10;WT;20:45-21:00;43.09
P25;10;WT;21:00-21:15;41.487
P25;10;WT;21:15-21:30;40.728
P25;10;WT;21:30-21:45;39.51
P25;10;WT;21:45-22:00;38.328
P25;10;WT;22:00-22:15;36.712
P25;10;WT;22:15-22:30;35.389
P25;10;WT;22:30-22:45;33.98
P25;10;WT;22:45-23:00;32.843
P25;10;WT;23:00-23:15;30.953
P25;10;WT;23:15-23:30;29.651
P25;10;WT;23:30-23:45;28.719
P25;10;WT;23:45-00:00;27.569
P25;11;SA;00:00-00:15;33.444
P25;11;SA;00:15-00:30;33.417
P25;11;SA;00:30-00:45;31.354
P25;11;SA;00:45-01:00;31.548
P25;11;SA;01:00-01:15;31.798
P25;11;SA;01:15-01:30;30.454
P25;11;SA;01:30-01:45;30.13
P25;11;SA;01:45-02:00;29.282
P25;11;SA;02:00-02:15;29.814
P25;11;SA;02:15-02:30;29.644
P25;11;SA;02:30-02:45;29.478
P25;11;SA;02:45-03:00;30.477
P25;11;SA;03:00-03:15;30.674
P25;11;SA;03:15-03:30;30.864
P25;11;SA;03:30-03:45;30.278
P25;11;SA;03:45-04:00;30.319
P25;11;SA;04:00-04:15;30.655
P25;11;SA;04:15-04:30;32.323
P25;11;SA;04:30-04:45;31.623
P25;11;SA;04:45-05:00;30.469
P25;11;SA;05:00-05:15;31.968
P25;11;SA;05:15-05:30;32.638
P25;11;SA;05:30-05:45;33.562
P25;11;SA;05:45-06:00;34.373
P25;11;SA;06:00-06:15;34.545
P25;11;SA;06:15-06:30;36.031
P25;11;SA;06:30-06:45;35.988
P25;11;SA;06:45-07:00;37.399
P25;11;SA;07:00-07:15;39.561
P25;11;SA;07:15-07:30;41.605
P25;11;SA;07:30-07:45;43.557
P25;11;SA;07:45-08:00;43.791
P25;11;SA;08:00-08:15;42.461
P25;11;SA;08:15-08:30;39.769
P25;11;SA;08:30-08:45;37.268
P25;11;SA;08:45-09:00;34.199
P25;11;SA;09:00-09:15;31.504
P25;11;SA;09:15-09:30;30.74
P25;11;SA;09:30-09:45;29.519
P25;11;SA;09:45-10:00;29.621
P25;11;SA;10:00-10:15;27.832
P25;11;SA;10:15-10:30;26.654
P25;11;SA;10:30-10:45;25.755
P25;11;SA;10:45-11:00;26.987
P25;11;SA;11:00-11:15;25.197
P25;11;SA;11:15-11:30;25.151
P25;11;SA;11:30-11:45;25.726
P25;11;SA;11:45-12:00;23.483
P25;11;SA;12:00-12:15;24.969
P25;11;SA;12:15-12:30;26.087
P25;11;SA;12:30-12:45;26.123
P25;11;SA;12:45-13:00;23.985
P25;11;SA;13:00-13:15;25.018
P25;11;SA;13:15-13:30;24.804
P25;11;SA;13:30-13:45;24.004
P25;11;SA;13:45-14:00;24.583
P25;11;SA;14:00-14:15;26.293
P25;11;SA;14:15-14:30;28.397
P25;11;SA;14:30-14:45;30.196
P25;11;SA;14:45-15:00;30.761
P25;11;SA;15:00-15:15;33.1
P25;11;SA;15:15-15:30;35.88
P25;11;SA;15:30-15:45;38.489
P25;11;SA;15:45-16:00;41.16
P25;11;SA;16:00-16:15;43.798
P25;11;SA;16:15-16:30;49.457
P25;11;SA;16:30-16:45;50.719
P25;11;SA;16:45-17:00;54.144
P25;11;SA;17:00-17:15;54.976
P25;11;SA;17:15-17:30;55.368
P25;11;SA;17:30-17:45;57.588
P25;11;SA;17:45-18:00;58.345
P25;11;SA;18:00-18:15;60.174
P25;11;SA;18:15-18:30;61.478
P25;11;SA;18:30-18:45;59.238
P25;11;SA;18:45-19:00;59.667
P25;11;SA;19:00-19:15;57.573
P25;11;SA;19:15-19:30;55.34
P25;11;SA;19:30-19:45;53.019
P25;11;SA;19:45-20:00;52.93
P25;11;SA;20:00-20:15;52.47
P25;11;SA;20:15-20:30;52.452
P25;11;SA;20:30-20:45;49.671
P25;11;SA;20:45-21:00;48.719
P25;11;SA;21:00-21:15;48.704
P25;11;SA;21:15-21:30;47.852
P25;11;SA;21:30-21:45;44.55
P25;11;SA;21:45-22:00;44.978
P25;11;SA;22:00-22:15;43.146
P25;11;SA;22:15-22:30;42.781
P25;11;SA;22:30-22:45;40.641
P25;11;SA;22:45-23:00;40.923
P25;11;SA;23:00-23:15;39.554
P25;11;SA;23:15-23:30;37.126
P25;11;SA;23:30-23:45;34.946
P25;11;SA;23:45-00:00;34.224
P25;11;FT;00:00-00:15;34.331
P25;11;FT;00:15-00:30;34.033
P25;11;FT;00:30-00:45;32.256
P25;11;FT;00:45-01:00;31.591
P25;11;FT;01:00-01:15;31.93
P25;11;FT;01:15-01:30;31.032
P25;11;FT;01:30-01:45;29.972
P25;11;FT;01:45-02:00;30.293
P25;11;FT;02:00-02:15;30.12
P25;11;FT;02:15-02:30;30.007
P25;11;FT;02:30-02:45;29.258
P25;11;FT;02:45-03:00;28.817
P25;11;FT;03:00-03:15;28.971
P25;11;FT;03:15-03:30;29.445
P25;11;FT;03:30-03:45;29.924
P25;11;FT;03:45-04:00;28.578
P25;11;FT;04:00-04:15;29.208
P25;11;FT;04:15-04:30;30.299
P25;11;FT;04:30-04:45;29.337
P25;11;FT;04:45-05:00;29.406
P25;11;FT;05:00-05:15;29.682
P25;11;FT;05:15-05:30;29.955
P25;11;FT;05:30-05:45;31.679
P25;11;FT;05:45-06:00;32.631
P25;11;FT;06:00-06:15;33.188
P25;11;FT;06:15-06:30;33.728
P25;11;FT;06:30-06:45;35.848
P25;11;FT;06:45-07:00;34.839
P25;11;FT;07:00-07:15;35.686
P25;11;FT;07:15-07:30;38.123
P25;11;FT;07:30-07:45;39.181
P25;11;FT;07:45-08:00;37.062
P25;11;FT;08:00-08:15;37.222
P25;11;FT;08:15-08:30;35.231
P25;11;FT;08:30-08:45;34.394
P25;11;FT;08:45-09:00;32.921
P25;11;FT;09:00-09:15;32.084
P25;11;FT;09:15-09:30;30.108
P25;11;FT;09:30-09:45;27.401
P25;11;FT;09:45-10:00;26.806
P25;11;FT;10:00-10:15;27.345
P25;11;FT;10:15-10:30;26.285
P25;11;FT;10:30-10:45;27.088
P25;11;FT;10:45-11:00;27.533
P25;11;FT;11:00-11:15;26.826
P25;11;FT;11:15-11:30;28.534
P25;11;FT;11:30-11:45;31.203
P25;11;FT;11:45-12:00;30.44
P25;11;FT;12:00-12:15;27.16
P25;11;FT;12:15-12:30;25.226
P25;11;FT;12:30-12:45;24.675
P25;11;FT;12:45-13:00;25.031
P25;11;FT;13:00-13:15;25.471
P25;11;FT;13:15-13:30;26.332
P25;11;FT;13:30-13:45;25.962
P25;11;FT;13:45-14:00;25.325
P25;11;FT;14:00-14:15;26.807
P25;11;FT;14:15-14:30;27.551
P25;11;FT;14:30-14:45;28.668
P25;11;FT;14:45-15:00;29.153
P25;11;FT;15:00-15:15;33.338
P25;11;FT;15:15-15:30;34.897
P25;11;FT;15:30-15:45;37.159
P25;11;FT;15:45-16:00;43.289
P25;11;FT;16:00-16:15;50.244
P25;11;FT;16:15-16:30;52.625
P25;11;FT;16:30-16:45;53.878
P25;11;FT;16:45-17:00;57.188
P25;11;FT;17:00-17:15;58.229
P25;11;FT;17:15-17:30;59.415
P25;11;FT;17:30-17:45;59.124
P25;11;FT;17:45-18:00;59.127
P25;11;FT;18:00-18:15;62.559
P25;11;FT;18:15-18:30;61.914
P25;11;FT;18:30-18:45;60.153
P25;11;FT;18:45-19:00;62.264
P25;11;FT;19:00-19:15;57.995
P25;11;FT;19:15-19:30;57.526
P25;11;FT;19:30-19:45;56.271
P25;11;FT;19:45-20:00;56.383
P25;11;FT;20:00-20:15;54.866
P25;11;FT;20:15-20:30;53.85
P25;11;FT;20:30-20:45;51.453
P25;11;FT;20:45-21:00;50.339
P25;11;FT;21:00-21:15;49.919
P25;11;FT;21:15-21:30;45.964
P25;11;FT;21:30-21:45;44.609
P25;11;FT;21:45-22:00;44.722
P25;11;FT;22:00-22:15;40.672
P25;11;FT;22:15-22:30;38.371
P25;11;FT;22:30-22:45;36.412
P25;11;FT;22:45-23:00;36.354
P25;11;FT;23:00-23:15;34.278
P25;11;FT;23:15-23:30;33.658
P25;11;FT;23:30-23:45;31.222
P25;11;FT;23:45-00:00;31.518
P25;11;WT;00:00-00:15;30.652
P25;11;WT;00:15-00:30;30.77
P25;11;WT;00:30-00:45;29.603
P25;11;WT;00:45-01:00;29.373
P25;11;WT;01:00-01:15;29.127
P25;11;WT;01:15-01:30;28.671
P25;11;WT;01:30-01:45;28.455
P25;11;WT;01:45-02:00;28.546
P25;11;WT;02:00-02:15;28.634
P25;11;WT;02:15-02:30;28.754
P25;11;WT;02:30-02:45;28.106
P25;11;WT;02:45-03:00;28.189
P25;11;WT;03:00-03:15;28.681
P25;11;WT;03:15-03:30;28.745
P25;11;WT;03:30-03:45;28.988
P25;11;WT;03:45-04:00;28.55
P25;11;WT;04:00-04:15;29.727
P25;11;WT;04:15-04:30;29.845
P25;11;WT;04:30-04:45;30.108
P25;11;WT;04:45-05:00;30.618
P25;11;WT;05:00-05:15;32.48
P25;11;WT;05:15-05:30;32.904
P25;11;WT;05:30-05:45;34.782
P25;11;WT;05:45-06:00;36.155
P25;11;WT;06:00-06:15;39.929
P25;11;WT;06:15-06:30;42.036
P25;11;WT;06:30-06:45;43.197
P25;11;WT;06:45-07:00;43.536
P25;11;WT;07:00-07:15;43.392
P25;11;WT;07:15-07:30;43.181
P25;11;WT;07:30-07:45;42.039
P25;11;WT;07:45-08:00;39.701
P25;11;WT;08:00-08:15;37.962
P25;11;WT;08:15-08:30;35.137
P25;11;WT;08:30-08:45;33.178
P25;11;WT;08:45-09:00;30.595
P25;11;WT;09:00-09:15;29.345
P25;11;WT;09:15-09:30;26.94
P25;11;WT;09:30-09:45;25.468
P25;11;WT;09:45-10:00;23.573
P25;11;WT;10:00-10:15;23.959
P25;11;WT;10:15-10:30;22.879
P25;11;WT;10:30-10:45;21.596
P25;11;WT;10:45-11:00;22.184
P25;11;WT;11:00-11:15;21.161
P25;11;WT;11:15-11:30;20.635
P25;11;WT;11:30-11:45;21.503
P25;11;WT;11:45-12:00;21.807
P25;11;WT;12:00-12:15;21.913
P25;11;WT;12:15-12:30;22.45
P25;11;WT;12:30-12:45;22.143
P25;11;WT;12:45-13:00;22.129
P25;11;WT;13:00-13:15;21.61
P25;11;WT;13:15-13:30;20.891
P25;11;WT;13:30-13:45;20.633
P25;11;WT;13:45-14:00;21.696
P25;11;WT;14:00-14:15;22.709
P25;11;WT;14:15-14:30;24.494
P25;11;WT;14:30-14:45;25.756
P25;11;WT;14:45-15:00;28.067
P25;11;WT;15:00-15:15;30.29
P25;11;WT;15:15-15:30;31.363
P25;11;WT;15:30-15:45;34.441
P25;11;WT;15:45-16:00;37.736
P25;11;WT;16:00-16:15;42.009
P25;11;WT;16:15-16:30;45.667
P25;11;WT;16:30-16:45;48.51
P25;11;WT;16:45-17:00;50.32
P25;11;WT;17:00-17:15;52.383
P25;11;WT;17:15-17:30;54.346
P25;11;WT;17:30-17:45;56.893
P25;11;WT;17:45-18:00;58.608
P25;11;WT;18:00-18:15;59.823
P25;11;WT;18:15-18:30;59.976
P25;11;WT;18:30-18:45;59.582
P25;11;WT;18:45-19:00;58.896
P25;11;WT;19:00-19:15;58.853
P25;11;WT;19:15-19:30;57.345
P25;11;WT;19:30-19:45;56.773
P25;11;WT;19:45-20:00;55.731
P25;11;WT;20:00-20:15;55.714
P25;11;WT;20:15-20:30;55.633
P25;11;WT;20:30-20:45;52.442
P25;11;WT;20:45-21:00;51.581
P25;11;WT;21:00-21:15;50.711
P25;11;WT;21:15-21:30;48.493
P25;11;WT;21:30-21:45;46.345
P25;11;WT;21:45-22:00;45.215
P25;11;WT;22:00-22:15;42.789
P25;11;WT;22:15-22:30;41.731
P25;11;WT;22:30-22:45;39.498
P25;11;WT;22:45-23:00;37.79
P25;11;WT;23:00-23:15;35.651
P25;11;WT;23:15-23:30;34.56
P25;11;WT;23:30-23:45;33.891
P25;11;WT;23:45-00:00;32.514
P25;12;SA;00:00-00:15;37.479
P25;12;SA;00:15-00:30;37.531
P25;12;SA;00:30-00:45;37.143
P25;12;SA;00:45-01:00;35.952
P25;12;SA;01:00-01:15;35.179
P25;12;SA;01:15-01:30;34.269
P25;12;SA;01:30-01:45;33.788
P25;12;SA;01:45-02:00;32.922
P25;12;SA;02:00-02:15;32.734
P25;12;SA;02:15-02:30;32.79
P25;12;SA;02:30-02:45;32.178
P25;12;SA;02:45-03:00;32.19
P25;12;SA;03:00-03:15;32.492
P25;12;SA;03:15-03:30;31.471
P25;12;SA;03:30-03:45;32.23
P25;12;SA;03:45-04:00;32.352
P25;12;SA;04:00-04:15;33.723
P25;12;SA;04:15-04:30;32.683
P25;12;SA;04:30-04:45;32.72
P25;12;SA;04:45-05:00;31.687
P25;12;SA;05:00-05:15;33.616
P25;12;SA;05:15-05:30;34.634
P25;12;SA;05:30-05:45;34.614
P25;12;SA;05:45-06:00;35.427
P25;12;SA;06:00-06:15;35.59
P25;12;SA;06:15-06:30;36.646
P25;12;SA;06:30-06:45;37.122
P25;12;SA;06:45-07:00;38.641
P25;12;SA;07:00-07:15;39.102
P25;12;SA;07:15-07:30;41.121
P25;12;SA;07:30-07:45;43.145
P25;12;SA;07:45-08:00;44.964
P25;12;SA;08:00-08:15;47.372
P25;12;SA;08:15-08:30;51.83
P25;12;SA;08:30-08:45;53.126
P25;12;SA;08:45-09:00;53.295
P25;12;SA;09:00-09:15;51.943
P25;12;SA;09:15-09:30;49.495
P25;12;SA;09:30-09:45;48.729
P25;12;SA;09:45-10:00;46.975
P25;12;SA;10:00-10:15;47.76
P25;12;SA;10:15-10:30;47.288
P25;12;SA;10:30-10:45;44.625
P25;12;SA;10:45-11:00;42.088
P25;12;SA;11:00-11:15;43.825
P25;12;SA;11:15-11:30;43.479
P25;12;SA;11:30-11:45;45.425
P25;12;SA;11:45-12:00;43.089
P25;12;SA;12:00-12:15;42.189
P25;12;SA;12:15-12:30;44.693
P25;12;SA;12:30-12:45;45.327
P25;12;SA;12:45-13:00;43.318
P25;12;SA;13:00-13:15;44.8
P25;12;SA;13:15-13:30;43.544
P25;12;SA;13:30-13:45;43.121
P25;12;SA;13:45-14:00;43.987
P25;12;SA;14:00-14:15;45.006
P25;12;SA;14:15-14:30;46.184
P25;12;SA;14:30-14:45;45.646
P25;12;SA;14:45-15:00;46.894
P25;12;SA;15:00-15:15;47.319
P25;12;SA;15:15-15:30;50.106
P25;12;SA;15:30-15:45;52.971
P25;12;SA;15:45-16:00;53.388
P25;12;SA;16:00-16:15;55.215
P25;12;SA;16:15-16:30;57.916
P25;12;SA;16:30-16:45;57.543
P25;12;SA;16:45-17:00;58.636
P25;12;SA;17:00-17:15;58.056
P25;12;SA;17:15-17:30;60.784
P25;12;SA;17:30-17:45;63.214
P25;12;SA;17:45-18:00;63.239
P25;12;SA;18:00-18:15;63.836
P25;12;SA;18:15-18:30;64.14
P25;12;SA;18:30-18:45;63.722
P25;12;SA;18:45-19:00;60.712
P25;12;SA;19:00-19:15;58.656
P25;12;SA;19:15-19:30;58.723
P25;12;SA;19:30-19:45;60.45
P25;12;SA;19:45-20:00;58.779
P25;12;SA;20:00-20:15;56.585
P25;12;SA;20:15-20:30;56.104
P25;12;SA;20:30-20:45;56.883
P25;12;SA;20:45-21:00;54.418
P25;12;SA;21:00-21:15;52.689
P25;12;SA;21:15-21:30;52.23
P25;12;SA;21:30-21:45;49.413
P25;12;SA;21:45-22:00;48.974
P25;12;SA;22:00-22:15;46.19
P25;12;SA;22:15-22:30;44.973
P25;12;SA;22:30-22:45;44.219
P25;12;SA;22:45-23:00;43.904
P25;12;SA;23:00-23:15;41.682
P25;12;SA;23:15-23:30;41.136
P25;12;SA;23:30-23:45;39.821
P25;12;SA;23:45-00:00;38.774
P25;12;FT;00:00-00:15;37.171
P25;12;FT;00:15-00:30;37.777
P25;12;FT;00:30-00:45;36.164
P25;12;FT;00:45-01:00;34.738
P25;12;FT;01:00-01:15;33.878
P25;12;FT;01:15-01:30;34.216
P25;12;FT;01:30-01:45;33.029
P25;12;FT;01:45-02:00;33.266
P25;12;FT;02:00-02:15;32.663
P25;12;FT;02:15-02:30;32.202
P25;12;FT;02:30-02:45;31.882
P25;12;FT;02:45-03:00;31.773
P25;12;FT;03:00-03:15;32.648
P25;12;FT;03:15-03:30;32.259
P25;12;FT;03:30-03:45;31.608
P25;12;FT;03:45-04:00;31.298
P25;12;FT;04:00-04:15;32.454
P25;12;FT;04:15-04:30;31.76
P25;12;FT;04:30-04:45;32.455
P25;12;FT;04:45-05:00;32.249
P25;12;FT;05:00-05:15;32.654
P25;12;FT;05:15-05:30;33.084
P25;12;FT;05:30-05:45;34.195
P25;12;FT;05:45-06:00;35.568
P25;12;FT;06:00-06:15;34.97
P25;12;FT;06:15-06:30;35.646
P25;12;FT;06:30-06:45;36.452
P25;12;FT;06:45-07:00;36.619
P25;12;FT;07:00-07:15;38.106
P25;12;FT;07:15-07:30;38.421
P25;12;FT;07:30-07:45;42.128
P25;12;FT;07:45-08:00;44.507
P25;12;FT;08:00-08:15;46.043
P25;12;FT;08:15-08:30;47.689
P25;12;FT;08:30-08:45;50.398
P25;12;FT;08:45-09:00;51.671
P25;12;FT;09:00-09:15;54.181
P25;12;FT;09:15-09:30;52.726
P25;12;FT;09:30-09:45;51.85
P25;12;FT;09:45-10:00;50.369
P25;12;FT;10:00-10:15;49.612
P25;12;FT;10:15-10:30;49.302
P25;12;FT;10:30-10:45;49.109
P25;12;FT;10:45-11:00;49.614
P25;12;FT;11:00-11:15;51.323
P25;12;FT;11:15-11:30;54.308
P25;12;FT;11:30-11:45;55.844
P25;12;FT;11:45-12:00;56.9
P25;12;FT;12:00-12:15;56.945
P25;12;FT;12:15-12:30;55.664
P25;12;FT;12:30-12:45;52.195
P25;12;FT;12:45-13:00;48.829
P25;12;FT;13:00-13:15;44.596
P25;12;FT;13:15-13:30;44.799
P25;12;FT;13:30-13:45;47.55
P25;12;FT;13:45-14:00;46.147
P25;12;FT;14:00-14:15;45.936
P25;12;FT;14:15-14:30;46.593
P25;12;FT;14:30-14:45;48.479
P25;12;FT;14:45-15:00;48.63
P25;12;FT;15:00-15:15;50
P25;12;FT;15:15-15:30;52.437
P25;12;FT;15:30-15:45;54.427
P25;12;FT;15:45-16:00;57.018
P25;12;FT;16:00-16:15;58.793
P25;12;FT;16:15-16:30;60.56
P25;12;FT;16:30-16:45;60.673
P25;12;FT;16:45-17:00;60.717
P25;12;FT;17:00-17:15;61.68
P25;12;FT;17:15-17:30;60.83
P25;12;FT;17:30-17:45;63.032
P25;12;FT;17:45-18:00;61.262
P25;12;FT;18:00-18:15;63.064
P25;12;FT;18:15-18:30;63.869
P25;12;FT;18:30-18:45;65.487
P25;12;FT;18:45-19:00;64.617
P25;12;FT;19:00-19:15;62.52
P25;12;FT;19:15-19:30;61.362
P25;12;FT;19:30-19:45;58.997
P25;12;FT;19:45-20:00;58.697
P25;12;FT;20:00-20:15;59.009
P25;12;FT;20:15-20:30;57.458
P25;12;FT;20:30-20:45;57.015
P25;12;FT;20:45-21:00;54.349
P25;12;FT;21:00-21:15;53.498
P25;12;FT;21:15-21:30;52.025
P25;12;FT;21:30-21:45;50.92
P25;12;FT;21:45-22:00;48.132
P25;12;FT;22:00-22:15;46.09
P25;12;FT;22:15-22:30;44.731
P25;12;FT;22:30-22:45;42.606
P25;12;FT;22:45-23:00;41.679
P25;12;FT;23:00-23:15;39.584
P25;12;FT;23:15-23:30;38.368
P25;12;FT;23:30-23:45;37.492
P25;12;FT;23:45-00:00;36.05
P25;12;WT;00:00-00:15;37.357
P25;12;WT;00:15-00:30;36.664
P25;12;WT;00:30-00:45;35.49
P25;12;WT;00:45-01:00;34.705
P25;12;WT;01:00-01:15;34.297
P25;12;WT;01:15-01:30;33.695
P25;12;WT;01:30-01:45;33.613
P25;12;WT;01:45-02:00;33.744
P25;12;WT;02:00-02:15;33.754
P25;12;WT;02:15-02:30;33.493
P25;12;WT;02:30-02:45;32.94
P25;12;WT;02:45-03:00;32.976
P25;12;WT;03:00-03:15;33.147
P25;12;WT;03:15-03:30;32.965
P25;12;WT;03:30-03:45;33.263
P25;12;WT;03:45-04:00;32.677
P25;12;WT;04:00-04:15;34.116
P25;12;WT;04:15-04:30;34.09
P25;12;WT;04:30-04:45;33.987
P25;12;WT;04:45-05:00;34.627
P25;12;WT;05:00-05:15;36.264
P25;12;WT;05:15-05:30;36.679
P25;12;WT;05:30-05:45;37.943
P25;12;WT;05:45-06:00;39.738
P25;12;WT;06:00-06:15;42.173
P25;12;WT;06:15-06:30;44.45
P25;12;WT;06:30-06:45;45.622
P25;12;WT;06:45-07:00;45.282
P25;12;WT;07:00-07:15;46.055
P25;12;WT;07:15-07:30;46.614
P25;12;WT;07:30-07:45;45.882
P25;12;WT;07:45-08:00;47.33
P25;12;WT;08:00-08:15;47.866
P25;12;WT;08:15-08:30;47.629
P25;12;WT;08:30-08:45;47.107
P25;12;WT;08:45-09:00;46.177
P25;12;WT;09:00-09:15;44.248
P25;12;WT;09:15-09:30;43.082
P25;12;WT;09:30-09:45;41.893
P25;12;WT;09:45-10:00;41.071
P25;12;WT;10:00-10:15;39.277
P25;12;WT;10:15-10:30;37.966
P25;12;WT;10:30-10:45;36.161
P25;12;WT;10:45-11:00;36.148
P25;12;WT;11:00-11:15;34.265
P25;12;WT;11:15-11:30;33.404
P25;12;WT;11:30-11:45;33.731
P25;12;WT;11:45-12:00;34.252
P25;12;WT;12:00-12:15;34.732
P25;12;WT;12:15-12:30;34.184
P25;12;WT;12:30-12:45;33.194
P25;12;WT;12:45-13:00;34.209
P25;12;WT;13:00-13:15;35.415
P25;12;WT;13:15-13:30;34.976
P25;12;WT;13:30-13:45;35.213
P25;12;WT;13:45-14:00;37.021
P25;12;WT;14:00-14:15;37.414
P25;12;WT;14:15-14:30;38.212
P25;12;WT;14:30-14:45;39.095
P25;12;WT;14:45-15:00;40.04
P25;12;WT;15:00-15:15;42.775
P25;12;WT;15:15-15:30;45.176
P25;12;WT;15:30-15:45;47.649
P25;12;WT;15:45-16:00;50.881
P25;12;WT;16:00-16:15;53.281
P25;12;WT;16:15-16:30;55.629
P25;12;WT;16:30-16:45;56.106
P25;12;WT;16:45-17:00;56.848
P25;12;WT;17:00-17:15;59.449
P25;12;WT;17:15-17:30;60.78
P25;12;WT;17:30-17:45;61.116
P25;12;WT;17:45-18:00;62.54
P25;12;WT;18:00-18:15;64.602
P25;12;WT;18:15-18:30;64.977
P25;12;WT;18:30-18:45;65.554
P25;12;WT;18:45-19:00;64.475
P25;12;WT;19:00-19:15;63.264
P25;12;WT;19:15-19:30;62.451
P25;12;WT;19:30-19:45;61.121
P25;12;WT;19:45-20:00;60.939
P25;12;WT;20:00-20:15;61.092
P25;12;WT;20:15-20:30;60.346
P25;12;WT;20:30-20:45;58.18
P25;12;WT;20:45-21:00;57.739
P25;12;WT;21:00-21:15;56.871
P25;12;WT;21:15-21:30;55.329
P25;12;WT;21:30-21:45;52.944
P25;12;WT;21:45-22:00;52.096
P25;12;WT;22:00-22:15;49.731
P25;12;WT;22:15-22:30;47.888
P25;12;WT;22:30-22:45;45.232
P25;12;WT;22:45-23:00;43.356
P25;12;WT;23:00-23:15;41.659
P25;12;WT;23:15-23:30;40.735
P25;12;WT;23:30-23:45;38.927
P25;12;WT;23:45-00:00;37.881
S25;1;SA;00:00-00:15;48.225
S25;1;SA;00:15-00:30;49.878
S25;1;SA;00:30-00:45;47.679
S25;1;SA;00:45-01:00;45.958
S25;1;SA;01:00-01:15;45.807
S25;1;SA;01:15-01:30;47.572
S25;1;SA;01:30-01:45;46.417
S25;1;SA;01:45-02:00;44.422
S25;1;SA;02:00-02:15;44.217
S25;1;SA;02:15-02:30;44.278
S25;1;SA;02:30-02:45;44.091
S25;1;SA;02:45-03:00;44.534
S25;1;SA;03:00-03:15;44.559
S25;1;SA;03:15-03:30;45.852
S25;1;SA;03:30-03:45;44.932
S25;1;SA;03:45-04:00;46.567
S25;1;SA;04:00-04:15;47.234
S25;1;SA;04:15-04:30;45.676
S25;1;SA;04:30-04:45;44.436
S25;1;SA;04:45-05:00;45.855
S25;1;SA;05:00-05:15;47.889
S25;1;SA;05:15-05:30;49.776
S25;1;SA;05:30-05:45;48.256
S25;1;SA;05:45-06:00;50.685
S25;1;SA;06:00-06:15;55.533
S25;1;SA;06:15-06:30;55.172
S25;1;SA;06:30-06:45;54.254
S25;1;SA;06:45-07:00;56.602
S25;1;SA;07:00-07:15;58.453
S25;1;SA;07:15-07:30;61.82
S25;1;SA;07:30-07:45;66.943
S25;1;SA;07:45-08:00;73.824
S25;1;SA;08:00-08:15;75.392
S25;1;SA;08:15-08:30;75.11
S25;1;SA;08:30-08:45;74.551
S25;1;SA;08:45-09:00;71.121
S25;1;SA;09:00-09:15;64.867
S25;1;SA;09:15-09:30;65.326
S25;1;SA;09:30-09:45;63.468
S25;1;SA;09:45-10:00;60.617
S25;1;SA;10:00-10:15;61.293
S25;1;SA;10:15-10:30;55.303
S25;1;SA;10:30-10:45;51.313
S25;1;SA;10:45-11:00;52.604
S25;1;SA;11:00-11:15;49.949
S25;1;SA;11:15-11:30;50.469
S25;1;SA;11:30-11:45;49.321
S25;1;SA;11:45-12:00;50.084
S25;1;SA;12:00-12:15;49.277
S25;1;SA;12:15-12:30;49.108
S25;1;SA;12:30-12:45;46.276
S25;1;SA;12:45-13:00;45.92
S25;1;SA;13:00-13:15;44.267
S25;1;SA;13:15-13:30;43.839
S25;1;SA;13:30-13:45;41.93
S25;1;SA;13:45-14:00;42.589
S25;1;SA;14:00-14:15;44.975
S25;1;SA;14:15-14:30;43.12
S25;1;SA;14:30-14:45;45.431
S25;1;SA;14:45-15:00;46.491
S25;1;SA;15:00-15:15;53.46
S25;1;SA;15:15-15:30;57.211
S25;1;SA;15:30-15:45;62.806
S25;1;SA;15:45-16:00;66.004
S25;1;SA;16:00-16:15;64.474
S25;1;SA;16:15-16:30;65.925
S25;1;SA;16:30-16:45;71.428
S25;1;SA;16:45-17:00;77.282
S25;1;SA;17:00-17:15;88.222
S25;1;SA;17:15-17:30;83.448
S25;1;SA;17:30-17:45;88.45
S25;1;SA;17:45-18:00;90.442
S25;1;SA;18:00-18:15;90.178
S25;1;SA;18:15-18:30;93.312
S25;1;SA;18:30-18:45;93.228
S25;1;SA;18:45-19:00;95.265
S25;1;SA;19:00-19:15;94.052
S25;1;SA;19:15-19:30;89.455
S25;1;SA;19:30-19:45;87.454
S25;1;SA;19:45-20:00;81.705
S25;1;SA;20:00-20:15;80.924
S25;1;SA;20:15-20:30;78.36
S25;1;SA;20:30-20:45;74.365
S25;1;SA;20:45-21:00;74.881
S25;1;SA;21:00-21:15;74.25
S25;1;SA;21:15-21:30;69.53
S25;1;SA;21:30-21:45;69.426
S25;1;SA;21:45-22:00;66.094
S25;1;SA;22:00-22:15;65.828
S25;1;SA;22:15-22:30;66.042
S25;1;SA;22:30-22:45;63.792
S25;1;SA;22:45-23:00;60.288
S25;1;SA;23:00-23:15;56.704
S25;1;SA;23:15-23:30;57.783
S25;1;SA;23:30-23:45;54.702
S25;1;SA;23:45-00:00;54.335
S25;1;FT;00:00-00:15;51.804
S25;1;FT;00:15-00:30;50.466
S25;1;FT;00:30-00:45;49.867
S25;1;FT;00:45-01:00;50.944
S25;1;FT;01:00-01:15;49.858
S25;1;FT;01:15-01:30;49.609
S25;1;FT;01:30-01:45;47.15
S25;1;FT;01:45-02:00;46.923
S25;1;FT;02:00-02:15;48.113
S25;1;FT;02:15-02:30;46.262
S25;1;FT;02:30-02:45;46.241
S25;1;FT;02:45-03:00;46.061
S25;1;FT;03:00-03:15;46.512
S25;1;FT;03:15-03:30;47.077
S25;1;FT;03:30-03:45;46.676
S25;1;FT;03:45-04:00;46.536
S25;1;FT;04:00-04:15;47.385
S25;1;FT;04:15-04:30;45.925
S25;1;FT;04:30-04:45;43.786
S25;1;FT;04:45-05:00;43.381
S25;1;FT;05:00-05:15;45.86
S25;1;FT;05:15-05:30;46.102
S25;1;FT;05:30-05:45;48.671
S25;1;FT;05:45-06:00;49.694
S25;1;FT;06:00-06:15;51.666
S25;1;FT;06:15-06:30;54.341
S25;1;FT;06:30-06:45;55.661
S25;1;FT;06:45-07:00;54.559
S25;1;FT;07:00-07:15;53.563
S25;1;FT;07:15-07:30;55.615
S25;1;FT;07:30-07:45;60.553
S25;1;FT;07:45-08:00;62.638
S25;1;FT;08:00-08:15;68.558
S25;1;FT;08:15-08:30;70.92
S25;1;FT;08:30-08:45;69.073
S25;1;FT;08:45-09:00;67.665
S25;1;FT;09:00-09:15;67.531
S25;1;FT;09:15-09:30;68.143
S25;1;FT;09:30-09:45;66.156
S25;1;FT;09:45-10:00;69.313
S25;1;FT;10:00-10:15;63.132
S25;1;FT;10:15-10:30;58.838
S25;1;FT;10:30-10:45;61.095
S25;1;FT;10:45-11:00;61.101
S25;1;FT;11:00-11:15;56.627
S25;1;FT;11:15-11:30;60.836
S25;1;FT;11:30-11:45;59.955
S25;1;FT;11:45-12:00;53.896
S25;1;FT;12:00-12:15;49.107
S25;1;FT;12:15-12:30;46.074
S25;1;FT;12:30-12:45;47.446
S25;1;FT;12:45-13:00;49.62
S25;1;FT;13:00-13:15;45.78
S25;1;FT;13:15-13:30;43.996
S25;1;FT;13:30-13:45;45.97
S25;1;FT;13:45-14:00;46.583
S25;1;FT;14:00-14:15;43.061
S25;1;FT;14:15-14:30;46.01
S25;1;FT;14:30-14:45;45.969
S25;1;FT;14:45-15:00;51.608
S25;1;FT;15:00-15:15;53.562
S25;1;FT;15:15-15:30;54.179
S25;1;FT;15:30-15:45;55.178
S25;1;FT;15:45-16:00;61.622
S25;1;FT;16:00-16:15;65.27
S25;1;FT;16:15-16:30;66.354
S25;1;FT;16:30-16:45;68.707
S25;1;FT;16:45-17:00;73.614
S25;1;FT;17:00-17:15;79.444
S25;1;FT;17:15-17:30;83.857
S25;1;FT;17:30-17:45;84.98
S25;1;FT;17:45-18:00;84.542
S25;1;FT;18:00-18:15;88.558
S25;1;FT;18:15-18:30;85.988
S25;1;FT;18:30-18:45;86.413
S25;1;FT;18:45-19:00;83.678
S25;1;FT;19:00-19:15;86.48
S25;1;FT;19:15-19:30;80.851
S25;1;FT;19:30-19:45;80.041
S25;1;FT;19:45-20:00;81.847
S25;1;FT;20:00-20:15;78.606
S25;1;FT;20:15-20:30;76.882
S25;1;FT;20:30-20:45;72.847
S25;1;FT;20:45-21:00;70.905
S25;1;FT;21:00-21:15;68.06
S25;1;FT;21:15-21:30;65.531
S25;1;FT;21:30-21:45;65.69
S25;1;FT;21:45-22:00;65.662
S25;1;FT;22:00-22:15;63.255
S25;1;FT;22:15-22:30;60.391
S25;1;FT;22:30-22:45;58.675
S25;1;FT;22:45-23:00;54.586
S25;1;FT;23:00-23:15;52.793
S25;1;FT;23:15-23:30;48.899
S25;1;FT;23:30-23:45;47.327
S25;1;FT;23:45-00:00;46.957
S25;1;WT;00:00-00:15;45.653
S25;1;WT;00:15-00:30;46.049
S25;1;WT;00:30-00:45;44.213
S25;1;WT;00:45-01:00;42.049
S25;1;WT;01:00-01:15;43.032
S25;1;WT;01:15-01:30;42.488
S25;1;WT;01:30-01:45;41.812
S25;1;WT;01:45-02:00;41.88
S25;1;WT;02:00-02:15;43.288
S25;1;WT;02:15-02:30;42.452
S25;1;WT;02:30-02:45;43.089
S25;1;WT;02:45-03:00;43.361
S25;1;WT;03:00-03:15;43.779
S25;1;WT;03:15-03:30;44.651
S25;1;WT;03:30-03:45;46.048
S25;1;WT;03:45-04:00;47.205
S25;1;WT;04:00-04:15;48.678
S25;1;WT;04:15-04:30;47.835
S25;1;WT;04:30-04:45;46.906
S25;1;WT;04:45-05:00;49.703
S25;1;WT;05:00-05:15;54.475
S25;1;WT;05:15-05:30;52.785
S25;1;WT;05:30-05:45;56.274
S25;1;WT;05:45-06:00;56.853
S25;1;WT;06:00-06:15;58.969
S25;1;WT;06:15-06:30;61.842
S25;1;WT;06:30-06:45;65.107
S25;1;WT;06:45-07:00;64.381
S25;1;WT;07:00-07:15;65.673
S25;1;WT;07:15-07:30;67.057
S25;1;WT;07:30-07:45;68.04
S25;1;WT;07:45-08:00;70.177
S25;1;WT;08:00-08:15;70.172
S25;1;WT;08:15-08:30;70.962
S25;1;WT;08:30-08:45;66.681
S25;1;WT;08:45-09:00;62.498
S25;1;WT;09:00-09:15;61.445
S25;1;WT;09:15-09:30;56.442
S25;1;WT;09:30-09:45;53.857
S25;1;WT;09:45-10:00;50.274
S25;1;WT;10:00-10:15;47.699
S25;1;WT;10:15-10:30;45.927
S25;1;WT;10:30-10:45;42.6
S25;1;WT;10:45-11:00;40.361
S25;1;WT;11:00-11:15;40.004
S25;1;WT;11:15-11:30;39.467
S25;1;WT;11:30-11:45;40.068
S25;1;WT;11:45-12:00;38.733
S25;1;WT;12:00-12:15;38.793
S25;1;WT;12:15-12:30;38.775
S25;1;WT;12:30-12:45;39.04
S25;1;WT;12:45-13:00;38.374
S25;1;WT;13:00-13:15;36.747
S25;1;WT;13:15-13:30;35.347
S25;1;WT;13:30-13:45;34.947
S25;1;WT;13:45-14:00;33.782
S25;1;WT;14:00-14:15;35.495
S25;1;WT;14:15-14:30;36.334
S25;1;WT;14:30-14:45;36.641
S25;1;WT;14:45-15:00;38.01
S25;1;WT;15:00-15:15;40.733
S25;1;WT;15:15-15:30;44.009
S25;1;WT;15:30-15:45;46.25
S25;1;WT;15:45-16:00;50.375
S25;1;WT;16:00-16:15;55.009
S25;1;WT;16:15-16:30;58.422
S25;1;WT;16:30-16:45;61.242
S25;1;WT;16:45-17:00;64.166
S25;1;WT;17:00-17:15;68.634
S25;1;WT;17:15-17:30;69.923
S25;1;WT;17:30-17:45;71.788
S25;1;WT;17:45-18:00;73.745
S25;1;WT;18:00-18:15;76.739
S25;1;WT;18:15-18:30;77.325
S25;1;WT;18:30-18:45;75.61
S25;1;WT;18:45-19:00;74.935
S25;1;WT;19:00-19:15;74.148
S25;1;WT;19:15-19:30;73.487
S25;1;WT;19:30-19:45;71.619
S25;1;WT;19:45-20:00;70.726
S25;1;WT;20:00-20:15;73.119
S25;1;WT;20:15-20:30;70.933
S25;1;WT;20:30-20:45;70.36
S25;1;WT;20:45-21:00;69.663
S25;1;WT;21:00-21:15;68.576
S25;1;WT;21:15-21:30;65.22
S25;1;WT;21:30-21:45;64.587
S25;1;WT;21:45-22:00;63.854
S25;1;WT;22:00-22:15;61.513
S25;1;WT;22:15-22:30;59.142
S25;1;WT;22:30-22:45;56.271
S25;1;WT;22:45-23:00;53.631
S25;1;WT;23:00-23:15;52.243
S25;1;WT;23:15-23:30;49.984
S25;1;WT;23:30-23:45;48.095
S25;1;WT;23:45-00:00;47.165
S25;2;SA;00:00-00:15;46.87
S25;2;SA;00:15-00:30;43.418
S25;2;SA;00:30-00:45;43.604
S25;2;SA;00:45-01:00;41.063
S25;2;SA;01:00-01:15;40.529
S25;2;SA;01:15-01:30;40.947
S25;2;SA;01:30-01:45;41.63
S25;2;SA;01:45-02:00;39.603
S25;2;SA;02:00-02:15;40.784
S25;2;SA;02:15-02:30;40.745
S25;2;SA;02:30-02:45;40.964
S25;2;SA;02:45-03:00;39.509
S25;2;SA;03:00-03:15;40.002
S25;2;SA;03:15-03:30;40.203
S25;2;SA;03:30-03:45;40.492
S25;2;SA;03:45-04:00;42.526
S25;2;SA;04:00-04:15;42.279
S25;2;SA;04:15-04:30;41.311
S25;2;SA;04:30-04:45;42.804
S25;2;SA;04:45-05:00;42.931
S25;2;SA;05:00-05:15;43.843
S25;2;SA;05:15-05:30;46.178
S25;2;SA;05:30-05:45;47.085
S25;2;SA;05:45-06:00;48.862
S25;2;SA;06:00-06:15;53.731
S25;2;SA;06:15-06:30;55.772
S25;2;SA;06:30-06:45;54.093
S25;2;SA;06:45-07:00;55.604
S25;2;SA;07:00-07:15;59.209
S25;2;SA;07:15-07:30;60.623
S25;2;SA;07:30-07:45;65.66
S25;2;SA;07:45-08:00;67.135
S25;2;SA;08:00-08:15;64.104
S25;2;SA;08:15-08:30;60.824
S25;2;SA;08:30-08:45;52.969
S25;2;SA;08:45-09:00;46.216
S25;2;SA;09:00-09:15;46.299
S25;2;SA;09:15-09:30;45.804
S25;2;SA;09:30-09:45;44.103
S25;2;SA;09:45-10:00;38.172
S25;2;SA;10:00-10:15;36.289
S25;2;SA;10:15-10:30;32.942
S25;2;SA;10:30-10:45;28.304
S25;2;SA;10:45-11:00;29.273
S25;2;SA;11:00-11:15;30.625
S25;2;SA;11:15-11:30;33.108
S25;2;SA;11:30-11:45;33.596
S25;2;SA;11:45-12:00;29.412
S25;2;SA;12:00-12:15;30.538
S25;2;SA;12:15-12:30;28.761
S25;2;SA;12:30-12:45;27.152
S25;2;SA;12:45-13:00;27.706
S25;2;SA;13:00-13:15;27.712
S25;2;SA;13:15-13:30;24.367
S25;2;SA;13:30-13:45;23.074
S25;2;SA;13:45-14:00;26.263
S25;2;SA;14:00-14:15;23.361
S25;2;SA;14:15-14:30;24.156
S25;2;SA;14:30-14:45;24.447
S25;2;SA;14:45-15:00;23.528
S25;2;SA;15:00-15:15;23.724
S25;2;SA;15:15-15:30;22.092
S25;2;SA;15:30-15:45;22.97
S25;2;SA;15:45-16:00;22.804
S25;2;SA;16:00-16:15;23.785
S25;2;SA;16:15-16:30;24.485
S25;2;SA;16:30-16:45;26.841
S25;2;SA;16:45-17:00;29.967
S25;2;SA;17:00-17:15;32.381
S25;2;SA;17:15-17:30;35.269
S25;2;SA;17:30-17:45;39.429
S25;2;SA;17:45-18:00;39.805
S25;2;SA;18:00-18:15;42.874
S25;2;SA;18:15-18:30;44.004
S25;2;SA;18:30-18:45;45.602
S25;2;SA;18:45-19:00;45.156
S25;2;SA;19:00-19:15;42.162
S25;2;SA;19:15-19:30;43.935
S25;2;SA;19:30-19:45;43.351
S25;2;SA;19:45-20:00;44.896
S25;2;SA;20:00-20:15;48.432
S25;2;SA;20:15-20:30;50.351
S25;2;SA;20:30-20:45;47.599
S25;2;SA;20:45-21:00;50.486
S25;2;SA;21:00-21:15;47.387
S25;2;SA;21:15-21:30;46.496
S25;2;SA;21:30-21:45;46.077
S25;2;SA;21:45-22:00;47.567
S25;2;SA;22:00-22:15;44.984
S25;2;SA;22:15-22:30;44.572
S25;2;SA;22:30-22:45;42.524
S25;2;SA;22:45-23:00;42.281
S25;2;SA;23:00-23:15;42.718
S25;2;SA;23:15-23:30;40.892
S25;2;SA;23:30-23:45;41.01
S25;2;SA;23:45-00:00;41.442
S25;2;FT;00:00-00:15;41.293
S25;2;FT;00:15-00:30;40.53
S25;2;FT;00:30-00:45;39.515
S25;2;FT;00:45-01:00;38.152
S25;2;FT;01:00-01:15;38.378
S25;2;FT;01:15-01:30;39.31
S25;2;FT;01:30-01:45;37.69
S25;2;FT;01:45-02:00;35.846
S25;2;FT;02:00-02:15;39.699
S25;2;FT;02:15-02:30;39.201
S25;2;FT;02:30-02:45;38.387
S25;2;FT;02:45-03:00;38.691
S25;2;FT;03:00-03:15;38.919
S25;2;FT;03:15-03:30;41.559
S25;2;FT;03:30-03:45;43.145
S25;2;FT;03:45-04:00;42.588
S25;2;FT;04:00-04:15;43.394
S25;2;FT;04:15-04:30;42.513
S25;2;FT;04:30-04:45;41.232
S25;2;FT;04:45-05:00;43.073
S25;2;FT;05:00-05:15;42.851
S25;2;FT;05:15-05:30;43.794
S25;2;FT;05:30-05:45;44.723
S25;2;FT;05:45-06:00;44.576
S25;2;FT;06:00-06:15;48.381
S25;2;FT;06:15-06:30;51.491
S25;2;FT;06:30-06:45;56.797
S25;2;FT;06:45-07:00;57.872
S25;2;FT;07:00-07:15;57.919
S25;2;FT;07:15-07:30;58.348
S25;2;FT;07:30-07:45;59.73
S25;2;FT;07:45-08:00;59.527
S25;2;FT;08:00-08:15;60.871
S25;2;FT;08:15-08:30;59.98
S25;2;FT;08:30-08:45;52.579
S25;2;FT;08:45-09:00;48.221
S25;2;FT;09:00-09:15;47.67
S25;2;FT;09:15-09:30;40.416
S25;2;FT;09:30-09:45;38.006
S25;2;FT;09:45-10:00;44.648
S25;2;FT;10:00-10:15;46.716
S25;2;FT;10:15-10:30;49.63
S25;2;FT;10:30-10:45;45.836
S25;2;FT;10:45-11:00;44.39
S25;2;FT;11:00-11:15;41.666
S25;2;FT;11:15-11:30;36.567
S25;2;FT;11:30-11:45;29.656
S25;2;FT;11:45-12:00;29.396
S25;2;FT;12:00-12:15;27.07
S25;2;FT;12:15-12:30;26.579
S25;2;FT;12:30-12:45;21.875
S25;2;FT;12:45-13:00;23.536
S25;2;FT;13:00-13:15;26.272
S25;2;FT;13:15-13:30;26.005
S25;2;FT;13:30-13:45;26.665
S25;2;FT;13:45-14:00;24.6
S25;2;FT;14:00-14:15;19.979
S25;2;FT;14:15-14:30;21.015
S25;2;FT;14:30-14:45;20.386
S25;2;FT;14:45-15:00;20.24
S25;2;FT;15:00-15:15;21.777
S25;2;FT;15:15-15:30;25.014
S25;2;FT;15:30-15:45;23.746
S25;2;FT;15:45-16:00;23.936
S25;2;FT;16:00-16:15;28.11
S25;2;FT;16:15-16:30;31.451
S25;2;FT;16:30-16:45;33.995
S25;2;FT;16:45-17:00;35.994
S25;2;FT;17:00-17:15;39.2
S25;2;FT;17:15-17:30;43.548
S25;2;FT;17:30-17:45;45.941
S25;2;FT;17:45-18:00;51.778
S25;2;FT;18:00-18:15;51.569
S25;2;FT;18:15-18:30;51.983
S25;2;FT;18:30-18:45;54.465
S25;2;FT;18:45-19:00;56.271
S25;2;FT;19:00-19:15;54.513
S25;2;FT;19:15-19:30;55.399
S25;2;FT;19:30-19:45;55.335
S25;2;FT;19:45-20:00;52.707
S25;2;FT;20:00-20:15;50.23
S25;2;FT;20:15-20:30;50.322
S25;2;FT;20:30-20:45;49.468
S25;2;FT;20:45-21:00;49.897
S25;2;FT;21:00-21:15;50.567
S25;2;FT;21:15-21:30;49.362
S25;2;FT;21:30-21:45;48.384
S25;2;FT;21:45-22:00;46.613
S25;2;FT;22:00-22:15;43.965
S25;2;FT;22:15-22:30;42.132
S25;2;FT;22:30-22:45;41.092
S25;2;FT;22:45-23:00;39.906
S25;2;FT;23:00-23:15;37.395
S25;2;FT;23:15-23:30;38.421
S25;2;FT;23:30-23:45;38.978
S25;2;FT;23:45-00:00;38.972
S25;2;WT;00:00-00:15;38.285
S25;2;WT;00:15-00:30;37.703
S25;2;WT;00:30-00:45;37.409
S25;2;WT;00:45-01:00;36.921
S25;2;WT;01:00-01:15;36.549
S25;2;WT;01:15-01:30;36.704
S25;2;WT;01:30-01:45;35.85
S25;2;WT;01:45-02:00;35.676
S25;2;WT;02:00-02:15;37.26
S25;2;WT;02:15-02:30;37.544
S25;2;WT;02:30-02:45;38.615
S25;2;WT;02:45-03:00;38.455
S25;2;WT;03:00-03:15;38.396
S25;2;WT;03:15-03:30;38.465
S25;2;WT;03:30-03:45;39.828
S25;2;WT;03:45-04:00;41.455
S25;2;WT;04:00-04:15;43.645
S25;2;WT;04:15-04:30;43.732
S25;2;WT;04:30-04:45;42.646
S25;2;WT;04:45-05:00;43.961
S25;2;WT;05:00-05:15;47.002
S25;2;WT;05:15-05:30;47.363
S25;2;WT;05:30-05:45;49.785
S25;2;WT;05:45-06:00;51.771
S25;2;WT;06:00-06:15;54.692
S25;2;WT;06:15-06:30;57.096
S25;2;WT;06:30-06:45;59.554
S25;2;WT;06:45-07:00;61.599
S25;2;WT;07:00-07:15;62.116
S25;2;WT;07:15-07:30;62.599
S25;2;WT;07:30-07:45;58.624
S25;2;WT;07:45-08:00;59.512
S25;2;WT;08:00-08:15;54.869
S25;2;WT;08:15-08:30;50.191
S25;2;WT;08:30-08:45;43.106
S25;2;WT;08:45-09:00;37.855
S25;2;WT;09:00-09:15;36.905
S25;2;WT;09:15-09:30;33.466
S25;2;WT;09:30-09:45;30.122
S25;2;WT;09:45-10:00;28.354
S25;2;WT;10:00-10:15;25.864
S25;2;WT;10:15-10:30;24.154
S25;2;WT;10:30-10:45;22.424
S25;2;WT;10:45-11:00;21.272
S25;2;WT;11:00-11:15;20.123
S25;2;WT;11:15-11:30;19.921
S25;2;WT;11:30-11:45;19.836
S25;2;WT;11:45-12:00;19.127
S25;2;WT;12:00-12:15;18.714
S25;2;WT;12:15-12:30;19.314
S25;2;WT;12:30-12:45;19.277
S25;2;WT;12:45-13:00;18.613
S25;2;WT;13:00-13:15;16.702
S25;2;WT;13:15-13:30;16.43
S25;2;WT;13:30-13:45;16.684
S25;2;WT;13:45-14:00;17.324
S25;2;WT;14:00-14:15;16.033
S25;2;WT;14:15-14:30;15.883
S25;2;WT;14:30-14:45;16.969
S25;2;WT;14:45-15:00;17.138
S25;2;WT;15:00-15:15;17.779
S25;2;WT;15:15-15:30;18.753
S25;2;WT;15:30-15:45;20.114
S25;2;WT;15:45-16:00;20.117
S25;2;WT;16:00-16:15;22.33
S25;2;WT;16:15-16:30;24.683
S25;2;WT;16:30-16:45;25.51
S25;2;WT;16:45-17:00;29.513
S25;2;WT;17:00-17:15;34.125
S25;2;WT;17:15-17:30;37.914
S25;2;WT;17:30-17:45;41.147
S25;2;WT;17:45-18:00;43.556
S25;2;WT;18:00-18:15;46.171
S25;2;WT;18:15-18:30;48.569
S25;2;WT;18:30-18:45;47.39
S25;2;WT;18:45-19:00;47.192
S25;2;WT;19:00-19:15;46.555
S25;2;WT;19:15-19:30;46.25
S25;2;WT;19:30-19:45;44.441
S25;2;WT;19:45-20:00;43.624
S25;2;WT;20:00-20:15;45.518
S25;2;WT;20:15-20:30;43.833
S25;2;WT;20:30-20:45;44.259
S25;2;WT;20:45-21:00;43.169
S25;2;WT;21:00-21:15;43.58
S25;2;WT;21:15-21:30;43.753
S25;2;WT;21:30-21:45;44.252
S25;2;WT;21:45-22:00;44.424
S25;2;WT;22:00-22:15;43.769
S25;2;WT;22:15-22:30;42.001
S25;2;WT;22:30-22:45;41.008
S25;2;WT;22:45-23:00;40.493
S25;2;WT;23:00-23:15;39.197
S25;2;WT;23:15-23:30;38.709
S25;2;WT;23:30-23:45;37.629
S25;2;WT;23:45-00:00;37.484
S25;3;SA;00:00-00:15;27.658
S25;3;SA;00:15-00:30;24.449
S25;3;SA;00:30-00:45;25.333
S25;3;SA;00:45-01:00;25.312
S25;3;SA;01:00-01:15;26.695
S25;3;SA;01:15-01:30;26.039
S25;3;SA;01:30-01:45;26.316
S25;3;SA;01:45-02:00;26.996
S25;3;SA;02:00-02:15;28.028
S25;3;SA;02:15-02:30;28.477
S25;3;SA;02:30-02:45;27.202
S25;3;SA;02:45-03:00;26.075
S25;3;SA;03:00-03:15;27.132
S25;3;SA;03:15-03:30;28.281
S25;3;SA;03:30-03:45;28.735
S25;3;SA;03:45-04:00;28.244
S25;3;SA;04:00-04:15;31.316
S25;3;SA;04:15-04:30;32.785
S25;3;SA;04:30-04:45;32.723
S25;3;SA;04:45-05:00;34.059
S25;3;SA;05:00-05:15;34.473
S25;3;SA;05:15-05:30;35.762
S25;3;SA;05:30-05:45;36.331
S25;3;SA;05:45-06:00;36.301
S25;3;SA;06:00-06:15;40.55
S25;3;SA;06:15-06:30;40.052
S25;3;SA;06:30-06:45;40.955
S25;3;SA;06:45-07:00;42.588
S25;3;SA;07:00-07:15;42.023
S25;3;SA;07:15-07:30;42.244
S25;3;SA;07:30-07:45;39.795
S25;3;SA;07:45-08:00;37.345
S25;3;SA;08:00-08:15;38.089
S25;3;SA;08:15-08:30;36.464
S25;3;SA;08:30-08:45;32.254
S25;3;SA;08:45-09:00;26.74
S25;3;SA;09:00-09:15;26.537
S25;3;SA;09:15-09:30;26.278
S25;3;SA;09:30-09:45;22.562
S25;3;SA;09:45-10:00;18.719
S25;3;SA;10:00-10:15;16.798
S25;3;SA;10:15-10:30;15.345
S25;3;SA;10:30-10:45;14.604
S25;3;SA;10:45-11:00;17.248
S25;3;SA;11:00-11:15;18.343
S25;3;SA;11:15-11:30;15.244
S25;3;SA;11:30-11:45;14.659
S25;3;SA;11:45-12:00;14.845
S25;3;SA;12:00-12:15;11.997
S25;3;SA;12:15-12:30;13.405
S25;3;SA;12:30-12:45;12.247
S25;3;SA;12:45-13:00;12.887
S25;3;SA;13:00-13:15;11.918
S25;3;SA;13:15-13:30;8.74
S25;3;SA;13:30-13:45;8.974
S25;3;SA;13:45-14:00;8.674
S25;3;SA;14:00-14:15;9.18
S25;3;SA;14:15-14:30;8.458
S25;3;SA;14:30-14:45;8.677
S25;3;SA;14:45-15:00;9.024
S25;3;SA;15:00-15:15;10.333
S25;3;SA;15:15-15:30;9.481
S25;3;SA;15:30-15:45;9.002
S25;3;SA;15:45-16:00;9.484
S25;3;SA;16:00-16:15;9.343
S25;3;SA;16:15-16:30;9.885
S25;3;SA;16:30-16:45;11.434
S25;3;SA;16:45-17:00;14.162
S25;3;SA;17:00-17:15;15.68
S25;3;SA;17:15-17:30;18.004
S25;3;SA;17:30-17:45;20.383
S25;3;SA;17:45-18:00;22.587
S25;3;SA;18:00-18:15;26.41
S25;3;SA;18:15-18:30;25.933
S25;3;SA;18:30-18:45;26.961
S25;3;SA;18:45-19:00;25.596
S25;3;SA;19:00-19:15;26.751
S25;3;SA;19:15-19:30;28.855
S25;3;SA;19:30-19:45;28.321
S25;3;SA;19:45-20:00;32.512
S25;3;SA;20:00-20:15;28.923
S25;3;SA;20:15-20:30;26.617
S25;3;SA;20:30-20:45;29.553
S25;3;SA;20:45-21:00;28.54
S25;3;SA;21:00-21:15;27.866
S25;3;SA;21:15-21:30;27.926
S25;3;SA;21:30-21:45;27.559
S25;3;SA;21:45-22:00;27.717
S25;3;SA;22:00-22:15;27.213
S25;3;SA;22:15-22:30;26.704
S25;3;SA;22:30-22:45;24.47
S25;3;SA;22:45-23:00;25.081
S25;3;SA;23:00-23:15;25.71
S25;3;SA;23:15-23:30;25.174
S25;3;SA;23:30-23:45;25.896
S25;3;SA;23:45-00:00;25.069
S25;3;FT;00:00-00:15;26.999
S25;3;FT;00:15-00:30;25.945
S25;3;FT;00:30-00:45;27.784
S25;3;FT;00:45-01:00;27.101
S25;3;FT;01:00-01:15;25.629
S25;3;FT;01:15-01:30;25.107
S25;3;FT;01:30-01:45;25.901
S25;3;FT;01:45-02:00;26.886
S25;3;FT;02:00-02:15;28.463
S25;3;FT;02:15-02:30;30.598
S25;3;FT;02:30-02:45;29.437
S25;3;FT;02:45-03:00;28.615
S25;3;FT;03:00-03:15;25.76
S25;3;FT;03:15-03:30;25.697
S25;3;FT;03:30-03:45;26.716
S25;3;FT;03:45-04:00;29.305
S25;3;FT;04:00-04:15;28.935
S25;3;FT;04:15-04:30;29.467
S25;3;FT;04:30-04:45;29.334
S25;3;FT;04:45-05:00;28.976
S25;3;FT;05:00-05:15;32.849
S25;3;FT;05:15-05:30;33.281
S25;3;FT;05:30-05:45;32.655
S25;3;FT;05:45-06:00;33.187
S25;3;FT;06:00-06:15;36.908
S25;3;FT;06:15-06:30;39.879
S25;3;FT;06:30-06:45;42.976
S25;3;FT;06:45-07:00;43.795
S25;3;FT;07:00-07:15;41.406
S25;3;FT;07:15-07:30;37.245
S25;3;FT;07:30-07:45;36.386
S25;3;FT;07:45-08:00;33.722
S25;3;FT;08:00-08:15;30.699
S25;3;FT;08:15-08:30;28.107
S25;3;FT;08:30-08:45;26.176
S25;3;FT;08:45-09:00;23.361
S25;3;FT;09:00-09:15;19.569
S25;3;FT;09:15-09:30;17.402
S25;3;FT;09:30-09:45;19.073
S25;3;FT;09:45-10:00;21.208
S25;3;FT;10:00-10:15;19.985
S25;3;FT;10:15-10:30;20.63
S25;3;FT;10:30-10:45;20.602
S25;3;FT;10:45-11:00;18.218
S25;3;FT;11:00-11:15;16.252
S25;3;FT;11:15-11:30;15.912
S25;3;FT;11:30-11:45;11.593
S25;3;FT;11:45-12:00;11.184
S25;3;FT;12:00-12:15;10.78
S25;3;FT;12:15-12:30;11.002
S25;3;FT;12:30-12:45;9.882
S25;3;FT;12:45-13:00;11.591
S25;3;FT;13:00-13:15;8.654
S25;3;FT;13:15-13:30;8.094
S25;3;FT;13:30-13:45;8.24
S25;3;FT;13:45-14:00;8.118
S25;3;FT;14:00-14:15;8.365
S25;3;FT;14:15-14:30;8.519
S25;3;FT;14:30-14:45;8.896
S25;3;FT;14:45-15:00;10.572
S25;3;FT;15:00-15:15;11.411
S25;3;FT;15:15-15:30;12.253
S25;3;FT;15:30-15:45;11.512
S25;3;FT;15:45-16:00;11.944
S25;3;FT;16:00-16:15;12.684
S25;3;FT;16:15-16:30;13.386
S25;3;FT;16:30-16:45;13.906
S25;3;FT;16:45-17:00;16.266
S25;3;FT;17:00-17:15;18.658
S25;3;FT;17:15-17:30;17.754
S25;3;FT;17:30-17:45;22.389
S25;3;FT;17:45-18:00;26.304
S25;3;FT;18:00-18:15;27.539
S25;3;FT;18:15-18:30;29.059
S25;3;FT;18:30-18:45;27.804
S25;3;FT;18:45-19:00;28.481
S25;3;FT;19:00-19:15;28.246
S25;3;FT;19:15-19:30;28.082
S25;3;FT;19:30-19:45;28.965
S25;3;FT;19:45-20:00;27.884
S25;3;FT;20:00-20:15;30.854
S25;3;FT;20:15-20:30;29.137
S25;3;FT;20:30-20:45;29.736
S25;3;FT;20:45-21:00;29.096
S25;3;FT;21:00-21:15;28.854
S25;3;FT;21:15-21:30;28.699
S25;3;FT;21:30-21:45;28.863
S25;3;FT;21:45-22:00;29.504
S25;3;FT;22:00-22:15;28.304
S25;3;FT;22:15-22:30;26.561
S25;3;FT;22:30-22:45;26.057
S25;3;FT;22:45-23:00;27.413
S25;3;FT;23:00-23:15;24.683
S25;3;FT;23:15-23:30;24.089
S25;3;FT;23:30-23:45;23.231
S25;3;FT;23:45-00:00;22.517
S25;3;WT;00:00-00:15;23.712
S25;3;WT;00:15-00:30;23.729
S25;3;WT;00:30-00:45;24.208
S25;3;WT;00:45-01:00;24.056
S25;3;WT;01:00-01:15;24.135
S25;3;WT;01:15-01:30;24.446
S25;3;WT;01:30-01:45;24.358
S25;3;WT;01:45-02:00;24.748
S25;3;WT;02:00-02:15;25.235
S25;3;WT;02:15-02:30;25.099
S25;3;WT;02:30-02:45;25.645
S25;3;WT;02:45-03:00;26.256
S25;3;WT;03:00-03:15;26.048
S25;3;WT;03:15-03:30;27.082
S25;3;WT;03:30-03:45;27.766
S25;3;WT;03:45-04:00;28.53
S25;3;WT;04:00-04:15;30.772
S25;3;WT;04:15-04:30;31.617
S25;3;WT;04:30-04:45;30.638
S25;3;WT;04:45-05:00;32.208
S25;3;WT;05:00-05:15;35.402
S25;3;WT;05:15-05:30;37.136
S25;3;WT;05:30-05:45;40.08
S25;3;WT;05:45-06:00;41.61
S25;3;WT;06:00-06:15;45.83
S25;3;WT;06:15-06:30;48.12
S25;3;WT;06:30-06:45;50.033
S25;3;WT;06:45-07:00;49.839
S25;3;WT;07:00-07:15;47.308
S25;3;WT;07:15-07:30;42.492
S25;3;WT;07:30-07:45;38.331
S25;3;WT;07:45-08:00;35.16
S25;3;WT;08:00-08:15;31.629
S25;3;WT;08:15-08:30;28.329
S25;3;WT;08:30-08:45;24.616
S25;3;WT;08:45-09:00;21.765
S25;3;WT;09:00-09:15;19.885
S25;3;WT;09:15-09:30;17.962
S25;3;WT;09:30-09:45;16.866
S25;3;WT;09:45-10:00;15.97
S25;3;WT;10:00-10:15;14.439
S25;3;WT;10:15-10:30;13.903
S25;3;WT;10:30-10:45;13.137
S25;3;WT;10:45-11:00;12.536
S25;3;WT;11:00-11:15;11.885
S25;3;WT;11:15-11:30;11.726
S25;3;WT;11:30-11:45;10.445
S25;3;WT;11:45-12:00;10.073
S25;3;WT;12:00-12:15;9.96
S25;3;WT;12:15-12:30;9.754
S25;3;WT;12:30-12:45;9.893
S25;3;WT;12:45-13:00;9.958
S25;3;WT;13:00-13:15;9.318
S25;3;WT;13:15-13:30;9.01
S25;3;WT;13:30-13:45;8.498
S25;3;WT;13:45-14:00;7.865
S25;3;WT;14:00-14:15;7.81
S25;3;WT;14:15-14:30;7.751
S25;3;WT;14:30-14:45;8.057
S25;3;WT;14:45-15:00;8.434
S25;3;WT;15:00-15:15;8.532
S25;3;WT;15:15-15:30;9.598
S25;3;WT;15:30-15:45;10.373
S25;3;WT;15:45-16:00;11.014
S25;3;WT;16:00-16:15;12.09
S25;3;WT;16:15-16:30;12.57
S25;3;WT;16:30-16:45;13.491
S25;3;WT;16:45-17:00;14.139
S25;3;WT;17:00-17:15;15.239
S25;3;WT;17:15-17:30;16.611
S25;3;WT;17:30-17:45;19.268
S25;3;WT;17:45-18:00;21.323
S25;3;WT;18:00-18:15;23.48
S25;3;WT;18:15-18:30;25.033
S25;3;WT;18:30-18:45;25.842
S25;3;WT;18:45-19:00;26.552
S25;3;WT;19:00-19:15;27.091
S25;3;WT;19:15-19:30;28.017
S25;3;WT;19:30-19:45;27.239
S25;3;WT;19:45-20:00;28.025
S25;3;WT;20:00-20:15;28.633
S25;3;WT;20:15-20:30;28.705
S25;3;WT;20:30-20:45;28.705
S25;3;WT;20:45-21:00;29.404
S25;3;WT;21:00-21:15;29.113
S25;3;WT;21:15-21:30;28.65
S25;3;WT;21:30-21:45;28.298
S25;3;WT;21:45-22:00;28.218
S25;3;WT;22:00-22:15;26.962
S25;3;WT;22:15-22:30;26.018
S25;3;WT;22:30-22:45;26.036
S25;3;WT;22:45-23:00;25.629
S25;3;WT;23:00-23:15;24.87
S25;3;WT;23:15-23:30;24.722
S25;3;WT;23:30-23:45;24.078
S25;3;WT;23:45-00:00;24.473
S25;4;SA;00:00-00:15;15.592
S25;4;SA;00:15-00:30;15.656
S25;4;SA;00:30-00:45;16.247
S25;4;SA;00:45-01:00;15.017
S25;4;SA;01:00-01:15;15.397
S25;4;SA;01:15-01:30;15.872
S25;4;SA;01:30-01:45;16.313
S25;4;SA;01:45-02:00;16.306
S25;4;SA;02:00-02:15;16.588
S25;4;SA;02:15-02:30;16.661
S25;4;SA;02:30-02:45;16.736
S25;4;SA;02:45-03:00;17.03
S25;4;SA;03:00-03:15;17.15
S25;4;SA;03:15-03:30;17.252
S25;4;SA;03:30-03:45;18.471
S25;4;SA;03:45-04:00;18.198
S25;4;SA;04:00-04:15;18.36
S25;4;SA;04:15-04:30;19.752
S25;4;SA;04:30-04:45;19.9
S25;4;SA;04:45-05:00;21.613
S25;4;SA;05:00-05:15;22.7
S25;4;SA;05:15-05:30;22.013
S25;4;SA;05:30-05:45;23.448
S25;4;SA;05:45-06:00;25.971
S25;4;SA;06:00-06:15;31.249
S25;4;SA;06:15-06:30;31.462
S25;4;SA;06:30-06:45;28.785
S25;4;SA;06:45-07:00;28.261
S25;4;SA;07:00-07:15;29.763
S25;4;SA;07:15-07:30;31.338
S25;4;SA;07:30-07:45;29.767
S25;4;SA;07:45-08:00;31.855
S25;4;SA;08:00-08:15;30.005
S25;4;SA;08:15-08:30;28.026
S25;4;SA;08:30-08:45;26.469
S25;4;SA;08:45-09:00;27.327
S25;4;SA;09:00-09:15;25.287
S25;4;SA;09:15-09:30;22.732
S25;4;SA;09:30-09:45;23.974
S25;4;SA;09:45-10:00;21.739
S25;4;SA;10:00-10:15;22.871
S25;4;SA;10:15-10:30;23.191
S25;4;SA;10:30-10:45;19.571
S25;4;SA;10:45-11:00;18.159
S25;4;SA;11:00-11:15;21.056
S25;4;SA;11:15-11:30;20.241
S25;4;SA;11:30-11:45;19.289
S25;4;SA;11:45-12:00;16.81
S25;4;SA;12:00-12:15;17.8
S25;4;SA;12:15-12:30;18.306
S25;4;SA;12:30-12:45;17.426
S25;4;SA;12:45-13:00;14.795
S25;4;SA;13:00-13:15;14.752
S25;4;SA;13:15-13:30;13.44
S25;4;SA;13:30-13:45;9.689
S25;4;SA;13:45-14:00;11.713
S25;4;SA;14:00-14:15;10.164
S25;4;SA;14:15-14:30;9.253
S25;4;SA;14:30-14:45;10.056
S25;4;SA;14:45-15:00;10.225
S25;4;SA;15:00-15:15;9.322
S25;4;SA;15:15-15:30;7.65
S25;4;SA;15:30-15:45;8.098
S25;4;SA;15:45-16:00;8.11
S25;4;SA;16:00-16:15;9.286
S25;4;SA;16:15-16:30;10.337
S25;4;SA;16:30-16:45;12.047
S25;4;SA;16:45-17:00;13.121
S25;4;SA;17:00-17:15;15.247
S25;4;SA;17:15-17:30;16.448
S25;4;SA;17:30-17:45;18.042
S25;4;SA;17:45-18:00;16.772
S25;4;SA;18:00-18:15;17.383
S25;4;SA;18:15-18:30;19.38
S25;4;SA;18:30-18:45;23.373
S25;4;SA;18:45-19:00;20.247
S25;4;SA;19:00-19:15;24.321
S25;4;SA;19:15-19:30;22.777
S25;4;SA;19:30-19:45;25.62
S25;4;SA;19:45-20:00;27.967
S25;4;SA;20:00-20:15;26.672
S25;4;SA;20:15-20:30;26.881
S25;4;SA;20:30-20:45;25.299
S25;4;SA;20:45-21:00;26.451
S25;4;SA;21:00-21:15;26.066
S25;4;SA;21:15-21:30;25.879
S25;4;SA;21:30-21:45;24.63
S25;4;SA;21:45-22:00;24.221
S25;4;SA;22:00-22:15;25.163
S25;4;SA;22:15-22:30;24.762
S25;4;SA;22:30-22:45;24.715
S25;4;SA;22:45-23:00;24.216
S25;4;SA;23:00-23:15;23.533
S25;4;SA;23:15-23:30;22.388
S25;4;SA;23:30-23:45;22.069
S25;4;SA;23:45-00:00;21.9
S25;4;FT;00:00-00:15;18.786
S25;4;FT;00:15-00:30;17.736
S25;4;FT;00:30-00:45;17.381
S25;4;FT;00:45-01:00;18.054
S25;4;FT;01:00-01:15;18.207
S25;4;FT;01:15-01:30;17.817
S25;4;FT;01:30-01:45;17.78
S25;4;FT;01:45-02:00;17.716
S25;4;FT;02:00-02:15;19.808
S25;4;FT;02:15-02:30;20.155
S25;4;FT;02:30-02:45;19.277
S25;4;FT;02:45-03:00;19.597
S25;4;FT;03:00-03:15;20.419
S25;4;FT;03:15-03:30;20.028
S25;4;FT;03:30-03:45;20.902
S25;4;FT;03:45-04:00;21.984
S25;4;FT;04:00-04:15;22.907
S25;4;FT;04:15-04:30;22.752
S25;4;FT;04:30-04:45;22.749
S25;4;FT;04:45-05:00;24.714
S25;4;FT;05:00-05:15;26.011
S25;4;FT;05:15-05:30;26.166
S25;4;FT;05:30-05:45;27.893
S25;4;FT;05:45-06:00;28.994
S25;4;FT;06:00-06:15;30.994
S25;4;FT;06:15-06:30;33.165
S25;4;FT;06:30-06:45;34.551
S25;4;FT;06:45-07:00;31.641
S25;4;FT;07:00-07:15;30.218
S25;4;FT;07:15-07:30;30.996
S25;4;FT;07:30-07:45;29.26
S25;4;FT;07:45-08:00;26.854
S25;4;FT;08:00-08:15;25.369
S25;4;FT;08:15-08:30;22.861
S25;4;FT;08:30-08:45;20.483
S25;4;FT;08:45-09:00;18.895
S25;4;FT;09:00-09:15;18.38
S25;4;FT;09:15-09:30;19.552
S25;4;FT;09:30-09:45;18.236
S25;4;FT;09:45-10:00;18.729
S25;4;FT;10:00-10:15;17.918
S25;4;FT;10:15-10:30;18.06
S25;4;FT;10:30-10:45;15.934
S25;4;FT;10:45-11:00;13.808
S25;4;FT;11:00-11:15;13.921
S25;4;FT;11:15-11:30;12.846
S25;4;FT;11:30-11:45;11.853
S25;4;FT;11:45-12:00;10.643
S25;4;FT;12:00-12:15;10.302
S25;4;FT;12:15-12:30;8.702
S25;4;FT;12:30-12:45;9.638
S25;4;FT;12:45-13:00;8.743
S25;4;FT;13:00-13:15;8.278
S25;4;FT;13:15-13:30;9.413
S25;4;FT;13:30-13:45;8.179
S25;4;FT;13:45-14:00;6.256
S25;4;FT;14:00-14:15;5.734
S25;4;FT;14:15-14:30;7.537
S25;4;FT;14:30-14:45;8.406
S25;4;FT;14:45-15:00;8.469
S25;4;FT;15:00-15:15;8.408
S25;4;FT;15:15-15:30;8.913
S25;4;FT;15:30-15:45;9.551
S25;4;FT;15:45-16:00;9.088
S25;4;FT;16:00-16:15;8.271
S25;4;FT;16:15-16:30;8.53
S25;4;FT;16:30-16:45;8.685
S25;4;FT;16:45-17:00;8.737
S25;4;FT;17:00-17:15;8.747
S25;4;FT;17:15-17:30;10.206
S25;4;FT;17:30-17:45;9.83
S25;4;FT;17:45-18:00;10.368
S25;4;FT;18:00-18:15;10.229
S25;4;FT;18:15-18:30;11.584
S25;4;FT;18:30-18:45;12.865
S25;4;FT;18:45-19:00;12.218
S25;4;FT;19:00-19:15;14.736
S25;4;FT;19:15-19:30;13.596
S25;4;FT;19:30-19:45;16.722
S25;4;FT;19:45-20:00;17.209
S25;4;FT;20:00-20:15;17.713
S25;4;FT;20:15-20:30;17.556
S25;4;FT;20:30-20:45;17.241
S25;4;FT;20:45-21:00;16.837
S25;4;FT;21:00-21:15;16.509
S25;4;FT;21:15-21:30;16.804
S25;4;FT;21:30-21:45;15.973
S25;4;FT;21:45-22:00;16.534
S25;4;FT;22:00-22:15;14.712
S25;4;FT;22:15-22:30;14.587
S25;4;FT;22:30-22:45;14.254
S25;4;FT;22:45-23:00;14.907
S25;4;FT;23:00-23:15;15.05
S25;4;FT;23:15-23:30;14.467
S25;4;FT;23:30-23:45;13.943
S25;4;FT;23:45-00:00;14.413
S25;4;WT;00:00-00:15;13.182
S25;4;WT;00:15-00:30;13.288
S25;4;WT;00:30-00:45;13.333
S25;4;WT;00:45-01:00;13.475
S25;4;WT;01:00-01:15;13.823
S25;4;WT;01:15-01:30;13.814
S25;4;WT;01:30-01:45;14.321
S25;4;WT;01:45-02:00;14.96
S25;4;WT;02:00-02:15;15.632
S25;4;WT;02:15-02:30;15.542
S25;4;WT;02:30-02:45;15.841
S25;4;WT;02:45-03:00;16.305
S25;4;WT;03:00-03:15;17.276
S25;4;WT;03:15-03:30;17.656
S25;4;WT;03:30-03:45;17.728
S25;4;WT;03:45-04:00;18.908
S25;4;WT;04:00-04:15;20.12
S25;4;WT;04:15-04:30;21.161
S25;4;WT;04:30-04:45;21.075
S25;4;WT;04:45-05:00;22.533
S25;4;WT;05:00-05:15;26.158
S25;4;WT;05:15-05:30;26.414
S25;4;WT;05:30-05:45;28.067
S25;4;WT;05:45-06:00;30.266
S25;4;WT;06:00-06:15;33.107
S25;4;WT;06:15-06:30;34.698
S25;4;WT;06:30-06:45;34.313
S25;4;WT;06:45-07:00;33.366
S25;4;WT;07:00-07:15;30.321
S25;4;WT;07:15-07:30;27.329
S25;4;WT;07:30-07:45;22.099
S25;4;WT;07:45-08:00;21.545
S25;4;WT;08:00-08:15;18.049
S25;4;WT;08:15-08:30;17.755
S25;4;WT;08:30-08:45;14.507
S25;4;WT;08:45-09:00;12.207
S25;4;WT;09:00-09:15;11.328
S25;4;WT;09:15-09:30;10.599
S25;4;WT;09:30-09:45;9.475
S25;4;WT;09:45-10:00;8.771
S25;4;WT;10:00-10:15;7.661
S25;4;WT;10:15-10:30;6.661
S25;4;WT;10:30-10:45;5.863
S25;4;WT;10:45-11:00;5.893
S25;4;WT;11:00-11:15;6.224
S25;4;WT;11:15-11:30;5.747
S25;4;WT;11:30-11:45;5.509
S25;4;WT;11:45-12:00;5.023
S25;4;WT;12:00-12:15;4.882
S25;4;WT;12:15-12:30;5.293
S25;4;WT;12:30-12:45;4.935
S25;4;WT;12:45-13:00;4.446
S25;4;WT;13:00-13:15;4.223
S25;4;WT;13:15-13:30;4.121
S25;4;WT;13:30-13:45;4.033
S25;4;WT;13:45-14:00;3.806
S25;4;WT;14:00-14:15;3.545
S25;4;WT;14:15-14:30;3.259
S25;4;WT;14:30-14:45;3.519
S25;4;WT;14:45-15:00;3.392
S25;4;WT;15:00-15:15;3.598
S25;4;WT;15:15-15:30;3.738
S25;4;WT;15:30-15:45;4.519
S25;4;WT;15:45-16:00;5.404
S25;4;WT;16:00-16:15;6.485
S25;4;WT;16:15-16:30;6.853
S25;4;WT;16:30-16:45;7.119
S25;4;WT;16:45-17:00;6.398
S25;4;WT;17:00-17:15;6.405
S25;4;WT;17:15-17:30;6.327
S25;4;WT;17:30-17:45;6.948
S25;4;WT;17:45-18:00;7.557
S25;4;WT;18:00-18:15;8.489
S25;4;WT;18:15-18:30;9.001
S25;4;WT;18:30-18:45;9.454
S25;4;WT;18:45-19:00;9.604
S25;4;WT;19:00-19:15;10.347
S25;4;WT;19:15-19:30;10.902
S25;4;WT;19:30-19:45;11.364
S25;4;WT;19:45-20:00;12.256
S25;4;WT;20:00-20:15;12.979
S25;4;WT;20:15-20:30;13.128
S25;4;WT;20:30-20:45;13.414
S25;4;WT;20:45-21:00;13.21
S25;4;WT;21:00-21:15;13.139
S25;4;WT;21:15-21:30;12.96
S25;4;WT;21:30-21:45;12.929
S25;4;WT;21:45-22:00;13.266
S25;4;WT;22:00-22:15;13.365
S25;4;WT;22:15-22:30;13.619
S25;4;WT;22:30-22:45;13.785
S25;4;WT;22:45-23:00;13.722
S25;4;WT;23:00-23:15;13.345
S25;4;WT;23:15-23:30;12.687
S25;4;WT;23:30-23:45;12.595
S25;4;WT;23:45-00:00;12.988
S25;5;SA;00:00-00:15;5.573
S25;5;SA;00:15-00:30;5.053
S25;5;SA;00:30-00:45;4.678
S25;5;SA;00:45-01:00;4.2
S25;5;SA;01:00-01:15;4.658
S25;5;SA;01:15-01:30;4.558
S25;5;SA;01:30-01:45;4.765
S25;5;SA;01:45-02:00;4.899
S25;5;SA;02:00-02:15;4.671
S25;5;SA;02:15-02:30;4.714
S25;5;SA;02:30-02:45;5.105
S25;5;SA;02:45-03:00;5.03
S25;5;SA;03:00-03:15;5.556
S25;5;SA;03:15-03:30;5.741
S25;5;SA;03:30-03:45;5.639
S25;5;SA;03:45-04:00;5.86
S25;5;SA;04:00-04:15;6.404
S25;5;SA;04:15-04:30;6.876
S25;5;SA;04:30-04:45;8.419
S25;5;SA;04:45-05:00;10.39
S25;5;SA;05:00-05:15;10.037
S25;5;SA;05:15-05:30;9.73
S25;5;SA;05:30-05:45;10.927
S25;5;SA;05:45-06:00;10.162
S25;5;SA;06:00-06:15;10.762
S25;5;SA;06:15-06:30;9.563
S25;5;SA;06:30-06:45;8.364
S25;5;SA;06:45-07:00;8.008
S25;5;SA;07:00-07:15;8.376
S25;5;SA;07:15-07:30;7.67
S25;5;SA;07:30-07:45;7.458
S25;5;SA;07:45-08:00;6.01
S25;5;SA;08:00-08:15;6.854
S25;5;SA;08:15-08:30;7.083
S25;5;SA;08:30-08:45;8.039
S25;5;SA;08:45-09:00;6.836
S25;5;SA;09:00-09:15;5.752
S25;5;SA;09:15-09:30;5.112
S25;5;SA;09:30-09:45;4.267
S25;5;SA;09:45-10:00;4.708
S25;5;SA;10:00-10:15;5.619
S25;5;SA;10:15-10:30;3.984
S25;5;SA;10:30-10:45;3.806
S25;5;SA;10:45-11:00;3.989
S25;5;SA;11:00-11:15;2.794
S25;5;SA;11:15-11:30;3.941
S25;5;SA;11:30-11:45;3.54
S25;5;SA;11:45-12:00;3.216
S25;5;SA;12:00-12:15;3.421
S25;5;SA;12:15-12:30;3.379
S25;5;SA;12:30-12:45;2.308
S25;5;SA;12:45-13:00;2.152
S25;5;SA;13:00-13:15;1.929
S25;5;SA;13:15-13:30;2.163
S25;5;SA;13:30-13:45;1.775
S25;5;SA;13:45-14:00;2.093
S25;5;SA;14:00-14:15;1.798
S25;5;SA;14:15-14:30;1.789
S25;5;SA;14:30-14:45;1.215
S25;5;SA;14:45-15:00;1.651
S25;5;SA;15:00-15:15;1.715
S25;5;SA;15:15-15:30;2.012
S25;5;SA;15:30-15:45;1.892
S25;5;SA;15:45-16:00;2.434
S25;5;SA;16:00-16:15;2.411
S25;5;SA;16:15-16:30;2.748
S25;5;SA;16:30-16:45;2.552
S25;5;SA;16:45-17:00;3.065
S25;5;SA;17:00-17:15;3.827
S25;5;SA;17:15-17:30;5.561
S25;5;SA;17:30-17:45;6.135
S25;5;SA;17:45-18:00;4.853
S25;5;SA;18:00-18:15;4.875
S25;5;SA;18:15-18:30;4.892
S25;5;SA;18:30-18:45;5.641
S25;5;SA;18:45-19:00;6.386
S25;5;SA;19:00-19:15;6.635
S25;5;SA;19:15-19:30;6.749
S25;5;SA;19:30-19:45;8.579
S25;5;SA;19:45-20:00;8.536
S25;5;SA;20:00-20:15;7.006
S25;5;SA;20:15-20:30;6.569
S25;5;SA;20:30-20:45;7.689
S25;5;SA;20:45-21:00;6.878
S25;5;SA;21:00-21:15;6.39
S25;5;SA;21:15-21:30;6.721
S25;5;SA;21:30-21:45;6.222
S25;5;SA;21:45-22:00;7.237
S25;5;SA;22:00-22:15;6.473
S25;5;SA;22:15-22:30;6.525
S25;5;SA;22:30-22:45;6.819
S25;5;SA;22:45-23:00;6.853
S25;5;SA;23:00-23:15;6.352
S25;5;SA;23:15-23:30;5.884
S25;5;SA;23:30-23:45;5.759
S25;5;SA;23:45-00:00;5.44
S25;5;FT;00:00-00:15;4.927
S25;5;FT;00:15-00:30;4.572
S25;5;FT;00:30-00:45;4.738
S25;5;FT;00:45-01:00;4.977
S25;5;FT;01:00-01:15;4.858
S25;5;FT;01:15-01:30;4.833
S25;5;FT;01:30-01:45;5.371
S25;5;FT;01:45-02:00;5.491
S25;5;FT;02:00-02:15;5.515
S25;5;FT;02:15-02:30;5.476
S25;5;FT;02:30-02:45;5.85
S25;5;FT;02:45-03:00;6.177
S25;5;FT;03:00-03:15;6.761
S25;5;FT;03:15-03:30;7.237
S25;5;FT;03:30-03:45;7.465
S25;5;FT;03:45-04:00;7.4
S25;5;FT;04:00-04:15;8.108
S25;5;FT;04:15-04:30;8.381
S25;5;FT;04:30-04:45;8.531
S25;5;FT;04:45-05:00;9.882
S25;5;FT;05:00-05:15;10.596
S25;5;FT;05:15-05:30;11.292
S25;5;FT;05:30-05:45;10.761
S25;5;FT;05:45-06:00;10.861
S25;5;FT;06:00-06:15;9.649
S25;5;FT;06:15-06:30;9.666
S25;5;FT;06:30-06:45;9.522
S25;5;FT;06:45-07:00;8.016
S25;5;FT;07:00-07:15;6.676
S25;5;FT;07:15-07:30;7.87
S25;5;FT;07:30-07:45;7.018
S25;5;FT;07:45-08:00;6.563
S25;5;FT;08:00-08:15;8.625
S25;5;FT;08:15-08:30;6.749
S25;5;FT;08:30-08:45;5.878
S25;5;FT;08:45-09:00;5.266
S25;5;FT;09:00-09:15;4.906
S25;5;FT;09:15-09:30;7.335
S25;5;FT;09:30-09:45;7.646
S25;5;FT;09:45-10:00;5.285
S25;5;FT;10:00-10:15;3.718
S25;5;FT;10:15-10:30;6.475
S25;5;FT;10:30-10:45;7.43
S25;5;FT;10:45-11:00;8.011
S25;5;FT;11:00-11:15;9.249
S25;5;FT;11:15-11:30;7.24
S25;5;FT;11:30-11:45;5.653
S25;5;FT;11:45-12:00;4.047
S25;5;FT;12:00-12:15;3.66
S25;5;FT;12:15-12:30;3.139
S25;5;FT;12:30-12:45;2.327
S25;5;FT;12:45-13:00;1.891
S25;5;FT;13:00-13:15;1.664
S25;5;FT;13:15-13:30;1.478
S25;5;FT;13:30-13:45;1.617
S25;5;FT;13:45-14:00;1.894
S25;5;FT;14:00-14:15;1.359
S25;5;FT;14:15-14:30;1.411
S25;5;FT;14:30-14:45;1.694
S25;5;FT;14:45-15:00;1.329
S25;5;FT;15:00-15:15;2.052
S25;5;FT;15:15-15:30;1.507
S25;5;FT;15:30-15:45;1.325
S25;5;FT;15:45-16:00;1.119
S25;5;FT;16:00-16:15;1.616
S25;5;FT;16:15-16:30;1.757
S25;5;FT;16:30-16:45;1.599
S25;5;FT;16:45-17:00;1.718
S25;5;FT;17:00-17:15;2.702
S25;5;FT;17:15-17:30;2.936
S25;5;FT;17:30-17:45;3.266
S25;5;FT;17:45-18:00;5.196
S25;5;FT;18:00-18:15;4.053
S25;5;FT;18:15-18:30;4.551
S25;5;FT;18:30-18:45;3.919
S25;5;FT;18:45-19:00;3.756
S25;5;FT;19:00-19:15;4.487
S25;5;FT;19:15-19:30;5.368
S25;5;FT;19:30-19:45;6.045
S25;5;FT;19:45-20:00;5.567
S25;5;FT;20:00-20:15;6.095
S25;5;FT;20:15-20:30;6.597
S25;5;FT;20:30-20:45;6.597
S25;5;FT;20:45-21:00;5.574
S25;5;FT;21:00-21:15;5.702
S25;5;FT;21:15-21:30;5.913
S25;5;FT;21:30-21:45;5.433
S25;5;FT;21:45-22:00;5.841
S25;5;FT;22:00-22:15;5.434
S25;5;FT;22:15-22:30;5.891
S25;5;FT;22:30-22:45;5.051
S25;5;FT;22:45-23:00;5.403
S25;5;FT;23:00-23:15;5.378
S25;5;FT;23:15-23:30;5.431
S25;5;FT;23:30-23:45;5.36
S25;5;FT;23:45-00:00;5.297
S25;5;WT;00:00-00:15;6.074
S25;5;WT;00:15-00:30;5.603
S25;5;WT;00:30-00:45;5.259
S25;5;WT;00:45-01:00;5.476
S25;5;WT;01:00-01:15;5.438
S25;5;WT;01:15-01:30;5.541
S25;5;WT;01:30-01:45;5.578
S25;5;WT;01:45-02:00;5.679
S25;5;WT;02:00-02:15;5.673
S25;5;WT;02:15-02:30;5.878
S25;5;WT;02:30-02:45;6.284
S25;5;WT;02:45-03:00;6.181
S25;5;WT;03:00-03:15;6.172
S25;5;WT;03:15-03:30;6.377
S25;5;WT;03:30-03:45;6.898
S25;5;WT;03:45-04:00;7.512
S25;5;WT;04:00-04:15;7.935
S25;5;WT;04:15-04:30;8.157
S25;5;WT;04:30-04:45;8.437
S25;5;WT;04:45-05:00;10.276
S25;5;WT;05:00-05:15;11.623
S25;5;WT;05:15-05:30;11.966
S25;5;WT;05:30-05:45;12.77
S25;5;WT;05:45-06:00;12.845
S25;5;WT;06:00-06:15;12.113
S25;5;WT;06:15-06:30;12.078
S25;5;WT;06:30-06:45;11.58
S25;5;WT;06:45-07:00;11.126
S25;5;WT;07:00-07:15;10.519
S25;5;WT;07:15-07:30;9.549
S25;5;WT;07:30-07:45;9.038
S25;5;WT;07:45-08:00;8.108
S25;5;WT;08:00-08:15;7.976
S25;5;WT;08:15-08:30;7.296
S25;5;WT;08:30-08:45;5.869
S25;5;WT;08:45-09:00;5.601
S25;5;WT;09:00-09:15;5.063
S25;5;WT;09:15-09:30;5.097
S25;5;WT;09:30-09:45;4.845
S25;5;WT;09:45-10:00;4.48
S25;5;WT;10:00-10:15;4.116
S25;5;WT;10:15-10:30;3.666
S25;5;WT;10:30-10:45;3.549
S25;5;WT;10:45-11:00;3.605
S25;5;WT;11:00-11:15;3.491
S25;5;WT;11:15-11:30;2.999
S25;5;WT;11:30-11:45;2.735
S25;5;WT;11:45-12:00;2.902
S25;5;WT;12:00-12:15;2.624
S25;5;WT;12:15-12:30;2.382
S25;5;WT;12:30-12:45;3.012
S25;5;WT;12:45-13:00;2.635
S25;5;WT;13:00-13:15;2.438
S25;5;WT;13:15-13:30;1.967
S25;5;WT;13:30-13:45;1.637
S25;5;WT;13:45-14:00;1.398
S25;5;WT;14:00-14:15;1.488
S25;5;WT;14:15-14:30;1.83
S25;5;WT;14:30-14:45;1.617
S25;5;WT;14:45-15:00;1.637
S25;5;WT;15:00-15:15;1.337
S25;5;WT;15:15-15:30;1.481
S25;5;WT;15:30-15:45;1.928
S25;5;WT;15:45-16:00;1.811
S25;5;WT;16:00-16:15;2.066
S25;5;WT;16:15-16:30;2.144
S25;5;WT;16:30-16:45;2.143
S25;5;WT;16:45-17:00;2.507
S25;5;WT;17:00-17:15;2.882
S25;5;WT;17:15-17:30;3.461
S25;5;WT;17:30-17:45;3.394
S25;5;WT;17:45-18:00;3.745
S25;5;WT;18:00-18:15;4.388
S25;5;WT;18:15-18:30;4.986
S25;5;WT;18:30-18:45;4.567
S25;5;WT;18:45-19:00;4.963
S25;5;WT;19:00-19:15;5.367
S25;5;WT;19:15-19:30;6.027
S25;5;WT;19:30-19:45;5.845
S25;5;WT;19:45-20:00;5.481
S25;5;WT;20:00-20:15;6.529
S25;5;WT;20:15-20:30;7.1
S25;5;WT;20:30-20:45;6.874
S25;5;WT;20:45-21:00;6.706
S25;5;WT;21:00-21:15;6.144
S25;5;WT;21:15-21:30;6.062
S25;5;WT;21:30-21:45;5.963
S25;5;WT;21:45-22:00;6.211
S25;5;WT;22:00-22:15;5.898
S25;5;WT;22:15-22:30;5.834
S25;5;WT;22:30-22:45;5.838
S25;5;WT;22:45-23:00;5.618
S25;5;WT;23:00-23:15;5.227
S25;5;WT;23:15-23:30;5.249
S25;5;WT;23:30-23:45;5.26
S25;5;WT;23:45-00:00;6.087
S25;6;SA;00:00-00:15;7.548
S25;6;SA;00:15-00:30;7.234
S25;6;SA;00:30-00:45;6.915
S25;6;SA;00:45-01:00;7.12
S25;6;SA;01:00-01:15;6.664
S25;6;SA;01:15-01:30;7.168
S25;6;SA;01:30-01:45;6.798
S25;6;SA;01:45-02:00;5.883
S25;6;SA;02:00-02:15;6.155
S25;6;SA;02:15-02:30;6.054
S25;6;SA;02:30-02:45;5.901
S25;6;SA;02:45-03:00;6.687
S25;6;SA;03:00-03:15;6.465
S25;6;SA;03:15-03:30;6.561
S25;6;SA;03:30-03:45;6.833
S25;6;SA;03:45-04:00;7.821
S25;6;SA;04:00-04:15;7.57
S25;6;SA;04:15-04:30;8.212
S25;6;SA;04:30-04:45;8.943
S25;6;SA;04:45-05:00;9.535
S25;6;SA;05:00-05:15;10.041
S25;6;SA;05:15-05:30;10.83
S25;6;SA;05:30-05:45;9.139
S25;6;SA;05:45-06:00;8.573
S25;6;SA;06:00-06:15;8.901
S25;6;SA;06:15-06:30;8.048
S25;6;SA;06:30-06:45;7.381
S25;6;SA;06:45-07:00;6.159
S25;6;SA;07:00-07:15;4.97
S25;6;SA;07:15-07:30;5.92
S25;6;SA;07:30-07:45;6.176
S25;6;SA;07:45-08:00;6.076
S25;6;SA;08:00-08:15;7.015
S25;6;SA;08:15-08:30;6.997
S25;6;SA;08:30-08:45;8.037
S25;6;SA;08:45-09:00;6.191
S25;6;SA;09:00-09:15;6.546
S25;6;SA;09:15-09:30;3.568
S25;6;SA;09:30-09:45;3.93
S25;6;SA;09:45-10:00;2.889
S25;6;SA;10:00-10:15;2.622
S25;6;SA;10:15-10:30;2.403
S25;6;SA;10:30-10:45;3.168
S25;6;SA;10:45-11:00;3.488
S25;6;SA;11:00-11:15;2.123
S25;6;SA;11:15-11:30;2.81
S25;6;SA;11:30-11:45;2.576
S25;6;SA;11:45-12:00;2.382
S25;6;SA;12:00-12:15;2.37
S25;6;SA;12:15-12:30;2.103
S25;6;SA;12:30-12:45;2.703
S25;6;SA;12:45-13:00;1.238
S25;6;SA;13:00-13:15;0.814
S25;6;SA;13:15-13:30;2.446
S25;6;SA;13:30-13:45;1.319
S25;6;SA;13:45-14:00;1.048
S25;6;SA;14:00-14:15;1.571
S25;6;SA;14:15-14:30;2.002
S25;6;SA;14:30-14:45;2.486
S25;6;SA;14:45-15:00;2.22
S25;6;SA;15:00-15:15;2.468
S25;6;SA;15:15-15:30;2.167
S25;6;SA;15:30-15:45;1.72
S25;6;SA;15:45-16:00;1.765
S25;6;SA;16:00-16:15;1.255
S25;6;SA;16:15-16:30;1.616
S25;6;SA;16:30-16:45;2.28
S25;6;SA;16:45-17:00;2.768
S25;6;SA;17:00-17:15;2.587
S25;6;SA;17:15-17:30;2.092
S25;6;SA;17:30-17:45;2.789
S25;6;SA;17:45-18:00;2.699
S25;6;SA;18:00-18:15;3.144
S25;6;SA;18:15-18:30;3.68
S25;6;SA;18:30-18:45;5.015
S25;6;SA;18:45-19:00;4.608
S25;6;SA;19:00-19:15;3.191
S25;6;SA;19:15-19:30;4.442
S25;6;SA;19:30-19:45;5.347
S25;6;SA;19:45-20:00;4.717
S25;6;SA;20:00-20:15;5.764
S25;6;SA;20:15-20:30;6.161
S25;6;SA;20:30-20:45;5.709
S25;6;SA;20:45-21:00;6.2
S25;6;SA;21:00-21:15;6.01
S25;6;SA;21:15-21:30;6.525
S25;6;SA;21:30-21:45;5.625
S25;6;SA;21:45-22:00;5.682
S25;6;SA;22:00-22:15;5.869
S25;6;SA;22:15-22:30;5.403
S25;6;SA;22:30-22:45;5.352
S25;6;SA;22:45-23:00;4.679
S25;6;SA;23:00-23:15;3.796
S25;6;SA;23:15-23:30;4.317
S25;6;SA;23:30-23:45;4.419
S25;6;SA;23:45-00:00;4.479
S25;6;FT;00:00-00:15;4.941
S25;6;FT;00:15-00:30;4.721
S25;6;FT;00:30-00:45;4.999
S25;6;FT;00:45-01:00;4.45
S25;6;FT;01:00-01:15;5.02
S25;6;FT;01:15-01:30;5.242
S25;6;FT;01:30-01:45;5.594
S25;6;FT;01:45-02:00;5.422
S25;6;FT;02:00-02:15;5.595
S25;6;FT;02:15-02:30;5.665
S25;6;FT;02:30-02:45;5.73
S25;6;FT;02:45-03:00;6.013
S25;6;FT;03:00-03:15;6.624
S25;6;FT;03:15-03:30;7.808
S25;6;FT;03:30-03:45;6.644
S25;6;FT;03:45-04:00;6.484
S25;6;FT;04:00-04:15;6.759
S25;6;FT;04:15-04:30;7.179
S25;6;FT;04:30-04:45;8.226
S25;6;FT;04:45-05:00;8.713
S25;6;FT;05:00-05:15;8.361
S25;6;FT;05:15-05:30;7.968
S25;6;FT;05:30-05:45;7.965
S25;6;FT;05:45-06:00;6.628
S25;6;FT;06:00-06:15;6.043
S25;6;FT;06:15-06:30;6.553
S25;6;FT;06:30-06:45;7.98
S25;6;FT;06:45-07:00;5.988
S25;6;FT;07:00-07:15;6.2
S25;6;FT;07:15-07:30;5.328
S25;6;FT;07:30-07:45;5.708
S25;6;FT;07:45-08:00;5.517
S25;6;FT;08:00-08:15;5.572
S25;6;FT;08:15-08:30;4.729
S25;6;FT;08:30-08:45;3.706
S25;6;FT;08:45-09:00;3.976
S25;6;FT;09:00-09:15;3.413
S25;6;FT;09:15-09:30;3.354
S25;6;FT;09:30-09:45;3.315
S25;6;FT;09:45-10:00;2.654
S25;6;FT;10:00-10:15;2.285
S25;6;FT;10:15-10:30;2.136
S25;6;FT;10:30-10:45;1.966
S25;6;FT;10:45-11:00;2.378
S25;6;FT;11:00-11:15;2.345
S25;6;FT;11:15-11:30;2.063
S25;6;FT;11:30-11:45;2.561
S25;6;FT;11:45-12:00;2.465
S25;6;FT;12:00-12:15;2.938
S25;6;FT;12:15-12:30;3.864
S25;6;FT;12:30-12:45;2.564
S25;6;FT;12:45-13:00;1.895
S25;6;FT;13:00-13:15;1.241
S25;6;FT;13:15-13:30;1.201
S25;6;FT;13:30-13:45;1.439
S25;6;FT;13:45-14:00;0.98
S25;6;FT;14:00-14:15;1.566
S25;6;FT;14:15-14:30;1.429
S25;6;FT;14:30-14:45;1.415
S25;6;FT;14:45-15:00;1.584
S25;6;FT;15:00-15:15;1.287
S25;6;FT;15:15-15:30;1.527
S25;6;FT;15:30-15:45;2.324
S25;6;FT;15:45-16:00;1.826
S25;6;FT;16:00-16:15;2.302
S25;6;FT;16:15-16:30;2.613
S25;6;FT;16:30-16:45;2.262
S25;6;FT;16:45-17:00;1.992
S25;6;FT;17:00-17:15;1.823
S25;6;FT;17:15-17:30;2.084
S25;6;FT;17:30-17:45;2.152
S25;6;FT;17:45-18:00;2.51
S25;6;FT;18:00-18:15;3.009
S25;6;FT;18:15-18:30;3.337
S25;6;FT;18:30-18:45;4.724
S25;6;FT;18:45-19:00;3.706
S25;6;FT;19:00-19:15;2.957
S25;6;FT;19:15-19:30;4.05
S25;6;FT;19:30-19:45;3.995
S25;6;FT;19:45-20:00;4.507
S25;6;FT;20:00-20:15;5.6
S25;6;FT;20:15-20:30;5.722
S25;6;FT;20:30-20:45;4.837
S25;6;FT;20:45-21:00;5.187
S25;6;FT;21:00-21:15;4.735
S25;6;FT;21:15-21:30;4.801
S25;6;FT;21:30-21:45;4.781
S25;6;FT;21:45-22:00;6.186
S25;6;FT;22:00-22:15;5.511
S25;6;FT;22:15-22:30;5.286
S25;6;FT;22:30-22:45;4.393
S25;6;FT;22:45-23:00;3.712
S25;6;FT;23:00-23:15;3.294
S25;6;FT;23:15-23:30;3.581
S25;6;FT;23:30-23:45;3.565
S25;6;FT;23:45-00:00;3.713
S25;6;WT;00:00-00:15;4.335
S25;6;WT;00:15-00:30;3.757
S25;6;WT;00:30-00:45;3.7
S25;6;WT;00:45-01:00;3.877
S25;6;WT;01:00-01:15;3.849
S25;6;WT;01:15-01:30;3.844
S25;6;WT;01:30-01:45;3.929
S25;6;WT;01:45-02:00;4.098
S25;6;WT;02:00-02:15;4.041
S25;6;WT;02:15-02:30;4.165
S25;6;WT;02:30-02:45;4.312
S25;6;WT;02:45-03:00;4.515
S25;6;WT;03:00-03:15;4.808
S25;6;WT;03:15-03:30;4.949
S25;6;WT;03:30-03:45;5.204
S25;6;WT;03:45-04:00;5.492
S25;6;WT;04:00-04:15;5.686
S25;6;WT;04:15-04:30;6.546
S25;6;WT;04:30-04:45;7.629
S25;6;WT;04:45-05:00;8.484
S25;6;WT;05:00-05:15;8.747
S25;6;WT;05:15-05:30;8.71
S25;6;WT;05:30-05:45;8.806
S25;6;WT;05:45-06:00;7.788
S25;6;WT;06:00-06:15;7.702
S25;6;WT;06:15-06:30;8.25
S25;6;WT;06:30-06:45;8.455
S25;6;WT;06:45-07:00;8.562
S25;6;WT;07:00-07:15;8.655
S25;6;WT;07:15-07:30;8.389
S25;6;WT;07:30-07:45;6.974
S25;6;WT;07:45-08:00;6.496
S25;6;WT;08:00-08:15;5.953
S25;6;WT;08:15-08:30;5.868
S25;6;WT;08:30-08:45;5.468
S25;6;WT;08:45-09:00;5.179
S25;6;WT;09:00-09:15;4.272
S25;6;WT;09:15-09:30;3.667
S25;6;WT;09:30-09:45;3.496
S25;6;WT;09:45-10:00;3.663
S25;6;WT;10:00-10:15;3.819
S25;6;WT;10:15-10:30;3.776
S25;6;WT;10:30-10:45;3.184
S25;6;WT;10:45-11:00;2.838
S25;6;WT;11:00-11:15;2.712
S25;6;WT;11:15-11:30;2.396
S25;6;WT;11:30-11:45;2.277
S25;6;WT;11:45-12:00;2.02
S25;6;WT;12:00-12:15;2.457
S25;6;WT;12:15-12:30;2.787
S25;6;WT;12:30-12:45;3.051
S25;6;WT;12:45-13:00;2.577
S25;6;WT;13:00-13:15;2.175
S25;6;WT;13:15-13:30;1.893
S25;6;WT;13:30-13:45;2.006
S25;6;WT;13:45-14:00;1.994
S25;6;WT;14:00-14:15;1.875
S25;6;WT;14:15-14:30;1.966
S25;6;WT;14:30-14:45;1.693
S25;6;WT;14:45-15:00;1.794
S25;6;WT;15:00-15:15;1.734
S25;6;WT;15:15-15:30;1.947
S25;6;WT;15:30-15:45;1.946
S25;6;WT;15:45-16:00;2.071
S25;6;WT;16:00-16:15;2.13
S25;6;WT;16:15-16:30;2.52
S25;6;WT;16:30-16:45;2.28
S25;6;WT;16:45-17:00;2.644
S25;6;WT;17:00-17:15;2.907
S25;6;WT;17:15-17:30;2.935
S25;6;WT;17:30-17:45;3.538
S25;6;WT;17:45-18:00;3.916
S25;6;WT;18:00-18:15;3.485
S25;6;WT;18:15-18:30;3.775
S25;6;WT;18:30-18:45;4.303
S25;6;WT;18:45-19:00;4.769
S25;6;WT;19:00-19:15;4.583
S25;6;WT;19:15-19:30;4.32
S25;6;WT;19:30-19:45;4.388
S25;6;WT;19:45-20:00;5.106
S25;6;WT;20:00-20:15;5.454
S25;6;WT;20:15-20:30;5.861
S25;6;WT;20:30-20:45;5.548
S25;6;WT;20:45-21:00;5.63
S25;6;WT;21:00-21:15;6.057
S25;6;WT;21:15-21:30;5.652
S25;6;WT;21:30-21:45;5.595
S25;6;WT;21:45-22:00;6.537
S25;6;WT;22:00-22:15;6.702
S25;6;WT;22:15-22:30;5.95
S25;6;WT;22:30-22:45;6.033
S25;6;WT;22:45-23:00;5.594
S25;6;WT;23:00-23:15;5.164
S25;6;WT;23:15-23:30;4.811
S25;6;WT;23:30-23:45;4.782
S25;6;WT;23:45-00:00;4.834
S25;7;SA;00:00-00:15;6.958
S25;7;SA;00:15-00:30;6.31
S25;7;SA;00:30-00:45;6.602
S25;7;SA;00:45-01:00;6.481
S25;7;SA;01:00-01:15;6.632
S25;7;SA;01:15-01:30;6.683
S25;7;SA;01:30-01:45;7.178
S25;7;SA;01:45-02:00;6.87
S25;7;SA;02:00-02:15;7.706
S25;7;SA;02:15-02:30;7.973
S25;7;SA;02:30-02:45;7.59
S25;7;SA;02:45-03:00;7.896
S25;7;SA;03:00-03:15;7.792
S25;7;SA;03:15-03:30;7.881
S25;7;SA;03:30-03:45;8.441
S25;7;SA;03:45-04:00;8.581
S25;7;SA;04:00-04:15;8.815
S25;7;SA;04:15-04:30;8.948
S25;7;SA;04:30-04:45;9.778
S25;7;SA;04:45-05:00;10.787
S25;7;SA;05:00-05:15;11.41
S25;7;SA;05:15-05:30;11.797
S25;7;SA;05:30-05:45;11.219
S25;7;SA;05:45-06:00;10.654
S25;7;SA;06:00-06:15;12.63
S25;7;SA;06:15-06:30;10.772
S25;7;SA;06:30-06:45;9.147
S25;7;SA;06:45-07:00;8.499
S25;7;SA;07:00-07:15;8.77
S25;7;SA;07:15-07:30;9.615
S25;7;SA;07:30-07:45;8.909
S25;7;SA;07:45-08:00;7.345
S25;7;SA;08:00-08:15;7.748
S25;7;SA;08:15-08:30;7.298
S25;7;SA;08:30-08:45;6.089
S25;7;SA;08:45-09:00;6.504
S25;7;SA;09:00-09:15;5.838
S25;7;SA;09:15-09:30;5.512
S25;7;SA;09:30-09:45;4.647
S25;7;SA;09:45-10:00;4.282
S25;7;SA;10:00-10:15;7.419
S25;7;SA;10:15-10:30;5.824
S25;7;SA;10:30-10:45;6.922
S25;7;SA;10:45-11:00;7.209
S25;7;SA;11:00-11:15;7.729
S25;7;SA;11:15-11:30;5.374
S25;7;SA;11:30-11:45;7.005
S25;7;SA;11:45-12:00;7.212
S25;7;SA;12:00-12:15;7.257
S25;7;SA;12:15-12:30;6.823
S25;7;SA;12:30-12:45;4.845
S25;7;SA;12:45-13:00;5.026
S25;7;SA;13:00-13:15;5.92
S25;7;SA;13:15-13:30;3.993
S25;7;SA;13:30-13:45;4.06
S25;7;SA;13:45-14:00;3.653
S25;7;SA;14:00-14:15;4.026
S25;7;SA;14:15-14:30;4.325
S25;7;SA;14:30-14:45;3.214
S25;7;SA;14:45-15:00;3.676
S25;7;SA;15:00-15:15;3.253
S25;7;SA;15:15-15:30;3.057
S25;7;SA;15:30-15:45;3.089
S25;7;SA;15:45-16:00;3.282
S25;7;SA;16:00-16:15;3.758
S25;7;SA;16:15-16:30;3.507
S25;7;SA;16:30-16:45;3.483
S25;7;SA;16:45-17:00;3.418
S25;7;SA;17:00-17:15;4.43
S25;7;SA;17:15-17:30;4.945
S25;7;SA;17:30-17:45;4.242
S25;7;SA;17:45-18:00;5.945
S25;7;SA;18:00-18:15;6.302
S25;7;SA;18:15-18:30;5.996
S25;7;SA;18:30-18:45;5.173
S25;7;SA;18:45-19:00;5.999
S25;7;SA;19:00-19:15;6.545
S25;7;SA;19:15-19:30;7.362
S25;7;SA;19:30-19:45;7.615
S25;7;SA;19:45-20:00;8.398
S25;7;SA;20:00-20:15;10.072
S25;7;SA;20:15-20:30;8.02
S25;7;SA;20:30-20:45;8.347
S25;7;SA;20:45-21:00;8.636
S25;7;SA;21:00-21:15;8.532
S25;7;SA;21:15-21:30;8.78
S25;7;SA;21:30-21:45;7.828
S25;7;SA;21:45-22:00;8.171
S25;7;SA;22:00-22:15;7.965
S25;7;SA;22:15-22:30;7.54
S25;7;SA;22:30-22:45;7.684
S25;7;SA;22:45-23:00;7.179
S25;7;SA;23:00-23:15;6.5
S25;7;SA;23:15-23:30;6.127
S25;7;SA;23:30-23:45;5.881
S25;7;SA;23:45-00:00;6.912
S25;7;FT;00:00-00:15;6.64
S25;7;FT;00:15-00:30;6.641
S25;7;FT;00:30-00:45;6.381
S25;7;FT;00:45-01:00;6.214
S25;7;FT;01:00-01:15;6.373
S25;7;FT;01:15-01:30;6.507
S25;7;FT;01:30-01:45;6.316
S25;7;FT;01:45-02:00;6.471
S25;7;FT;02:00-02:15;6.538
S25;7;FT;02:15-02:30;6.767
S25;7;FT;02:30-02:45;7.355
S25;7;FT;02:45-03:00;7.145
S25;7;FT;03:00-03:15;7.451
S25;7;FT;03:15-03:30;8.773
S25;7;FT;03:30-03:45;7.791
S25;7;FT;03:45-04:00;8.298
S25;7;FT;04:00-04:15;8.448
S25;7;FT;04:15-04:30;8.356
S25;7;FT;04:30-04:45;8.745
S25;7;FT;04:45-05:00;10.173
S25;7;FT;05:00-05:15;10.61
S25;7;FT;05:15-05:30;10.888
S25;7;FT;05:30-05:45;10.956
S25;7;FT;05:45-06:00;10.57
S25;7;FT;06:00-06:15;10.268
S25;7;FT;06:15-06:30;9.462
S25;7;FT;06:30-06:45;9.752
S25;7;FT;06:45-07:00;8.891
S25;7;FT;07:00-07:15;7.22
S25;7;FT;07:15-07:30;7.123
S25;7;FT;07:30-07:45;5.807
S25;7;FT;07:45-08:00;7.404
S25;7;FT;08:00-08:15;6.695
S25;7;FT;08:15-08:30;6.837
S25;7;FT;08:30-08:45;5.855
S25;7;FT;08:45-09:00;5.014
S25;7;FT;09:00-09:15;5.402
S25;7;FT;09:15-09:30;5.092
S25;7;FT;09:30-09:45;5.153
S25;7;FT;09:45-10:00;4.776
S25;7;FT;10:00-10:15;4.441
S25;7;FT;10:15-10:30;5.665
S25;7;FT;10:30-10:45;4.413
S25;7;FT;10:45-11:00;4.534
S25;7;FT;11:00-11:15;4.58
S25;7;FT;11:15-11:30;5.979
S25;7;FT;11:30-11:45;5.067
S25;7;FT;11:45-12:00;4.704
S25;7;FT;12:00-12:15;4.734
S25;7;FT;12:15-12:30;6.446
S25;7;FT;12:30-12:45;5.127
S25;7;FT;12:45-13:00;4.057
S25;7;FT;13:00-13:15;3.895
S25;7;FT;13:15-13:30;3.088
S25;7;FT;13:30-13:45;3.313
S25;7;FT;13:45-14:00;4.514
S25;7;FT;14:00-14:15;3.318
S25;7;FT;14:15-14:30;5.205
S25;7;FT;14:30-14:45;4.778
S25;7;FT;14:45-15:00;4.226
S25;7;FT;15:00-15:15;3.641
S25;7;FT;15:15-15:30;3.135
S25;7;FT;15:30-15:45;3.783
S25;7;FT;15:45-16:00;3.28
S25;7;FT;16:00-16:15;3.767
S25;7;FT;16:15-16:30;3.337
S25;7;FT;16:30-16:45;3.282
S25;7;FT;16:45-17:00;3.269
S25;7;FT;17:00-17:15;4.327
S25;7;FT;17:15-17:30;4.51
S25;7;FT;17:30-17:45;4.291
S25;7;FT;17:45-18:00;4.066
S25;7;FT;18:00-18:15;4.119
S25;7;FT;18:15-18:30;4.354
S25;7;FT;18:30-18:45;4.047
S25;7;FT;18:45-19:00;4.532
S25;7;FT;19:00-19:15;4.622
S25;7;FT;19:15-19:30;4.152
S25;7;FT;19:30-19:45;5.471
S25;7;FT;19:45-20:00;5.617
S25;7;FT;20:00-20:15;5.877
S25;7;FT;20:15-20:30;6.368
S25;7;FT;20:30-20:45;7.831
S25;7;FT;20:45-21:00;6.213
S25;7;FT;21:00-21:15;5.571
S25;7;FT;21:15-21:30;6.046
S25;7;FT;21:30-21:45;6.27
S25;7;FT;21:45-22:00;6.919
S25;7;FT;22:00-22:15;6.025
S25;7;FT;22:15-22:30;5.825
S25;7;FT;22:30-22:45;5.454
S25;7;FT;22:45-23:00;5.044
S25;7;FT;23:00-23:15;4.822
S25;7;FT;23:15-23:30;4.943
S25;7;FT;23:30-23:45;4.797
S25;7;FT;23:45-00:00;4.885
S25;7;WT;00:00-00:15;5.512
S25;7;WT;00:15-00:30;5.364
S25;7;WT;00:30-00:45;4.942
S25;7;WT;00:45-01:00;5.112
S25;7;WT;01:00-01:15;5.072
S25;7;WT;01:15-01:30;4.915
S25;7;WT;01:30-01:45;5.197
S25;7;WT;01:45-02:00;5.316
S25;7;WT;02:00-02:15;5.544
S25;7;WT;02:15-02:30;5.627
S25;7;WT;02:30-02:45;5.728
S25;7;WT;02:45-03:00;5.68
S25;7;WT;03:00-03:15;5.895
S25;7;WT;03:15-03:30;6.192
S25;7;WT;03:30-03:45;6.581
S25;7;WT;03:45-04:00;6.657
S25;7;WT;04:00-04:15;6.898
S25;7;WT;04:15-04:30;7.262
S25;7;WT;04:30-04:45;8.248
S25;7;WT;04:45-05:00;8.91
S25;7;WT;05:00-05:15;10.065
S25;7;WT;05:15-05:30;10.168
S25;7;WT;05:30-05:45;10.055
S25;7;WT;05:45-06:00;10.744
S25;7;WT;06:00-06:15;10.175
S25;7;WT;06:15-06:30;10.402
S25;7;WT;06:30-06:45;9.146
S25;7;WT;06:45-07:00;8.979
S25;7;WT;07:00-07:15;8.679
S25;7;WT;07:15-07:30;7.86
S25;7;WT;07:30-07:45;8.159
S25;7;WT;07:45-08:00;7.973
S25;7;WT;08:00-08:15;7.212
S25;7;WT;08:15-08:30;7.338
S25;7;WT;08:30-08:45;6.547
S25;7;WT;08:45-09:00;6.198
S25;7;WT;09:00-09:15;6.108
S25;7;WT;09:15-09:30;5.56
S25;7;WT;09:30-09:45;5.909
S25;7;WT;09:45-10:00;5.867
S25;7;WT;10:00-10:15;5.486
S25;7;WT;10:15-10:30;5.369
S25;7;WT;10:30-10:45;5.249
S25;7;WT;10:45-11:00;5.343
S25;7;WT;11:00-11:15;5.205
S25;7;WT;11:15-11:30;4.63
S25;7;WT;11:30-11:45;4.438
S25;7;WT;11:45-12:00;4.019
S25;7;WT;12:00-12:15;4.32
S25;7;WT;12:15-12:30;4.295
S25;7;WT;12:30-12:45;3.87
S25;7;WT;12:45-13:00;3.671
S25;7;WT;13:00-13:15;3.062
S25;7;WT;13:15-13:30;2.759
S25;7;WT;13:30-13:45;2.563
S25;7;WT;13:45-14:00;2.311
S25;7;WT;14:00-14:15;2.423
S25;7;WT;14:15-14:30;2.815
S25;7;WT;14:30-14:45;2.488
S25;7;WT;14:45-15:00;2.379
S25;7;WT;15:00-15:15;2.427
S25;7;WT;15:15-15:30;2.66
S25;7;WT;15:30-15:45;2.448
S25;7;WT;15:45-16:00;2.45
S25;7;WT;16:00-16:15;2.916
S25;7;WT;16:15-16:30;3.204
S25;7;WT;16:30-16:45;2.766
S25;7;WT;16:45-17:00;3.17
S25;7;WT;17:00-17:15;3.528
S25;7;WT;17:15-17:30;3.949
S25;7;WT;17:30-17:45;4.684
S25;7;WT;17:45-18:00;5.171
S25;7;WT;18:00-18:15;4.833
S25;7;WT;18:15-18:30;5.176
S25;7;WT;18:30-18:45;5.286
S25;7;WT;18:45-19:00;5.768
S25;7;WT;19:00-19:15;5.467
S25;7;WT;19:15-19:30;5.466
S25;7;WT;19:30-19:45;6.051
S25;7;WT;19:45-20:00;5.895
S25;7;WT;20:00-20:15;5.896
S25;7;WT;20:15-20:30;6.081
S25;7;WT;20:30-20:45;6.503
S25;7;WT;20:45-21:00;6.933
S25;7;WT;21:00-21:15;6.924
S25;7;WT;21:15-21:30;7.35
S25;7;WT;21:30-21:45;7.339
S25;7;WT;21:45-22:00;7.874
S25;7;WT;22:00-22:15;7.661
S25;7;WT;22:15-22:30;6.878
S25;7;WT;22:30-22:45;6.67
S25;7;WT;22:45-23:00;6.242
S25;7;WT;23:00-23:15;5.912
S25;7;WT;23:15-23:30;5.86
S25;7;WT;23:30-23:45;5.897
S25;7;WT;23:45-00:00;6.002
S25;8;SA;00:00-00:15;8.51
S25;8;SA;00:15-00:30;8.114
S25;8;SA;00:30-00:45;9.024
S25;8;SA;00:45-01:00;8.841
S25;8;SA;01:00-01:15;8.896
S25;8;SA;01:15-01:30;9.349
S25;8;SA;01:30-01:45;8.623
S25;8;SA;01:45-02:00;8.677
S25;8;SA;02:00-02:15;9.268
S25;8;SA;02:15-02:30;9.287
S25;8;SA;02:30-02:45;8.825
S25;8;SA;02:45-03:00;8.643
S25;8;SA;03:00-03:15;8.512
S25;8;SA;03:15-03:30;8.612
S25;8;SA;03:30-03:45;9.396
S25;8;SA;03:45-04:00;10.028
S25;8;SA;04:00-04:15;10.4
S25;8;SA;04:15-04:30;11.042
S25;8;SA;04:30-04:45;11.413
S25;8;SA;04:45-05:00;11.565
S25;8;SA;05:00-05:15;12.748
S25;8;SA;05:15-05:30;12.977
S25;8;SA;05:30-05:45;13.251
S25;8;SA;05:45-06:00;14.489
S25;8;SA;06:00-06:15;16.056
S25;8;SA;06:15-06:30;17.508
S25;8;SA;06:30-06:45;16.033
S25;8;SA;06:45-07:00;15.412
S25;8;SA;07:00-07:15;15.61
S25;8;SA;07:15-07:30;16.067
S25;8;SA;07:30-07:45;14.355
S25;8;SA;07:45-08:00;14.808
S25;8;SA;08:00-08:15;14.666
S25;8;SA;08:15-08:30;14.817
S25;8;SA;08:30-08:45;13.928
S25;8;SA;08:45-09:00;11.59
S25;8;SA;09:00-09:15;11.534
S25;8;SA;09:15-09:30;11.474
S25;8;SA;09:30-09:45;11.175
S25;8;SA;09:45-10:00;9.346
S25;8;SA;10:00-10:15;7.055
S25;8;SA;10:15-10:30;7.622
S25;8;SA;10:30-10:45;6.009
S25;8;SA;10:45-11:00;7.423
S25;8;SA;11:00-11:15;7.105
S25;8;SA;11:15-11:30;6.579
S25;8;SA;11:30-11:45;6.493
S25;8;SA;11:45-12:00;6.035
S25;8;SA;12:00-12:15;4.953
S25;8;SA;12:15-12:30;6.284
S25;8;SA;12:30-12:45;5.139
S25;8;SA;12:45-13:00;4.606
S25;8;SA;13:00-13:15;5.077
S25;8;SA;13:15-13:30;3.303
S25;8;SA;13:30-13:45;2.546
S25;8;SA;13:45-14:00;2.518
S25;8;SA;14:00-14:15;2.808
S25;8;SA;14:15-14:30;2.06
S25;8;SA;14:30-14:45;1.923
S25;8;SA;14:45-15:00;2.494
S25;8;SA;15:00-15:15;2.386
S25;8;SA;15:15-15:30;2.351
S25;8;SA;15:30-15:45;3.108
S25;8;SA;15:45-16:00;2.705
S25;8;SA;16:00-16:15;3.671
S25;8;SA;16:15-16:30;4.395
S25;8;SA;16:30-16:45;3.99
S25;8;SA;16:45-17:00;5.514
S25;8;SA;17:00-17:15;4.508
S25;8;SA;17:15-17:30;4.458
S25;8;SA;17:30-17:45;5.363
S25;8;SA;17:45-18:00;5.177
S25;8;SA;18:00-18:15;6.167
S25;8;SA;18:15-18:30;6.73
S25;8;SA;18:30-18:45;6.76
S25;8;SA;18:45-19:00;6.241
S25;8;SA;19:00-19:15;7.51
S25;8;SA;19:15-19:30;4.69
S25;8;SA;19:30-19:45;5.911
S25;8;SA;19:45-20:00;7.59
S25;8;SA;20:00-20:15;7.622
S25;8;SA;20:15-20:30;6.722
S25;8;SA;20:30-20:45;7.108
S25;8;SA;20:45-21:00;7.349
S25;8;SA;21:00-21:15;7.791
S25;8;SA;21:15-21:30;7.744
S25;8;SA;21:30-21:45;7.222
S25;8;SA;21:45-22:00;6.642
S25;8;SA;22:00-22:15;7.145
S25;8;SA;22:15-22:30;8.368
S25;8;SA;22:30-22:45;9.286
S25;8;SA;22:45-23:00;9.663
S25;8;SA;23:00-23:15;9.135
S25;8;SA;23:15-23:30;9.11
S25;8;SA;23:30-23:45;7.852
S25;8;SA;23:45-00:00;8.275
S25;8;FT;00:00-00:15;8.44
S25;8;FT;00:15-00:30;7.763
S25;8;FT;00:30-00:45;7.741
S25;8;FT;00:45-01:00;7.928
S25;8;FT;01:00-01:15;7.954
S25;8;FT;01:15-01:30;8.065
S25;8;FT;01:30-01:45;8.41
S25;8;FT;01:45-02:00;8.353
S25;8;FT;02:00-02:15;8.446
S25;8;FT;02:15-02:30;8.769
S25;8;FT;02:30-02:45;8.871
S25;8;FT;02:45-03:00;8.521
S25;8;FT;03:00-03:15;9.746
S25;8;FT;03:15-03:30;10.499
S25;8;FT;03:30-03:45;9.519
S25;8;FT;03:45-04:00;10.337
S25;8;FT;04:00-04:15;10.706
S25;8;FT;04:15-04:30;11.838
S25;8;FT;04:30-04:45;11.772
S25;8;FT;04:45-05:00;12.992
S25;8;FT;05:00-05:15;13.315
S25;8;FT;05:15-05:30;13.275
S25;8;FT;05:30-05:45;14.189
S25;8;FT;05:45-06:00;15.222
S25;8;FT;06:00-06:15;16.298
S25;8;FT;06:15-06:30;16.525
S25;8;FT;06:30-06:45;17.003
S25;8;FT;06:45-07:00;14.622
S25;8;FT;07:00-07:15;15.651
S25;8;FT;07:15-07:30;13.103
S25;8;FT;07:30-07:45;12.795
S25;8;FT;07:45-08:00;9.704
S25;8;FT;08:00-08:15;10.87
S25;8;FT;08:15-08:30;10.775
S25;8;FT;08:30-08:45;16.113
S25;8;FT;08:45-09:00;15.646
S25;8;FT;09:00-09:15;12.811
S25;8;FT;09:15-09:30;8.548
S25;8;FT;09:30-09:45;7.358
S25;8;FT;09:45-10:00;8.429
S25;8;FT;10:00-10:15;8.014
S25;8;FT;10:15-10:30;8.802
S25;8;FT;10:30-10:45;6.844
S25;8;FT;10:45-11:00;6.898
S25;8;FT;11:00-11:15;7.324
S25;8;FT;11:15-11:30;5.724
S25;8;FT;11:30-11:45;4.539
S25;8;FT;11:45-12:00;4.433
S25;8;FT;12:00-12:15;4.732
S25;8;FT;12:15-12:30;4.297
S25;8;FT;12:30-12:45;3.505
S25;8;FT;12:45-13:00;3.166
S25;8;FT;13:00-13:15;3.604
S25;8;FT;13:15-13:30;2.793
S25;8;FT;13:30-13:45;2.485
S25;8;FT;13:45-14:00;2.072
S25;8;FT;14:00-14:15;2.308
S25;8;FT;14:15-14:30;3.243
S25;8;FT;14:30-14:45;2.493
S25;8;FT;14:45-15:00;2.001
S25;8;FT;15:00-15:15;2.487
S25;8;FT;15:15-15:30;3.231
S25;8;FT;15:30-15:45;2.998
S25;8;FT;15:45-16:00;3.26
S25;8;FT;16:00-16:15;2.818
S25;8;FT;16:15-16:30;2.843
S25;8;FT;16:30-16:45;2.685
S25;8;FT;16:45-17:00;2.721
S25;8;FT;17:00-17:15;2.976
S25;8;FT;17:15-17:30;4.02
S25;8;FT;17:30-17:45;4.91
S25;8;FT;17:45-18:00;6.422
S25;8;FT;18:00-18:15;6.519
S25;8;FT;18:15-18:30;7.148
S25;8;FT;18:30-18:45;7.515
S25;8;FT;18:45-19:00;8.738
S25;8;FT;19:00-19:15;9.327
S25;8;FT;19:15-19:30;10.527
S25;8;FT;19:30-19:45;10.534
S25;8;FT;19:45-20:00;9.896
S25;8;FT;20:00-20:15;9.946
S25;8;FT;20:15-20:30;9.366
S25;8;FT;20:30-20:45;9.336
S25;8;FT;20:45-21:00;8.643
S25;8;FT;21:00-21:15;7.953
S25;8;FT;21:15-21:30;8.195
S25;8;FT;21:30-21:45;8.552
S25;8;FT;21:45-22:00;8.922
S25;8;FT;22:00-22:15;8.266
S25;8;FT;22:15-22:30;7.82
S25;8;FT;22:30-22:45;8.984
S25;8;FT;22:45-23:00;8.134
S25;8;FT;23:00-23:15;7.863
S25;8;FT;23:15-23:30;7.532
S25;8;FT;23:30-23:45;7.718
S25;8;FT;23:45-00:00;7.635
S25;8;WT;00:00-00:15;7.701
S25;8;WT;00:15-00:30;7.41
S25;8;WT;00:30-00:45;7.463
S25;8;WT;00:45-01:00;7.843
S25;8;WT;01:00-01:15;7.664
S25;8;WT;01:15-01:30;7.727
S25;8;WT;01:30-01:45;7.691
S25;8;WT;01:45-02:00;7.733
S25;8;WT;02:00-02:15;7.659
S25;8;WT;02:15-02:30;7.715
S25;8;WT;02:30-02:45;7.932
S25;8;WT;02:45-03:00;8.203
S25;8;WT;03:00-03:15;8.388
S25;8;WT;03:15-03:30;8.531
S25;8;WT;03:30-03:45;8.864
S25;8;WT;03:45-04:00;9.081
S25;8;WT;04:00-04:15;9.446
S25;8;WT;04:15-04:30;9.991
S25;8;WT;04:30-04:45;10.56
S25;8;WT;04:45-05:00;11.29
S25;8;WT;05:00-05:15;12.661
S25;8;WT;05:15-05:30;14.419
S25;8;WT;05:30-05:45;15.172
S25;8;WT;05:45-06:00;16.84
S25;8;WT;06:00-06:15;17.625
S25;8;WT;06:15-06:30;17.688
S25;8;WT;06:30-06:45;17.921
S25;8;WT;06:45-07:00;18.215
S25;8;WT;07:00-07:15;17.153
S25;8;WT;07:15-07:30;16.29
S25;8;WT;07:30-07:45;15.055
S25;8;WT;07:45-08:00;14.121
S25;8;WT;08:00-08:15;12.06
S25;8;WT;08:15-08:30;10.614
S25;8;WT;08:30-08:45;10.439
S25;8;WT;08:45-09:00;9.57
S25;8;WT;09:00-09:15;8.136
S25;8;WT;09:15-09:30;7.734
S25;8;WT;09:30-09:45;6.778
S25;8;WT;09:45-10:00;6.353
S25;8;WT;10:00-10:15;6.062
S25;8;WT;10:15-10:30;5.773
S25;8;WT;10:30-10:45;5.278
S25;8;WT;10:45-11:00;5.417
S25;8;WT;11:00-11:15;5.371
S25;8;WT;11:15-11:30;4.96
S25;8;WT;11:30-11:45;4.465
S25;8;WT;11:45-12:00;3.949
S25;8;WT;12:00-12:15;4.379
S25;8;WT;12:15-12:30;4.127
S25;8;WT;12:30-12:45;3.929
S25;8;WT;12:45-13:00;3.821
S25;8;WT;13:00-13:15;3.426
S25;8;WT;13:15-13:30;2.787
S25;8;WT;13:30-13:45;2.541
S25;8;WT;13:45-14:00;2.629
S25;8;WT;14:00-14:15;2.664
S25;8;WT;14:15-14:30;2.779
S25;8;WT;14:30-14:45;2.623
S25;8;WT;14:45-15:00;2.409
S25;8;WT;15:00-15:15;2.404
S25;8;WT;15:15-15:30;2.359
S25;8;WT;15:30-15:45;2.224
S25;8;WT;15:45-16:00;2.437
S25;8;WT;16:00-16:15;2.818
S25;8;WT;16:15-16:30;2.746
S25;8;WT;16:30-16:45;3.043
S25;8;WT;16:45-17:00;3.231
S25;8;WT;17:00-17:15;4.047
S25;8;WT;17:15-17:30;4.222
S25;8;WT;17:30-17:45;4.922
S25;8;WT;17:45-18:00;5.227
S25;8;WT;18:00-18:15;5.897
S25;8;WT;18:15-18:30;6.154
S25;8;WT;18:30-18:45;6.121
S25;8;WT;18:45-19:00;6.528
S25;8;WT;19:00-19:15;7.26
S25;8;WT;19:15-19:30;7.336
S25;8;WT;19:30-19:45;7.763
S25;8;WT;19:45-20:00;7.764
S25;8;WT;20:00-20:15;7.983
S25;8;WT;20:15-20:30;7.661
S25;8;WT;20:30-20:45;7.684
S25;8;WT;20:45-21:00;7.807
S25;8;WT;21:00-21:15;7.872
S25;8;WT;21:15-21:30;7.908
S25;8;WT;21:30-21:45;7.565
S25;8;WT;21:45-22:00;7.604
S25;8;WT;22:00-22:15;7.491
S25;8;WT;22:15-22:30;7.38
S25;8;WT;22:30-22:45;7.349
S25;8;WT;22:45-23:00;7.403
S25;8;WT;23:00-23:15;7.563
S25;8;WT;23:15-23:30;7.496
S25;8;WT;23:30-23:45;7.296
S25;8;WT;23:45-00:00;7.485
S25;9;SA;00:00-00:15;8.856
S25;9;SA;00:15-00:30;8.57
S25;9;SA;00:30-00:45;8.493
S25;9;SA;00:45-01:00;8.211
S25;9;SA;01:00-01:15;8.198
S25;9;SA;01:15-01:30;8.429
S25;9;SA;01:30-01:45;9.067
S25;9;SA;01:45-02:00;9.265
S25;9;SA;02:00-02:15;9.585
S25;9;SA;02:15-02:30;9.494
S25;9;SA;02:30-02:45;9.984
S25;9;SA;02:45-03:00;9.586
S25;9;SA;03:00-03:15;10.587
S25;9;SA;03:15-03:30;10.876
S25;9;SA;03:30-03:45;11.526
S25;9;SA;03:45-04:00;11.963
S25;9;SA;04:00-04:15;11.78
S25;9;SA;04:15-04:30;12.319
S25;9;SA;04:30-04:45;12.376
S25;9;SA;04:45-05:00;13.505
S25;9;SA;05:00-05:15;15.031
S25;9;SA;05:15-05:30;16.767
S25;9;SA;05:30-05:45;17.205
S25;9;SA;05:45-06:00;17.25
S25;9;SA;06:00-06:15;19.771
S25;9;SA;06:15-06:30;20.94
S25;9;SA;06:30-06:45;21.848
S25;9;SA;06:45-07:00;23.452
S25;9;SA;07:00-07:15;25.057
S25;9;SA;07:15-07:30;25.567
S25;9;SA;07:30-07:45;24.509
S25;9;SA;07:45-08:00;22.019
S25;9;SA;08:00-08:15;18.655
S25;9;SA;08:15-08:30;16.487
S25;9;SA;08:30-08:45;15.088
S25;9;SA;08:45-09:00;11.224
S25;9;SA;09:00-09:15;10.648
S25;9;SA;09:15-09:30;8.387
S25;9;SA;09:30-09:45;7.882
S25;9;SA;09:45-10:00;6.253
S25;9;SA;10:00-10:15;5.449
S25;9;SA;10:15-10:30;4.074
S25;9;SA;10:30-10:45;4.171
S25;9;SA;10:45-11:00;4.405
S25;9;SA;11:00-11:15;3.877
S25;9;SA;11:15-11:30;3.194
S25;9;SA;11:30-11:45;3.981
S25;9;SA;11:45-12:00;3.193
S25;9;SA;12:00-12:15;3.634
S25;9;SA;12:15-12:30;3.242
S25;9;SA;12:30-12:45;3.438
S25;9;SA;12:45-13:00;3.041
S25;9;SA;13:00-13:15;3.027
S25;9;SA;13:15-13:30;2.919
S25;9;SA;13:30-13:45;2.786
S25;9;SA;13:45-14:00;3.386
S25;9;SA;14:00-14:15;3.013
S25;9;SA;14:15-14:30;2.783
S25;9;SA;14:30-14:45;3.213
S25;9;SA;14:45-15:00;3.23
S25;9;SA;15:00-15:15;3.554
S25;9;SA;15:15-15:30;3.671
S25;9;SA;15:30-15:45;2.953
S25;9;SA;15:45-16:00;2.899
S25;9;SA;16:00-16:15;3.103
S25;9;SA;16:15-16:30;3.351
S25;9;SA;16:30-16:45;2.99
S25;9;SA;16:45-17:00;3.079
S25;9;SA;17:00-17:15;3.708
S25;9;SA;17:15-17:30;3.888
S25;9;SA;17:30-17:45;4.833
S25;9;SA;17:45-18:00;6.941
S25;9;SA;18:00-18:15;6.552
S25;9;SA;18:15-18:30;7.645
S25;9;SA;18:30-18:45;7.305
S25;9;SA;18:45-19:00;7.887
S25;9;SA;19:00-19:15;9.202
S25;9;SA;19:15-19:30;8.345
S25;9;SA;19:30-19:45;7.161
S25;9;SA;19:45-20:00;7.378
S25;9;SA;20:00-20:15;7.021
S25;9;SA;20:15-20:30;7.478
S25;9;SA;20:30-20:45;7.133
S25;9;SA;20:45-21:00;7.676
S25;9;SA;21:00-21:15;7.747
S25;9;SA;21:15-21:30;8.3
S25;9;SA;21:30-21:45;8.329
S25;9;SA;21:45-22:00;8.002
S25;9;SA;22:00-22:15;7.541
S25;9;SA;22:15-22:30;8.153
S25;9;SA;22:30-22:45;7.772
S25;9;SA;22:45-23:00;7.653
S25;9;SA;23:00-23:15;7.964
S25;9;SA;23:15-23:30;8.034
S25;9;SA;23:30-23:45;7.437
S25;9;SA;23:45-00:00;7.401
S25;9;FT;00:00-00:15;8.236
S25;9;FT;00:15-00:30;7.378
S25;9;FT;00:30-00:45;7.171
S25;9;FT;00:45-01:00;6.628
S25;9;FT;01:00-01:15;7.017
S25;9;FT;01:15-01:30;6.342
S25;9;FT;01:30-01:45;7.147
S25;9;FT;01:45-02:00;7.6
S25;9;FT;02:00-02:15;7.231
S25;9;FT;02:15-02:30;7.753
S25;9;FT;02:30-02:45;8.375
S25;9;FT;02:45-03:00;8.126
S25;9;FT;03:00-03:15;8.47
S25;9;FT;03:15-03:30;9.581
S25;9;FT;03:30-03:45;8.885
S25;9;FT;03:45-04:00;9.033
S25;9;FT;04:00-04:15;9.475
S25;9;FT;04:15-04:30;9.831
S25;9;FT;04:30-04:45;11.68
S25;9;FT;04:45-05:00;11.888
S25;9;FT;05:00-05:15;12.702
S25;9;FT;05:15-05:30;12.101
S25;9;FT;05:30-05:45;13.345
S25;9;FT;05:45-06:00;15.065
S25;9;FT;06:00-06:15;16.017
S25;9;FT;06:15-06:30;18.816
S25;9;FT;06:30-06:45;20.988
S25;9;FT;06:45-07:00;21.578
S25;9;FT;07:00-07:15;21.502
S25;9;FT;07:15-07:30;20.884
S25;9;FT;07:30-07:45;19.127
S25;9;FT;07:45-08:00;18.983
S25;9;FT;08:00-08:15;18.61
S25;9;FT;08:15-08:30;20.066
S25;9;FT;08:30-08:45;15.67
S25;9;FT;08:45-09:00;9.29
S25;9;FT;09:00-09:15;10.172
S25;9;FT;09:15-09:30;12.228
S25;9;FT;09:30-09:45;10.352
S25;9;FT;09:45-10:00;10.327
S25;9;FT;10:00-10:15;10.877
S25;9;FT;10:15-10:30;9.026
S25;9;FT;10:30-10:45;7.444
S25;9;FT;10:45-11:00;6.194
S25;9;FT;11:00-11:15;6.889
S25;9;FT;11:15-11:30;7.383
S25;9;FT;11:30-11:45;7.62
S25;9;FT;11:45-12:00;5.533
S25;9;FT;12:00-12:15;4.65
S25;9;FT;12:15-12:30;3.816
S25;9;FT;12:30-12:45;3.038
S25;9;FT;12:45-13:00;3.114
S25;9;FT;13:00-13:15;2.689
S25;9;FT;13:15-13:30;3.06
S25;9;FT;13:30-13:45;2.1
S25;9;FT;13:45-14:00;1.958
S25;9;FT;14:00-14:15;2.057
S25;9;FT;14:15-14:30;2.002
S25;9;FT;14:30-14:45;1.57
S25;9;FT;14:45-15:00;1.702
S25;9;FT;15:00-15:15;3.878
S25;9;FT;15:15-15:30;2.821
S25;9;FT;15:30-15:45;4.074
S25;9;FT;15:45-16:00;3.482
S25;9;FT;16:00-16:15;4.412
S25;9;FT;16:15-16:30;4.99
S25;9;FT;16:30-16:45;8.659
S25;9;FT;16:45-17:00;6.112
S25;9;FT;17:00-17:15;6.065
S25;9;FT;17:15-17:30;7.108
S25;9;FT;17:30-17:45;6.716
S25;9;FT;17:45-18:00;6.493
S25;9;FT;18:00-18:15;6.977
S25;9;FT;18:15-18:30;8.232
S25;9;FT;18:30-18:45;9.216
S25;9;FT;18:45-19:00;9.404
S25;9;FT;19:00-19:15;8.534
S25;9;FT;19:15-19:30;8.834
S25;9;FT;19:30-19:45;7.954
S25;9;FT;19:45-20:00;7.164
S25;9;FT;20:00-20:15;7.788
S25;9;FT;20:15-20:30;6.458
S25;9;FT;20:30-20:45;6.01
S25;9;FT;20:45-21:00;6.002
S25;9;FT;21:00-21:15;6.118
S25;9;FT;21:15-21:30;6.89
S25;9;FT;21:30-21:45;6.152
S25;9;FT;21:45-22:00;6.35
S25;9;FT;22:00-22:15;6.188
S25;9;FT;22:15-22:30;5.599
S25;9;FT;22:30-22:45;6.623
S25;9;FT;22:45-23:00;6.034
S25;9;FT;23:00-23:15;5.789
S25;9;FT;23:15-23:30;6.073
S25;9;FT;23:30-23:45;6.319
S25;9;FT;23:45-00:00;6.628
S25;9;WT;00:00-00:15;7.044
S25;9;WT;00:15-00:30;6.82
S25;9;WT;00:30-00:45;6.936
S25;9;WT;00:45-01:00;6.941
S25;9;WT;01:00-01:15;7.143
S25;9;WT;01:15-01:30;7.358
S25;9;WT;01:30-01:45;7.534
S25;9;WT;01:45-02:00;7.782
S25;9;WT;02:00-02:15;7.898
S25;9;WT;02:15-02:30;8.111
S25;9;WT;02:30-02:45;8.389
S25;9;WT;02:45-03:00;8.906
S25;9;WT;03:00-03:15;9.165
S25;9;WT;03:15-03:30;9.548
S25;9;WT;03:30-03:45;9.75
S25;9;WT;03:45-04:00;9.936
S25;9;WT;04:00-04:15;10.477
S25;9;WT;04:15-04:30;11.253
S25;9;WT;04:30-04:45;11.743
S25;9;WT;04:45-05:00;12.82
S25;9;WT;05:00-05:15;14.317
S25;9;WT;05:15-05:30;15.084
S25;9;WT;05:30-05:45;16.095
S25;9;WT;05:45-06:00;17.51
S25;9;WT;06:00-06:15;20.065
S25;9;WT;06:15-06:30;22.126
S25;9;WT;06:30-06:45;24.49
S25;9;WT;06:45-07:00;25.875
S25;9;WT;07:00-07:15;26.474
S25;9;WT;07:15-07:30;25.312
S25;9;WT;07:30-07:45;23.276
S25;9;WT;07:45-08:00;21.222
S25;9;WT;08:00-08:15;17.549
S25;9;WT;08:15-08:30;15.096
S25;9;WT;08:30-08:45;12.167
S25;9;WT;08:45-09:00;10.272
S25;9;WT;09:00-09:15;9.667
S25;9;WT;09:15-09:30;8.368
S25;9;WT;09:30-09:45;7.459
S25;9;WT;09:45-10:00;7.177
S25;9;WT;10:00-10:15;6.246
S25;9;WT;10:15-10:30;5.615
S25;9;WT;10:30-10:45;4.949
S25;9;WT;10:45-11:00;4.983
S25;9;WT;11:00-11:15;4.569
S25;9;WT;11:15-11:30;4.164
S25;9;WT;11:30-11:45;4.172
S25;9;WT;11:45-12:00;4.258
S25;9;WT;12:00-12:15;4.984
S25;9;WT;12:15-12:30;4.31
S25;9;WT;12:30-12:45;4.147
S25;9;WT;12:45-13:00;3.951
S25;9;WT;13:00-13:15;3.566
S25;9;WT;13:15-13:30;3.457
S25;9;WT;13:30-13:45;3.494
S25;9;WT;13:45-14:00;2.811
S25;9;WT;14:00-14:15;2.594
S25;9;WT;14:15-14:30;2.687
S25;9;WT;14:30-14:45;2.938
S25;9;WT;14:45-15:00;2.887
S25;9;WT;15:00-15:15;3.15
S25;9;WT;15:15-15:30;2.683
S25;9;WT;15:30-15:45;2.572
S25;9;WT;15:45-16:00;2.824
S25;9;WT;16:00-16:15;3.476
S25;9;WT;16:15-16:30;3.911
S25;9;WT;16:30-16:45;3.708
S25;9;WT;16:45-17:00;4.246
S25;9;WT;17:00-17:15;4.591
S25;9;WT;17:15-17:30;5.06
S25;9;WT;17:30-17:45;6.491
S25;9;WT;17:45-18:00;7.304
S25;9;WT;18:00-18:15;8.248
S25;9;WT;18:15-18:30;8.32
S25;9;WT;18:30-18:45;8.912
S25;9;WT;18:45-19:00;9.481
S25;9;WT;19:00-19:15;9.511
S25;9;WT;19:15-19:30;9.423
S25;9;WT;19:30-19:45;9.298
S25;9;WT;19:45-20:00;8.116
S25;9;WT;20:00-20:15;7.897
S25;9;WT;20:15-20:30;8.08
S25;9;WT;20:30-20:45;7.73
S25;9;WT;20:45-21:00;7.942
S25;9;WT;21:00-21:15;7.923
S25;9;WT;21:15-21:30;8.148
S25;9;WT;21:30-21:45;7.656
S25;9;WT;21:45-22:00;7.471
S25;9;WT;22:00-22:15;7.444
S25;9;WT;22:15-22:30;7.926
S25;9;WT;22:30-22:45;7.633
S25;9;WT;22:45-23:00;7.61
S25;9;WT;23:00-23:15;8.091
S25;9;WT;23:15-23:30;7.642
S25;9;WT;23:30-23:45;7.356
S25;9;WT;23:45-00:00;7.543
S25;10;SA;00:00-00:15;30.2
S25;10;SA;00:15-00:30;28.728
S25;10;SA;00:30-00:45;28.29
S25;10;SA;00:45-01:00;27.213
S25;10;SA;01:00-01:15;26.742
S25;10;SA;01:15-01:30;25.732
S25;10;SA;01:30-01:45;25.154
S25;10;SA;01:45-02:00;24.979
S25;10;SA;02:00-02:15;25.45
S25;10;SA;02:15-02:30;24.306
S25;10;SA;02:30-02:45;24.44
S25;10;SA;02:45-03:00;24.606
S25;10;SA;03:00-03:15;25.95
S25;10;SA;03:15-03:30;25.841
S25;10;SA;03:30-03:45;26.114
S25;10;SA;03:45-04:00;26.47
S25;10;SA;04:00-04:15;26.069
S25;10;SA;04:15-04:30;26.874
S25;10;SA;04:30-04:45;27.773
S25;10;SA;04:45-05:00;28.223
S25;10;SA;05:00-05:15;29.724
S25;10;SA;05:15-05:30;31.276
S25;10;SA;05:30-05:45;31.524
S25;10;SA;05:45-06:00;30.633
S25;10;SA;06:00-06:15;34.412
S25;10;SA;06:15-06:30;36.005
S25;10;SA;06:30-06:45;36.792
S25;10;SA;06:45-07:00;37.838
S25;10;SA;07:00-07:15;40.902
S25;10;SA;07:15-07:30;50.298
S25;10;SA;07:30-07:45;50.695
S25;10;SA;07:45-08:00;54.377
S25;10;SA;08:00-08:15;51.836
S25;10;SA;08:15-08:30;53.46
S25;10;SA;08:30-08:45;48.252
S25;10;SA;08:45-09:00;49.461
S25;10;SA;09:00-09:15;43.943
S25;10;SA;09:15-09:30;39.142
S25;10;SA;09:30-09:45;38.563
S25;10;SA;09:45-10:00;42.05
S25;10;SA;10:00-10:15;36.26
S25;10;SA;10:15-10:30;27.536
S25;10;SA;10:30-10:45;25.449
S25;10;SA;10:45-11:00;24.37
S25;10;SA;11:00-11:15;25.896
S25;10;SA;11:15-11:30;23.037
S25;10;SA;11:30-11:45;20.944
S25;10;SA;11:45-12:00;20.735
S25;10;SA;12:00-12:15;19.037
S25;10;SA;12:15-12:30;18.489
S25;10;SA;12:30-12:45;18.082
S25;10;SA;12:45-13:00;15.952
S25;10;SA;13:00-13:15;13.246
S25;10;SA;13:15-13:30;12.061
S25;10;SA;13:30-13:45;11.117
S25;10;SA;13:45-14:00;11.076
S25;10;SA;14:00-14:15;12.569
S25;10;SA;14:15-14:30;10.633
S25;10;SA;14:30-14:45;9.068
S25;10;SA;14:45-15:00;10.202
S25;10;SA;15:00-15:15;12.566
S25;10;SA;15:15-15:30;12.86
S25;10;SA;15:30-15:45;11.581
S25;10;SA;15:45-16:00;13.044
S25;10;SA;16:00-16:15;12.908
S25;10;SA;16:15-16:30;16.007
S25;10;SA;16:30-16:45;18.953
S25;10;SA;16:45-17:00;15.066
S25;10;SA;17:00-17:15;14.846
S25;10;SA;17:15-17:30;19.297
S25;10;SA;17:30-17:45;19.213
S25;10;SA;17:45-18:00;20.377
S25;10;SA;18:00-18:15;22.596
S25;10;SA;18:15-18:30;25.086
S25;10;SA;18:30-18:45;24.814
S25;10;SA;18:45-19:00;24.401
S25;10;SA;19:00-19:15;25.956
S25;10;SA;19:15-19:30;25.335
S25;10;SA;19:30-19:45;25.85
S25;10;SA;19:45-20:00;26.784
S25;10;SA;20:00-20:15;26.463
S25;10;SA;20:15-20:30;27.923
S25;10;SA;20:30-20:45;26.545
S25;10;SA;20:45-21:00;25.13
S25;10;SA;21:00-21:15;26.109
S25;10;SA;21:15-21:30;26.066
S25;10;SA;21:30-21:45;26.788
S25;10;SA;21:45-22:00;27.308
S25;10;SA;22:00-22:15;27.192
S25;10;SA;22:15-22:30;26.12
S25;10;SA;22:30-22:45;25.542
S25;10;SA;22:45-23:00;24.512
S25;10;SA;23:00-23:15;25.968
S25;10;SA;23:15-23:30;24.283
S25;10;SA;23:30-23:45;26.284
S25;10;SA;23:45-00:00;26.512
S25;10;FT;00:00-00:15;21.829
S25;10;FT;00:15-00:30;21.408
S25;10;FT;00:30-00:45;20.59
S25;10;FT;00:45-01:00;20.578
S25;10;FT;01:00-01:15;20.254
S25;10;FT;01:15-01:30;20.336
S25;10;FT;01:30-01:45;19.935
S25;10;FT;01:45-02:00;20.508
S25;10;FT;02:00-02:15;21.196
S25;10;FT;02:15-02:30;21.423
S25;10;FT;02:30-02:45;21.025
S25;10;FT;02:45-03:00;21.984
S25;10;FT;03:00-03:15;21.536
S25;10;FT;03:15-03:30;21.914
S25;10;FT;03:30-03:45;22.503
S25;10;FT;03:45-04:00;23.053
S25;10;FT;04:00-04:15;23.242
S25;10;FT;04:15-04:30;24.27
S25;10;FT;04:30-04:45;23.795
S25;10;FT;04:45-05:00;24.138
S25;10;FT;05:00-05:15;25.626
S25;10;FT;05:15-05:30;26.066
S25;10;FT;05:30-05:45;26.392
S25;10;FT;05:45-06:00;28.227
S25;10;FT;06:00-06:15;30.576
S25;10;FT;06:15-06:30;32.77
S25;10;FT;06:30-06:45;36.136
S25;10;FT;06:45-07:00;35.157
S25;10;FT;07:00-07:15;38.391
S25;10;FT;07:15-07:30;40.876
S25;10;FT;07:30-07:45;41.947
S25;10;FT;07:45-08:00;43.2
S25;10;FT;08:00-08:15;40.64
S25;10;FT;08:15-08:30;40.996
S25;10;FT;08:30-08:45;38.445
S25;10;FT;08:45-09:00;34.943
S25;10;FT;09:00-09:15;32.874
S25;10;FT;09:15-09:30;35.09
S25;10;FT;09:30-09:45;29.519
S25;10;FT;09:45-10:00;24.952
S25;10;FT;10:00-10:15;25.034
S25;10;FT;10:15-10:30;20.553
S25;10;FT;10:30-10:45;19.144
S25;10;FT;10:45-11:00;16.829
S25;10;FT;11:00-11:15;17.458
S25;10;FT;11:15-11:30;15.638
S25;10;FT;11:30-11:45;13.062
S25;10;FT;11:45-12:00;11.622
S25;10;FT;12:00-12:15;11.171
S25;10;FT;12:15-12:30;10.496
S25;10;FT;12:30-12:45;10.753
S25;10;FT;12:45-13:00;9.901
S25;10;FT;13:00-13:15;8.992
S25;10;FT;13:15-13:30;9.004
S25;10;FT;13:30-13:45;8.267
S25;10;FT;13:45-14:00;8.795
S25;10;FT;14:00-14:15;8.822
S25;10;FT;14:15-14:30;8.62
S25;10;FT;14:30-14:45;10.622
S25;10;FT;14:45-15:00;10.332
S25;10;FT;15:00-15:15;11.847
S25;10;FT;15:15-15:30;11.435
S25;10;FT;15:30-15:45;11.123
S25;10;FT;15:45-16:00;11.04
S25;10;FT;16:00-16:15;11.708
S25;10;FT;16:15-16:30;12.952
S25;10;FT;16:30-16:45;12.325
S25;10;FT;16:45-17:00;13.596
S25;10;FT;17:00-17:15;16.091
S25;10;FT;17:15-17:30;22.045
S25;10;FT;17:30-17:45;24.449
S25;10;FT;17:45-18:00;25.855
S25;10;FT;18:00-18:15;25.576
S25;10;FT;18:15-18:30;24.975
S25;10;FT;18:30-18:45;25.936
S25;10;FT;18:45-19:00;25.936
S25;10;FT;19:00-19:15;25.615
S25;10;FT;19:15-19:30;25.035
S25;10;FT;19:30-19:45;25.958
S25;10;FT;19:45-20:00;24.734
S25;10;FT;20:00-20:15;26.088
S25;10;FT;20:15-20:30;26.103
S25;10;FT;20:30-20:45;27.599
S25;10;FT;20:45-21:00;26.942
S25;10;FT;21:00-21:15;25.35
S25;10;FT;21:15-21:30;25.473
S25;10;FT;21:30-21:45;26.025
S25;10;FT;21:45-22:00;26.488
S25;10;FT;22:00-22:15;25.593
S25;10;FT;22:15-22:30;25.044
S25;10;FT;22:30-22:45;25.011
S25;10;FT;22:45-23:00;22.861
S25;10;FT;23:00-23:15;22.641
S25;10;FT;23:15-23:30;21.913
S25;10;FT;23:30-23:45;22.392
S25;10;FT;23:45-00:00;21.073
S25;10;WT;00:00-00:15;19.949
S25;10;WT;00:15-00:30;19.47
S25;10;WT;00:30-00:45;19.386
S25;10;WT;00:45-01:00;18.939
S25;10;WT;01:00-01:15;19.009
S25;10;WT;01:15-01:30;18.883
S25;10;WT;01:30-01:45;19.63
S25;10;WT;01:45-02:00;19.949
S25;10;WT;02:00-02:15;19.857
S25;10;WT;02:15-02:30;20.068
S25;10;WT;02:30-02:45;20.37
S25;10;WT;02:45-03:00;20.505
S25;10;WT;03:00-03:15;20.815
S25;10;WT;03:15-03:30;21.404
S25;10;WT;03:30-03:45;21.883
S25;10;WT;03:45-04:00;22.457
S25;10;WT;04:00-04:15;22.952
S25;10;WT;04:15-04:30;24.43
S25;10;WT;04:30-04:45;25.49
S25;10;WT;04:45-05:00;25.227
S25;10;WT;05:00-05:15;28.134
S25;10;WT;05:15-05:30;29.105
S25;10;WT;05:30-05:45;30.245
S25;10;WT;05:45-06:00;32.706
S25;10;WT;06:00-06:15;36.322
S25;10;WT;06:15-06:30;37.276
S25;10;WT;06:30-06:45;39.563
S25;10;WT;06:45-07:00;43.634
S25;10;WT;07:00-07:15;44.958
S25;10;WT;07:15-07:30;47.562
S25;10;WT;07:30-07:45;46.786
S25;10;WT;07:45-08:00;49.43
S25;10;WT;08:00-08:15;47.227
S25;10;WT;08:15-08:30;43.614
S25;10;WT;08:30-08:45;36.513
S25;10;WT;08:45-09:00;31.791
S25;10;WT;09:00-09:15;30.29
S25;10;WT;09:15-09:30;27.9
S25;10;WT;09:30-09:45;25.463
S25;10;WT;09:45-10:00;24.565
S25;10;WT;10:00-10:15;21.619
S25;10;WT;10:15-10:30;17.933
S25;10;WT;10:30-10:45;17.249
S25;10;WT;10:45-11:00;17.993
S25;10;WT;11:00-11:15;17.269
S25;10;WT;11:15-11:30;15.154
S25;10;WT;11:30-11:45;15.024
S25;10;WT;11:45-12:00;14.545
S25;10;WT;12:00-12:15;15.308
S25;10;WT;12:15-12:30;15.023
S25;10;WT;12:30-12:45;14.093
S25;10;WT;12:45-13:00;13.118
S25;10;WT;13:00-13:15;11.318
S25;10;WT;13:15-13:30;10.899
S25;10;WT;13:30-13:45;10.991
S25;10;WT;13:45-14:00;11.143
S25;10;WT;14:00-14:15;10.71
S25;10;WT;14:15-14:30;10.34
S25;10;WT;14:30-14:45;10.366
S25;10;WT;14:45-15:00;10.408
S25;10;WT;15:00-15:15;11.194
S25;10;WT;15:15-15:30;11.081
S25;10;WT;15:30-15:45;12.439
S25;10;WT;15:45-16:00;13.597
S25;10;WT;16:00-16:15;16.673
S25;10;WT;16:15-16:30;17.552
S25;10;WT;16:30-16:45;18.684
S25;10;WT;16:45-17:00;19.988
S25;10;WT;17:00-17:15;21.319
S25;10;WT;17:15-17:30;23.812
S25;10;WT;17:30-17:45;25.24
S25;10;WT;17:45-18:00;27.153
S25;10;WT;18:00-18:15;29.083
S25;10;WT;18:15-18:30;29.801
S25;10;WT;18:30-18:45;29.684
S25;10;WT;18:45-19:00;29.58
S25;10;WT;19:00-19:15;30.653
S25;10;WT;19:15-19:30;30.328
S25;10;WT;19:30-19:45;28.685
S25;10;WT;19:45-20:00;29.009
S25;10;WT;20:00-20:15;29.661
S25;10;WT;20:15-20:30;29.279
S25;10;WT;20:30-20:45;28.529
S25;10;WT;20:45-21:00;27.736
S25;10;WT;21:00-21:15;28.631
S25;10;WT;21:15-21:30;28.974
S25;10;WT;21:30-21:45;29.139
S25;10;WT;21:45-22:00;28.547
S25;10;WT;22:00-22:15;28.484
S25;10;WT;22:15-22:30;27.627
S25;10;WT;22:30-22:45;26.094
S25;10;WT;22:45-23:00;25.241
S25;10;WT;23:00-23:15;24.811
S25;10;WT;23:15-23:30;23.638
S25;10;WT;23:30-23:45;23.127
S25;10;WT;23:45-00:00;23.283
S25;11;SA;00:00-00:15;44.892
S25;11;SA;00:15-00:30;44.935
S25;11;SA;00:30-00:45;46.307
S25;11;SA;00:45-01:00;42.987
S25;11;SA;01:00-01:15;41.331
S25;11;SA;01:15-01:30;41.173
S25;11;SA;01:30-01:45;42.08
S25;11;SA;01:45-02:00;43.1
S25;11;SA;02:00-02:15;40.02
S25;11;SA;02:15-02:30;41.808
S25;11;SA;02:30-02:45;41.099
S25;11;SA;02:45-03:00;41.499
S25;11;SA;03:00-03:15;42.209
S25;11;SA;03:15-03:30;43.509
S25;11;SA;03:30-03:45;44.325
S25;11;SA;03:45-04:00;41.097
S25;11;SA;04:00-04:15;42.117
S25;11;SA;04:15-04:30;43.38
S25;11;SA;04:30-04:45;44.556
S25;11;SA;04:45-05:00;44.751
S25;11;SA;05:00-05:15;47.113
S25;11;SA;05:15-05:30;49.466
S25;11;SA;05:30-05:45;48.914
S25;11;SA;05:45-06:00;51.131
S25;11;SA;06:00-06:15;57.06
S25;11;SA;06:15-06:30;56.349
S25;11;SA;06:30-06:45;60.173
S25;11;SA;06:45-07:00;57.963
S25;11;SA;07:00-07:15;60.674
S25;11;SA;07:15-07:30;68.17
S25;11;SA;07:30-07:45;70.906
S25;11;SA;07:45-08:00;67.959
S25;11;SA;08:00-08:15;69.362
S25;11;SA;08:15-08:30;68.524
S25;11;SA;08:30-08:45;67.804
S25;11;SA;08:45-09:00;57.913
S25;11;SA;09:00-09:15;52.274
S25;11;SA;09:15-09:30;47.077
S25;11;SA;09:30-09:45;46.797
S25;11;SA;09:45-10:00;43.496
S25;11;SA;10:00-10:15;44.306
S25;11;SA;10:15-10:30;38.578
S25;11;SA;10:30-10:45;33.409
S25;11;SA;10:45-11:00;32.722
S25;11;SA;11:00-11:15;33.614
S25;11;SA;11:15-11:30;32.414
S25;11;SA;11:30-11:45;34.93
S25;11;SA;11:45-12:00;33.905
S25;11;SA;12:00-12:15;34.044
S25;11;SA;12:15-12:30;29.037
S25;11;SA;12:30-12:45;32.424
S25;11;SA;12:45-13:00;32.153
S25;11;SA;13:00-13:15;33.352
S25;11;SA;13:15-13:30;35.126
S25;11;SA;13:30-13:45;37.156
S25;11;SA;13:45-14:00;36.053
S25;11;SA;14:00-14:15;33.136
S25;11;SA;14:15-14:30;31.955
S25;11;SA;14:30-14:45;32.749
S25;11;SA;14:45-15:00;35.171
S25;11;SA;15:00-15:15;40.864
S25;11;SA;15:15-15:30;43.346
S25;11;SA;15:30-15:45;44.118
S25;11;SA;15:45-16:00;50.318
S25;11;SA;16:00-16:15;47.393
S25;11;SA;16:15-16:30;53.078
S25;11;SA;16:30-16:45;53.12
S25;11;SA;16:45-17:00;57.144
S25;11;SA;17:00-17:15;56.399
S25;11;SA;17:15-17:30;59.037
S25;11;SA;17:30-17:45;58.578
S25;11;SA;17:45-18:00;60.132
S25;11;SA;18:00-18:15;66.14
S25;11;SA;18:15-18:30;64.013
S25;11;SA;18:30-18:45;60.44
S25;11;SA;18:45-19:00;60
S25;11;SA;19:00-19:15;59.453
S25;11;SA;19:15-19:30;58.821
S25;11;SA;19:30-19:45;59.613
S25;11;SA;19:45-20:00;60.013
S25;11;SA;20:00-20:15;61.087
S25;11;SA;20:15-20:30;58.61
S25;11;SA;20:30-20:45;57.817
S25;11;SA;20:45-21:00;57.109
S25;11;SA;21:00-21:15;58.15
S25;11;SA;21:15-21:30;56.942
S25;11;SA;21:30-21:45;52.793
S25;11;SA;21:45-22:00;50.931
S25;11;SA;22:00-22:15;49.798
S25;11;SA;22:15-22:30;50.198
S25;11;SA;22:30-22:45;49.361
S25;11;SA;22:45-23:00;48.365
S25;11;SA;23:00-23:15;47.604
S25;11;SA;23:15-23:30;47.851
S25;11;SA;23:30-23:45;46.306
S25;11;SA;23:45-00:00;44.454
S25;11;FT;00:00-00:15;44.929
S25;11;FT;00:15-00:30;44.151
S25;11;FT;00:30-00:45;42.888
S25;11;FT;00:45-01:00;42.371
S25;11;FT;01:00-01:15;42.187
S25;11;FT;01:15-01:30;40.283
S25;11;FT;01:30-01:45;40.936
S25;11;FT;01:45-02:00;41.017
S25;11;FT;02:00-02:15;39.597
S25;11;FT;02:15-02:30;40.721
S25;11;FT;02:30-02:45;40.697
S25;11;FT;02:45-03:00;41.2
S25;11;FT;03:00-03:15;40.799
S25;11;FT;03:15-03:30;42.187
S25;11;FT;03:30-03:45;41.517
S25;11;FT;03:45-04:00;41.663
S25;11;FT;04:00-04:15;42.564
S25;11;FT;04:15-04:30;42.189
S25;11;FT;04:30-04:45;44.341
S25;11;FT;04:45-05:00;43.979
S25;11;FT;05:00-05:15;45.414
S25;11;FT;05:15-05:30;47.539
S25;11;FT;05:30-05:45;47.511
S25;11;FT;05:45-06:00;51.149
S25;11;FT;06:00-06:15;55.683
S25;11;FT;06:15-06:30;56.125
S25;11;FT;06:30-06:45;62.05
S25;11;FT;06:45-07:00;60.953
S25;11;FT;07:00-07:15;59.791
S25;11;FT;07:15-07:30;62.985
S25;11;FT;07:30-07:45;68.368
S25;11;FT;07:45-08:00;70.018
S25;11;FT;08:00-08:15;66.057
S25;11;FT;08:15-08:30;63.098
S25;11;FT;08:30-08:45;57.682
S25;11;FT;08:45-09:00;53.77
S25;11;FT;09:00-09:15;50.323
S25;11;FT;09:15-09:30;40.532
S25;11;FT;09:30-09:45;38.889
S25;11;FT;09:45-10:00;39.986
S25;11;FT;10:00-10:15;42.046
S25;11;FT;10:15-10:30;45.972
S25;11;FT;10:30-10:45;44.535
S25;11;FT;10:45-11:00;42.836
S25;11;FT;11:00-11:15;38.354
S25;11;FT;11:15-11:30;41.379
S25;11;FT;11:30-11:45;38.219
S25;11;FT;11:45-12:00;33.949
S25;11;FT;12:00-12:15;28.326
S25;11;FT;12:15-12:30;26.062
S25;11;FT;12:30-12:45;23.369
S25;11;FT;12:45-13:00;21.646
S25;11;FT;13:00-13:15;22.041
S25;11;FT;13:15-13:30;22.163
S25;11;FT;13:30-13:45;25.66
S25;11;FT;13:45-14:00;24.765
S25;11;FT;14:00-14:15;26.13
S25;11;FT;14:15-14:30;26.737
S25;11;FT;14:30-14:45;25.285
S25;11;FT;14:45-15:00;28.13
S25;11;FT;15:00-15:15;31.338
S25;11;FT;15:15-15:30;30.448
S25;11;FT;15:30-15:45;31.237
S25;11;FT;15:45-16:00;34.94
S25;11;FT;16:00-16:15;38.091
S25;11;FT;16:15-16:30;41.262
S25;11;FT;16:30-16:45;47.274
S25;11;FT;16:45-17:00;48.774
S25;11;FT;17:00-17:15;49.686
S25;11;FT;17:15-17:30;52.668
S25;11;FT;17:30-17:45;54.329
S25;11;FT;17:45-18:00;56.078
S25;11;FT;18:00-18:15;56.475
S25;11;FT;18:15-18:30;57.374
S25;11;FT;18:30-18:45;57.649
S25;11;FT;18:45-19:00;57.312
S25;11;FT;19:00-19:15;57.937
S25;11;FT;19:15-19:30;57.733
S25;11;FT;19:30-19:45;58.788
S25;11;FT;19:45-20:00;59.113
S25;11;FT;20:00-20:15;55.856
S25;11;FT;20:15-20:30;56.591
S25;11;FT;20:30-20:45;53.903
S25;11;FT;20:45-21:00;53.603
S25;11;FT;21:00-21:15;53.074
S25;11;FT;21:15-21:30;52.408
S25;11;FT;21:30-21:45;51.504
S25;11;FT;21:45-22:00;53.231
S25;11;FT;22:00-22:15;50.454
S25;11;FT;22:15-22:30;51.824
S25;11;FT;22:30-22:45;52.211
S25;11;FT;22:45-23:00;49.612
S25;11;FT;23:00-23:15;45.868
S25;11;FT;23:15-23:30;45.269
S25;11;FT;23:30-23:45;41.204
S25;11;FT;23:45-00:00;40.885
S25;11;WT;00:00-00:15;42.465
S25;11;WT;00:15-00:30;42.131
S25;11;WT;00:30-00:45;41.493
S25;11;WT;00:45-01:00;39.801
S25;11;WT;01:00-01:15;41.048
S25;11;WT;01:15-01:30;40.561
S25;11;WT;01:30-01:45;40.216
S25;11;WT;01:45-02:00;39.441
S25;11;WT;02:00-02:15;39.326
S25;11;WT;02:15-02:30;39.739
S25;11;WT;02:30-02:45;39.377
S25;11;WT;02:45-03:00;39.945
S25;11;WT;03:00-03:15;41.093
S25;11;WT;03:15-03:30;41.084
S25;11;WT;03:30-03:45;42.687
S25;11;WT;03:45-04:00;41.337
S25;11;WT;04:00-04:15;42.832
S25;11;WT;04:15-04:30;44.014
S25;11;WT;04:30-04:45;44.156
S25;11;WT;04:45-05:00;46.261
S25;11;WT;05:00-05:15;48.917
S25;11;WT;05:15-05:30;50.043
S25;11;WT;05:30-05:45;54.176
S25;11;WT;05:45-06:00;52.689
S25;11;WT;06:00-06:15;59.526
S25;11;WT;06:15-06:30;62.388
S25;11;WT;06:30-06:45;64.42
S25;11;WT;06:45-07:00;65.505
S25;11;WT;07:00-07:15;66.719
S25;11;WT;07:15-07:30;68.122
S25;11;WT;07:30-07:45;65.888
S25;11;WT;07:45-08:00;64.752
S25;11;WT;08:00-08:15;60.719
S25;11;WT;08:15-08:30;59.582
S25;11;WT;08:30-08:45;52.961
S25;11;WT;08:45-09:00;50.015
S25;11;WT;09:00-09:15;50.527
S25;11;WT;09:15-09:30;44.858
S25;11;WT;09:30-09:45;40.776
S25;11;WT;09:45-10:00;38.879
S25;11;WT;10:00-10:15;37.869
S25;11;WT;10:15-10:30;33.238
S25;11;WT;10:30-10:45;32.526
S25;11;WT;10:45-11:00;30.902
S25;11;WT;11:00-11:15;29.713
S25;11;WT;11:15-11:30;30.563
S25;11;WT;11:30-11:45;30.546
S25;11;WT;11:45-12:00;28.8
S25;11;WT;12:00-12:15;30.399
S25;11;WT;12:15-12:30;29.893
S25;11;WT;12:30-12:45;30.545
S25;11;WT;12:45-13:00;30.567
S25;11;WT;13:00-13:15;28.941
S25;11;WT;13:15-13:30;28.076
S25;11;WT;13:30-13:45;26.98
S25;11;WT;13:45-14:00;26.943
S25;11;WT;14:00-14:15;30.619
S25;11;WT;14:15-14:30;31.484
S25;11;WT;14:30-14:45;31.604
S25;11;WT;14:45-15:00;34.394
S25;11;WT;15:00-15:15;37.518
S25;11;WT;15:15-15:30;40.676
S25;11;WT;15:30-15:45;44.189
S25;11;WT;15:45-16:00;46.432
S25;11;WT;16:00-16:15;48.924
S25;11;WT;16:15-16:30;52.63
S25;11;WT;16:30-16:45;54.736
S25;11;WT;16:45-17:00;55.57
S25;11;WT;17:00-17:15;58.52
S25;11;WT;17:15-17:30;61.35
S25;11;WT;17:30-17:45;63.299
S25;11;WT;17:45-18:00;66.188
S25;11;WT;18:00-18:15;67.259
S25;11;WT;18:15-18:30;68.094
S25;11;WT;18:30-18:45;67.089
S25;11;WT;18:45-19:00;66.173
S25;11;WT;19:00-19:15;67.116
S25;11;WT;19:15-19:30;64.836
S25;11;WT;19:30-19:45;64.24
S25;11;WT;19:45-20:00;65.165
S25;11;WT;20:00-20:15;67.036
S25;11;WT;20:15-20:30;65.439
S25;11;WT;20:30-20:45;64.727
S25;11;WT;20:45-21:00;64.342
S25;11;WT;21:00-21:15;62.13
S25;11;WT;21:15-21:30;60.132
S25;11;WT;21:30-21:45;59.796
S25;11;WT;21:45-22:00;58.605
S25;11;WT;22:00-22:15;55.054
S25;11;WT;22:15-22:30;53.488
S25;11;WT;22:30-22:45;51.586
S25;11;WT;22:45-23:00;50.586
S25;11;WT;23:00-23:15;49.617
S25;11;WT;23:15-23:30;47.1
S25;11;WT;23:30-23:45;45.358
S25;11;WT;23:45-00:00;44.814
S25;12;SA;00:00-00:15;57.597
S25;12;SA;00:15-00:30;56.409
S25;12;SA;00:30-00:45;57.344
S25;12;SA;00:45-01:00;55.743
S25;12;SA;01:00-01:15;54.432
S25;12;SA;01:15-01:30;53.368
S25;12;SA;01:30-01:45;55.35
S25;12;SA;01:45-02:00;52.679
S25;12;SA;02:00-02:15;50.866
S25;12;SA;02:15-02:30;52.514
S25;12;SA;02:30-02:45;51.898
S25;12;SA;02:45-03:00;51.223
S25;12;SA;03:00-03:15;51.024
S25;12;SA;03:15-03:30;52.778
S25;12;SA;03:30-03:45;50.023
S25;12;SA;03:45-04:00;49.277
S25;12;SA;04:00-04:15;51.964
S25;12;SA;04:15-04:30;50.994
S25;12;SA;04:30-04:45;50.404
S25;12;SA;04:45-05:00;49.062
S25;12;SA;05:00-05:15;52.356
S25;12;SA;05:15-05:30;56.786
S25;12;SA;05:30-05:45;58.145
S25;12;SA;05:45-06:00;54.859
S25;12;SA;06:00-06:15;61.426
S25;12;SA;06:15-06:30;62.856
S25;12;SA;06:30-06:45;62.499
S25;12;SA;06:45-07:00;64.589
S25;12;SA;07:00-07:15;65.905
S25;12;SA;07:15-07:30;69.907
S25;12;SA;07:30-07:45;72.8
S25;12;SA;07:45-08:00;80.746
S25;12;SA;08:00-08:15;83.143
S25;12;SA;08:15-08:30;85.425
S25;12;SA;08:30-08:45;86.084
S25;12;SA;08:45-09:00;87.062
S25;12;SA;09:00-09:15;80.339
S25;12;SA;09:15-09:30;80.282
S25;12;SA;09:30-09:45;77.953
S25;12;SA;09:45-10:00;76.884
S25;12;SA;10:00-10:15;70.588
S25;12;SA;10:15-10:30;66.778
S25;12;SA;10:30-10:45;65.832
S25;12;SA;10:45-11:00;55.189
S25;12;SA;11:00-11:15;60.45
S25;12;SA;11:15-11:30;65.088
S25;12;SA;11:30-11:45;65.669
S25;12;SA;11:45-12:00;61.994
S25;12;SA;12:00-12:15;59.028
S25;12;SA;12:15-12:30;60.477
S25;12;SA;12:30-12:45;61.898
S25;12;SA;12:45-13:00;57.508
S25;12;SA;13:00-13:15;59.122
S25;12;SA;13:15-13:30;58.965
S25;12;SA;13:30-13:45;58.581
S25;12;SA;13:45-14:00;59.685
S25;12;SA;14:00-14:15;64.592
S25;12;SA;14:15-14:30;67.608
S25;12;SA;14:30-14:45;68.05
S25;12;SA;14:45-15:00;70.055
S25;12;SA;15:00-15:15;72.296
S25;12;SA;15:15-15:30;75.305
S25;12;SA;15:30-15:45;82.293
S25;12;SA;15:45-16:00;84.785
S25;12;SA;16:00-16:15;89.84
S25;12;SA;16:15-16:30;92.819
S25;12;SA;16:30-16:45;95.438
S25;12;SA;16:45-17:00;95.898
S25;12;SA;17:00-17:15;97.212
S25;12;SA;17:15-17:30;100.497
S25;12;SA;17:30-17:45;104.71
S25;12;SA;17:45-18:00;105.787
S25;12;SA;18:00-18:15;102.836
S25;12;SA;18:15-18:30;97.414
S25;12;SA;18:30-18:45;94.338
S25;12;SA;18:45-19:00;96
S25;12;SA;19:00-19:15;96.878
S25;12;SA;19:15-19:30;89.658
S25;12;SA;19:30-19:45;91.506
S25;12;SA;19:45-20:00;91.1
S25;12;SA;20:00-20:15;91.478
S25;12;SA;20:15-20:30;92.279
S25;12;SA;20:30-20:45;87.823
S25;12;SA;20:45-21:00;83.835
S25;12;SA;21:00-21:15;83.27
S25;12;SA;21:15-21:30;80.956
S25;12;SA;21:30-21:45;76.576
S25;12;SA;21:45-22:00;77.709
S25;12;SA;22:00-22:15;72.921
S25;12;SA;22:15-22:30;72.526
S25;12;SA;22:30-22:45;69.57
S25;12;SA;22:45-23:00;67.163
S25;12;SA;23:00-23:15;65.102
S25;12;SA;23:15-23:30;60.793
S25;12;SA;23:30-23:45;58.269
S25;12;SA;23:45-00:00;59.398
S25;12;FT;00:00-00:15;58.572
S25;12;FT;00:15-00:30;58.127
S25;12;FT;00:30-00:45;57.912
S25;12;FT;00:45-01:00;56.608
S25;12;FT;01:00-01:15;54.682
S25;12;FT;01:15-01:30;53.79
S25;12;FT;01:30-01:45;52.977
S25;12;FT;01:45-02:00;51.56
S25;12;FT;02:00-02:15;51.165
S25;12;FT;02:15-02:30;51.2
S25;12;FT;02:30-02:45;50.425
S25;12;FT;02:45-03:00;49.543
S25;12;FT;03:00-03:15;53.606
S25;12;FT;03:15-03:30;51.092
S25;12;FT;03:30-03:45;48.625
S25;12;FT;03:45-04:00;48.997
S25;12;FT;04:00-04:15;49.272
S25;12;FT;04:15-04:30;50.68
S25;12;FT;04:30-04:45;50.244
S25;12;FT;04:45-05:00;51.507
S25;12;FT;05:00-05:15;53.393
S25;12;FT;05:15-05:30;55.222
S25;12;FT;05:30-05:45;55.738
S25;12;FT;05:45-06:00;54.758
S25;12;FT;06:00-06:15;58.022
S25;12;FT;06:15-06:30;61.283
S25;12;FT;06:30-06:45;66.089
S25;12;FT;06:45-07:00;64.687
S25;12;FT;07:00-07:15;65.916
S25;12;FT;07:15-07:30;65.94
S25;12;FT;07:30-07:45;69.205
S25;12;FT;07:45-08:00;77.081
S25;12;FT;08:00-08:15;80.975
S25;12;FT;08:15-08:30;84.751
S25;12;FT;08:30-08:45;84.657
S25;12;FT;08:45-09:00;82.854
S25;12;FT;09:00-09:15;83.027
S25;12;FT;09:15-09:30;79.261
S25;12;FT;09:30-09:45;85.136
S25;12;FT;09:45-10:00;81.266
S25;12;FT;10:00-10:15;76.388
S25;12;FT;10:15-10:30;76.648
S25;12;FT;10:30-10:45;76.1
S25;12;FT;10:45-11:00;80.849
S25;12;FT;11:00-11:15;80.632
S25;12;FT;11:15-11:30;81.79
S25;12;FT;11:30-11:45;77.732
S25;12;FT;11:45-12:00;74.535
S25;12;FT;12:00-12:15;74.499
S25;12;FT;12:15-12:30;74.973
S25;12;FT;12:30-12:45;70.425
S25;12;FT;12:45-13:00;67.258
S25;12;FT;13:00-13:15;63.975
S25;12;FT;13:15-13:30;62.655
S25;12;FT;13:30-13:45;63.149
S25;12;FT;13:45-14:00;61.351
S25;12;FT;14:00-14:15;58.79
S25;12;FT;14:15-14:30;59.85
S25;12;FT;14:30-14:45;62.164
S25;12;FT;14:45-15:00;64.511
S25;12;FT;15:00-15:15;70.775
S25;12;FT;15:15-15:30;68.913
S25;12;FT;15:30-15:45;73.001
S25;12;FT;15:45-16:00;75.287
S25;12;FT;16:00-16:15;79.299
S25;12;FT;16:15-16:30;80.895
S25;12;FT;16:30-16:45;84.464
S25;12;FT;16:45-17:00;84.933
S25;12;FT;17:00-17:15;89.776
S25;12;FT;17:15-17:30;95.268
S25;12;FT;17:30-17:45;97.859
S25;12;FT;17:45-18:00;99.481
S25;12;FT;18:00-18:15;98.631
S25;12;FT;18:15-18:30;102.307
S25;12;FT;18:30-18:45;102.271
S25;12;FT;18:45-19:00;98.838
S25;12;FT;19:00-19:15;93.644
S25;12;FT;19:15-19:30;92.674
S25;12;FT;19:30-19:45;90.243
S25;12;FT;19:45-20:00;87.257
S25;12;FT;20:00-20:15;87.804
S25;12;FT;20:15-20:30;82.748
S25;12;FT;20:30-20:45;80.893
S25;12;FT;20:45-21:00;80.263
S25;12;FT;21:00-21:15;79.623
S25;12;FT;21:15-21:30;75.201
S25;12;FT;21:30-21:45;73.638
S25;12;FT;21:45-22:00;75.955
S25;12;FT;22:00-22:15;70.085
S25;12;FT;22:15-22:30;67.085
S25;12;FT;22:30-22:45;66.991
S25;12;FT;22:45-23:00;64.88
S25;12;FT;23:00-23:15;61.818
S25;12;FT;23:15-23:30;61.101
S25;12;FT;23:30-23:45;58.331
S25;12;FT;23:45-00:00;57.183
S25;12;WT;00:00-00:15;58.39
S25;12;WT;00:15-00:30;58.247
S25;12;WT;00:30-00:45;56.364
S25;12;WT;00:45-01:00;54.358
S25;12;WT;01:00-01:15;53.864
S25;12;WT;01:15-01:30;53.317
S25;12;WT;01:30-01:45;52.084
S25;12;WT;01:45-02:00;51.944
S25;12;WT;02:00-02:15;51.015
S25;12;WT;02:15-02:30;51.121
S25;12;WT;02:30-02:45;50.635
S25;12;WT;02:45-03:00;51.142
S25;12;WT;03:00-03:15;51.5
S25;12;WT;03:15-03:30;52.591
S25;12;WT;03:30-03:45;51.484
S25;12;WT;03:45-04:00;51.922
S25;12;WT;04:00-04:15;53.611
S25;12;WT;04:15-04:30;56.313
S25;12;WT;04:30-04:45;54.373
S25;12;WT;04:45-05:00;56.262
S25;12;WT;05:00-05:15;58.301
S25;12;WT;05:15-05:30;59.61
S25;12;WT;05:30-05:45;63.254
S25;12;WT;05:45-06:00;63.814
S25;12;WT;06:00-06:15;66.261
S25;12;WT;06:15-06:30;72.784
S25;12;WT;06:30-06:45;75.387
S25;12;WT;06:45-07:00;76.247
S25;12;WT;07:00-07:15;76.571
S25;12;WT;07:15-07:30;79.615
S25;12;WT;07:30-07:45;77.955
S25;12;WT;07:45-08:00;82.898
S25;12;WT;08:00-08:15;82.088
S25;12;WT;08:15-08:30;80.722
S25;12;WT;08:30-08:45;79.5
S25;12;WT;08:45-09:00;75.283
S25;12;WT;09:00-09:15;74.977
S25;12;WT;09:15-09:30;69.389
S25;12;WT;09:30-09:45;67.148
S25;12;WT;09:45-10:00;65.967
S25;12;WT;10:00-10:15;63.822
S25;12;WT;10:15-10:30;61.16
S25;12;WT;10:30-10:45;58.99
S25;12;WT;10:45-11:00;56.216
S25;12;WT;11:00-11:15;53.758
S25;12;WT;11:15-11:30;55.853
S25;12;WT;11:30-11:45;52.417
S25;12;WT;11:45-12:00;50.615
S25;12;WT;12:00-12:15;50.681
S25;12;WT;12:15-12:30;51.448
S25;12;WT;12:30-12:45;49.252
S25;12;WT;12:45-13:00;47.848
S25;12;WT;13:00-13:15;50.572
S25;12;WT;13:15-13:30;49.087
S25;12;WT;13:30-13:45;49.297
S25;12;WT;13:45-14:00;51.577
S25;12;WT;14:00-14:15;53.439
S25;12;WT;14:15-14:30;55.369
S25;12;WT;14:30-14:45;56.49
S25;12;WT;14:45-15:00;57.48
S25;12;WT;15:00-15:15;62.315
S25;12;WT;15:15-15:30;65.38
S25;12;WT;15:30-15:45;67.813
S25;12;WT;15:45-16:00;72.959
S25;12;WT;16:00-16:15;78.745
S25;12;WT;16:15-16:30;81.444
S25;12;WT;16:30-16:45;84.841
S25;12;WT;16:45-17:00;84.35
S25;12;WT;17:00-17:15;88.66
S25;12;WT;17:15-17:30;89.932
S25;12;WT;17:30-17:45;92.999
S25;12;WT;17:45-18:00;91.443
S25;12;WT;18:00-18:15;91.576
S25;12;WT;18:15-18:30;93.699
S25;12;WT;18:30-18:45;89.665
S25;12;WT;18:45-19:00;87.972
S25;12;WT;19:00-19:15;89.919
S25;12;WT;19:15-19:30;89.768
S25;12;WT;19:30-19:45;87.646
S25;12;WT;19:45-20:00;86.282
S25;12;WT;20:00-20:15;89.379
S25;12;WT;20:15-20:30;86.871
S25;12;WT;20:30-20:45;87.383
S25;12;WT;20:45-21:00;85.098
S25;12;WT;21:00-21:15;80.85
S25;12;WT;21:15-21:30;78.852
S25;12;WT;21:30-21:45;77.59
S25;12;WT;21:45-22:00;77.469
S25;12;WT;22:00-22:15;73.571
S25;12;WT;22:15-22:30;69.917
S25;12;WT;22:30-22:45;68.682
S25;12;WT;22:45-23:00;66.995
S25;12;WT;23:00-23:15;63.011
S25;12;WT;23:15-23:30;60.479
S25;12;WT;23:30-23:45;59.112
S25;12;WT;23:45-00:00;59.141
